--
-- PostgreSQL database dump
--

-- Dumped from database version 15.3 (Debian 15.3-1.pgdg110+1)
-- Dumped by pg_dump version 15.3 (Debian 15.3-1.pgdg110+1)

SET statement_timeout = 0;
SET lock_timeout = 0;
SET idle_in_transaction_session_timeout = 0;
SET client_encoding = 'UTF8';
SET standard_conforming_strings = on;
SELECT pg_catalog.set_config('search_path', '', false);
SET check_function_bodies = false;
SET xmloption = content;
SET client_min_messages = warning;
SET row_security = off;

SET default_tablespace = '';

SET default_table_access_method = heap;

--
-- Name: auth_group; Type: TABLE; Schema: public; Owner: pavshop_user
--

CREATE TABLE public.auth_group (
    id integer NOT NULL,
    name character varying(150) NOT NULL
);


ALTER TABLE public.auth_group OWNER TO pavshop_user;

--
-- Name: auth_group_id_seq; Type: SEQUENCE; Schema: public; Owner: pavshop_user
--

ALTER TABLE public.auth_group ALTER COLUMN id ADD GENERATED BY DEFAULT AS IDENTITY (
    SEQUENCE NAME public.auth_group_id_seq
    START WITH 1
    INCREMENT BY 1
    NO MINVALUE
    NO MAXVALUE
    CACHE 1
);


--
-- Name: auth_group_permissions; Type: TABLE; Schema: public; Owner: pavshop_user
--

CREATE TABLE public.auth_group_permissions (
    id bigint NOT NULL,
    group_id integer NOT NULL,
    permission_id integer NOT NULL
);


ALTER TABLE public.auth_group_permissions OWNER TO pavshop_user;

--
-- Name: auth_group_permissions_id_seq; Type: SEQUENCE; Schema: public; Owner: pavshop_user
--

ALTER TABLE public.auth_group_permissions ALTER COLUMN id ADD GENERATED BY DEFAULT AS IDENTITY (
    SEQUENCE NAME public.auth_group_permissions_id_seq
    START WITH 1
    INCREMENT BY 1
    NO MINVALUE
    NO MAXVALUE
    CACHE 1
);


--
-- Name: auth_permission; Type: TABLE; Schema: public; Owner: pavshop_user
--

CREATE TABLE public.auth_permission (
    id integer NOT NULL,
    name character varying(255) NOT NULL,
    content_type_id integer NOT NULL,
    codename character varying(100) NOT NULL
);


ALTER TABLE public.auth_permission OWNER TO pavshop_user;

--
-- Name: auth_permission_id_seq; Type: SEQUENCE; Schema: public; Owner: pavshop_user
--

ALTER TABLE public.auth_permission ALTER COLUMN id ADD GENERATED BY DEFAULT AS IDENTITY (
    SEQUENCE NAME public.auth_permission_id_seq
    START WITH 1
    INCREMENT BY 1
    NO MINVALUE
    NO MAXVALUE
    CACHE 1
);


--
-- Name: authentication_user; Type: TABLE; Schema: public; Owner: pavshop_user
--

CREATE TABLE public.authentication_user (
    id bigint NOT NULL,
    password character varying(128) NOT NULL,
    last_login timestamp with time zone,
    is_superuser boolean NOT NULL,
    username character varying(150) NOT NULL,
    first_name character varying(150) NOT NULL,
    last_name character varying(150) NOT NULL,
    email character varying(254) NOT NULL,
    is_staff boolean NOT NULL,
    is_active boolean NOT NULL,
    date_joined timestamp with time zone NOT NULL,
    bio text,
    image character varying(100),
    major character varying(255),
    gender integer,
    ips inet[]
);


ALTER TABLE public.authentication_user OWNER TO pavshop_user;

--
-- Name: authentication_user_groups; Type: TABLE; Schema: public; Owner: pavshop_user
--

CREATE TABLE public.authentication_user_groups (
    id bigint NOT NULL,
    user_id bigint NOT NULL,
    group_id integer NOT NULL
);


ALTER TABLE public.authentication_user_groups OWNER TO pavshop_user;

--
-- Name: authentication_user_groups_id_seq; Type: SEQUENCE; Schema: public; Owner: pavshop_user
--

ALTER TABLE public.authentication_user_groups ALTER COLUMN id ADD GENERATED BY DEFAULT AS IDENTITY (
    SEQUENCE NAME public.authentication_user_groups_id_seq
    START WITH 1
    INCREMENT BY 1
    NO MINVALUE
    NO MAXVALUE
    CACHE 1
);


--
-- Name: authentication_user_id_seq; Type: SEQUENCE; Schema: public; Owner: pavshop_user
--

ALTER TABLE public.authentication_user ALTER COLUMN id ADD GENERATED BY DEFAULT AS IDENTITY (
    SEQUENCE NAME public.authentication_user_id_seq
    START WITH 1
    INCREMENT BY 1
    NO MINVALUE
    NO MAXVALUE
    CACHE 1
);


--
-- Name: authentication_user_user_permissions; Type: TABLE; Schema: public; Owner: pavshop_user
--

CREATE TABLE public.authentication_user_user_permissions (
    id bigint NOT NULL,
    user_id bigint NOT NULL,
    permission_id integer NOT NULL
);


ALTER TABLE public.authentication_user_user_permissions OWNER TO pavshop_user;

--
-- Name: authentication_user_user_permissions_id_seq; Type: SEQUENCE; Schema: public; Owner: pavshop_user
--

ALTER TABLE public.authentication_user_user_permissions ALTER COLUMN id ADD GENERATED BY DEFAULT AS IDENTITY (
    SEQUENCE NAME public.authentication_user_user_permissions_id_seq
    START WITH 1
    INCREMENT BY 1
    NO MINVALUE
    NO MAXVALUE
    CACHE 1
);


--
-- Name: base_blockedips; Type: TABLE; Schema: public; Owner: pavshop_user
--

CREATE TABLE public.base_blockedips (
    id bigint NOT NULL,
    ip_address inet NOT NULL
);


ALTER TABLE public.base_blockedips OWNER TO pavshop_user;

--
-- Name: base_blockedips_id_seq; Type: SEQUENCE; Schema: public; Owner: pavshop_user
--

ALTER TABLE public.base_blockedips ALTER COLUMN id ADD GENERATED BY DEFAULT AS IDENTITY (
    SEQUENCE NAME public.base_blockedips_id_seq
    START WITH 1
    INCREMENT BY 1
    NO MINVALUE
    NO MAXVALUE
    CACHE 1
);


--
-- Name: base_contact; Type: TABLE; Schema: public; Owner: pavshop_user
--

CREATE TABLE public.base_contact (
    id bigint NOT NULL,
    created_at timestamp with time zone NOT NULL,
    updated_at timestamp with time zone NOT NULL,
    full_name character varying(255) NOT NULL,
    email character varying(254) NOT NULL,
    phone character varying(128) NOT NULL,
    subject character varying(100) NOT NULL,
    message text NOT NULL
);


ALTER TABLE public.base_contact OWNER TO pavshop_user;

--
-- Name: base_contact_id_seq; Type: SEQUENCE; Schema: public; Owner: pavshop_user
--

ALTER TABLE public.base_contact ALTER COLUMN id ADD GENERATED BY DEFAULT AS IDENTITY (
    SEQUENCE NAME public.base_contact_id_seq
    START WITH 1
    INCREMENT BY 1
    NO MINVALUE
    NO MAXVALUE
    CACHE 1
);


--
-- Name: base_newsletter; Type: TABLE; Schema: public; Owner: pavshop_user
--

CREATE TABLE public.base_newsletter (
    id bigint NOT NULL,
    created_at timestamp with time zone NOT NULL,
    updated_at timestamp with time zone NOT NULL,
    email character varying(255) NOT NULL,
    is_active boolean NOT NULL
);


ALTER TABLE public.base_newsletter OWNER TO pavshop_user;

--
-- Name: base_newsletter_id_seq; Type: SEQUENCE; Schema: public; Owner: pavshop_user
--

ALTER TABLE public.base_newsletter ALTER COLUMN id ADD GENERATED BY DEFAULT AS IDENTITY (
    SEQUENCE NAME public.base_newsletter_id_seq
    START WITH 1
    INCREMENT BY 1
    NO MINVALUE
    NO MAXVALUE
    CACHE 1
);


--
-- Name: base_sponsor; Type: TABLE; Schema: public; Owner: pavshop_user
--

CREATE TABLE public.base_sponsor (
    id bigint NOT NULL,
    created_at timestamp with time zone NOT NULL,
    updated_at timestamp with time zone NOT NULL,
    image character varying(100) NOT NULL
);


ALTER TABLE public.base_sponsor OWNER TO pavshop_user;

--
-- Name: base_sponsor_id_seq; Type: SEQUENCE; Schema: public; Owner: pavshop_user
--

ALTER TABLE public.base_sponsor ALTER COLUMN id ADD GENERATED BY DEFAULT AS IDENTITY (
    SEQUENCE NAME public.base_sponsor_id_seq
    START WITH 1
    INCREMENT BY 1
    NO MINVALUE
    NO MAXVALUE
    CACHE 1
);


--
-- Name: base_team; Type: TABLE; Schema: public; Owner: pavshop_user
--

CREATE TABLE public.base_team (
    id bigint NOT NULL,
    created_at timestamp with time zone NOT NULL,
    updated_at timestamp with time zone NOT NULL,
    image character varying(100),
    full_name character varying(255),
    major character varying(255)
);


ALTER TABLE public.base_team OWNER TO pavshop_user;

--
-- Name: base_team_id_seq; Type: SEQUENCE; Schema: public; Owner: pavshop_user
--

ALTER TABLE public.base_team ALTER COLUMN id ADD GENERATED BY DEFAULT AS IDENTITY (
    SEQUENCE NAME public.base_team_id_seq
    START WITH 1
    INCREMENT BY 1
    NO MINVALUE
    NO MAXVALUE
    CACHE 1
);


--
-- Name: blogs_category; Type: TABLE; Schema: public; Owner: pavshop_user
--

CREATE TABLE public.blogs_category (
    id bigint NOT NULL,
    created_at timestamp with time zone NOT NULL,
    updated_at timestamp with time zone NOT NULL,
    name character varying(150) NOT NULL,
    slug character varying(255),
    name_az character varying(150),
    name_en character varying(150),
    name_ru character varying(150)
);


ALTER TABLE public.blogs_category OWNER TO pavshop_user;

--
-- Name: blogs_category_id_seq; Type: SEQUENCE; Schema: public; Owner: pavshop_user
--

ALTER TABLE public.blogs_category ALTER COLUMN id ADD GENERATED BY DEFAULT AS IDENTITY (
    SEQUENCE NAME public.blogs_category_id_seq
    START WITH 1
    INCREMENT BY 1
    NO MINVALUE
    NO MAXVALUE
    CACHE 1
);


--
-- Name: blogs_comment; Type: TABLE; Schema: public; Owner: pavshop_user
--

CREATE TABLE public.blogs_comment (
    id bigint NOT NULL,
    created_at timestamp with time zone NOT NULL,
    updated_at timestamp with time zone NOT NULL,
    message text NOT NULL,
    active boolean NOT NULL,
    author_id bigint NOT NULL,
    parent_id bigint,
    story_id bigint NOT NULL
);


ALTER TABLE public.blogs_comment OWNER TO pavshop_user;

--
-- Name: blogs_comment_id_seq; Type: SEQUENCE; Schema: public; Owner: pavshop_user
--

ALTER TABLE public.blogs_comment ALTER COLUMN id ADD GENERATED BY DEFAULT AS IDENTITY (
    SEQUENCE NAME public.blogs_comment_id_seq
    START WITH 1
    INCREMENT BY 1
    NO MINVALUE
    NO MAXVALUE
    CACHE 1
);


--
-- Name: blogs_story; Type: TABLE; Schema: public; Owner: pavshop_user
--

CREATE TABLE public.blogs_story (
    id bigint NOT NULL,
    created_at timestamp with time zone NOT NULL,
    updated_at timestamp with time zone NOT NULL,
    title character varying(255) NOT NULL,
    description text NOT NULL,
    image character varying(100) NOT NULL,
    is_archive boolean NOT NULL,
    slug character varying(255),
    content text,
    author_id bigint NOT NULL,
    category_id bigint NOT NULL,
    description_az text,
    description_en text,
    description_ru text,
    title_az character varying(255),
    title_en character varying(255),
    title_ru character varying(255)
);


ALTER TABLE public.blogs_story OWNER TO pavshop_user;

--
-- Name: blogs_story_id_seq; Type: SEQUENCE; Schema: public; Owner: pavshop_user
--

ALTER TABLE public.blogs_story ALTER COLUMN id ADD GENERATED BY DEFAULT AS IDENTITY (
    SEQUENCE NAME public.blogs_story_id_seq
    START WITH 1
    INCREMENT BY 1
    NO MINVALUE
    NO MAXVALUE
    CACHE 1
);


--
-- Name: blogs_story_tag; Type: TABLE; Schema: public; Owner: pavshop_user
--

CREATE TABLE public.blogs_story_tag (
    id bigint NOT NULL,
    story_id bigint NOT NULL,
    tag_id bigint NOT NULL
);


ALTER TABLE public.blogs_story_tag OWNER TO pavshop_user;

--
-- Name: blogs_story_tag_id_seq; Type: SEQUENCE; Schema: public; Owner: pavshop_user
--

ALTER TABLE public.blogs_story_tag ALTER COLUMN id ADD GENERATED BY DEFAULT AS IDENTITY (
    SEQUENCE NAME public.blogs_story_tag_id_seq
    START WITH 1
    INCREMENT BY 1
    NO MINVALUE
    NO MAXVALUE
    CACHE 1
);


--
-- Name: blogs_tag; Type: TABLE; Schema: public; Owner: pavshop_user
--

CREATE TABLE public.blogs_tag (
    id bigint NOT NULL,
    created_at timestamp with time zone NOT NULL,
    updated_at timestamp with time zone NOT NULL,
    name character varying(50) NOT NULL,
    slug character varying(255),
    name_az character varying(50),
    name_en character varying(50),
    name_ru character varying(50)
);


ALTER TABLE public.blogs_tag OWNER TO pavshop_user;

--
-- Name: blogs_tag_id_seq; Type: SEQUENCE; Schema: public; Owner: pavshop_user
--

ALTER TABLE public.blogs_tag ALTER COLUMN id ADD GENERATED BY DEFAULT AS IDENTITY (
    SEQUENCE NAME public.blogs_tag_id_seq
    START WITH 1
    INCREMENT BY 1
    NO MINVALUE
    NO MAXVALUE
    CACHE 1
);


--
-- Name: django_admin_log; Type: TABLE; Schema: public; Owner: pavshop_user
--

CREATE TABLE public.django_admin_log (
    id integer NOT NULL,
    action_time timestamp with time zone NOT NULL,
    object_id text,
    object_repr character varying(200) NOT NULL,
    action_flag smallint NOT NULL,
    change_message text NOT NULL,
    content_type_id integer,
    user_id bigint NOT NULL,
    CONSTRAINT django_admin_log_action_flag_check CHECK ((action_flag >= 0))
);


ALTER TABLE public.django_admin_log OWNER TO pavshop_user;

--
-- Name: django_admin_log_id_seq; Type: SEQUENCE; Schema: public; Owner: pavshop_user
--

ALTER TABLE public.django_admin_log ALTER COLUMN id ADD GENERATED BY DEFAULT AS IDENTITY (
    SEQUENCE NAME public.django_admin_log_id_seq
    START WITH 1
    INCREMENT BY 1
    NO MINVALUE
    NO MAXVALUE
    CACHE 1
);


--
-- Name: django_celery_beat_clockedschedule; Type: TABLE; Schema: public; Owner: pavshop_user
--

CREATE TABLE public.django_celery_beat_clockedschedule (
    id integer NOT NULL,
    clocked_time timestamp with time zone NOT NULL
);


ALTER TABLE public.django_celery_beat_clockedschedule OWNER TO pavshop_user;

--
-- Name: django_celery_beat_clockedschedule_id_seq; Type: SEQUENCE; Schema: public; Owner: pavshop_user
--

ALTER TABLE public.django_celery_beat_clockedschedule ALTER COLUMN id ADD GENERATED BY DEFAULT AS IDENTITY (
    SEQUENCE NAME public.django_celery_beat_clockedschedule_id_seq
    START WITH 1
    INCREMENT BY 1
    NO MINVALUE
    NO MAXVALUE
    CACHE 1
);


--
-- Name: django_celery_beat_crontabschedule; Type: TABLE; Schema: public; Owner: pavshop_user
--

CREATE TABLE public.django_celery_beat_crontabschedule (
    id integer NOT NULL,
    minute character varying(240) NOT NULL,
    hour character varying(96) NOT NULL,
    day_of_week character varying(64) NOT NULL,
    day_of_month character varying(124) NOT NULL,
    month_of_year character varying(64) NOT NULL,
    timezone character varying(63) NOT NULL
);


ALTER TABLE public.django_celery_beat_crontabschedule OWNER TO pavshop_user;

--
-- Name: django_celery_beat_crontabschedule_id_seq; Type: SEQUENCE; Schema: public; Owner: pavshop_user
--

ALTER TABLE public.django_celery_beat_crontabschedule ALTER COLUMN id ADD GENERATED BY DEFAULT AS IDENTITY (
    SEQUENCE NAME public.django_celery_beat_crontabschedule_id_seq
    START WITH 1
    INCREMENT BY 1
    NO MINVALUE
    NO MAXVALUE
    CACHE 1
);


--
-- Name: django_celery_beat_intervalschedule; Type: TABLE; Schema: public; Owner: pavshop_user
--

CREATE TABLE public.django_celery_beat_intervalschedule (
    id integer NOT NULL,
    every integer NOT NULL,
    period character varying(24) NOT NULL
);


ALTER TABLE public.django_celery_beat_intervalschedule OWNER TO pavshop_user;

--
-- Name: django_celery_beat_intervalschedule_id_seq; Type: SEQUENCE; Schema: public; Owner: pavshop_user
--

ALTER TABLE public.django_celery_beat_intervalschedule ALTER COLUMN id ADD GENERATED BY DEFAULT AS IDENTITY (
    SEQUENCE NAME public.django_celery_beat_intervalschedule_id_seq
    START WITH 1
    INCREMENT BY 1
    NO MINVALUE
    NO MAXVALUE
    CACHE 1
);


--
-- Name: django_celery_beat_periodictask; Type: TABLE; Schema: public; Owner: pavshop_user
--

CREATE TABLE public.django_celery_beat_periodictask (
    id integer NOT NULL,
    name character varying(200) NOT NULL,
    task character varying(200) NOT NULL,
    args text NOT NULL,
    kwargs text NOT NULL,
    queue character varying(200),
    exchange character varying(200),
    routing_key character varying(200),
    expires timestamp with time zone,
    enabled boolean NOT NULL,
    last_run_at timestamp with time zone,
    total_run_count integer NOT NULL,
    date_changed timestamp with time zone NOT NULL,
    description text NOT NULL,
    crontab_id integer,
    interval_id integer,
    solar_id integer,
    one_off boolean NOT NULL,
    start_time timestamp with time zone,
    priority integer,
    headers text NOT NULL,
    clocked_id integer,
    expire_seconds integer,
    CONSTRAINT django_celery_beat_periodictask_expire_seconds_check CHECK ((expire_seconds >= 0)),
    CONSTRAINT django_celery_beat_periodictask_priority_check CHECK ((priority >= 0)),
    CONSTRAINT django_celery_beat_periodictask_total_run_count_check CHECK ((total_run_count >= 0))
);


ALTER TABLE public.django_celery_beat_periodictask OWNER TO pavshop_user;

--
-- Name: django_celery_beat_periodictask_id_seq; Type: SEQUENCE; Schema: public; Owner: pavshop_user
--

ALTER TABLE public.django_celery_beat_periodictask ALTER COLUMN id ADD GENERATED BY DEFAULT AS IDENTITY (
    SEQUENCE NAME public.django_celery_beat_periodictask_id_seq
    START WITH 1
    INCREMENT BY 1
    NO MINVALUE
    NO MAXVALUE
    CACHE 1
);


--
-- Name: django_celery_beat_periodictasks; Type: TABLE; Schema: public; Owner: pavshop_user
--

CREATE TABLE public.django_celery_beat_periodictasks (
    ident smallint NOT NULL,
    last_update timestamp with time zone NOT NULL
);


ALTER TABLE public.django_celery_beat_periodictasks OWNER TO pavshop_user;

--
-- Name: django_celery_beat_solarschedule; Type: TABLE; Schema: public; Owner: pavshop_user
--

CREATE TABLE public.django_celery_beat_solarschedule (
    id integer NOT NULL,
    event character varying(24) NOT NULL,
    latitude numeric(9,6) NOT NULL,
    longitude numeric(9,6) NOT NULL
);


ALTER TABLE public.django_celery_beat_solarschedule OWNER TO pavshop_user;

--
-- Name: django_celery_beat_solarschedule_id_seq; Type: SEQUENCE; Schema: public; Owner: pavshop_user
--

ALTER TABLE public.django_celery_beat_solarschedule ALTER COLUMN id ADD GENERATED BY DEFAULT AS IDENTITY (
    SEQUENCE NAME public.django_celery_beat_solarschedule_id_seq
    START WITH 1
    INCREMENT BY 1
    NO MINVALUE
    NO MAXVALUE
    CACHE 1
);


--
-- Name: django_content_type; Type: TABLE; Schema: public; Owner: pavshop_user
--

CREATE TABLE public.django_content_type (
    id integer NOT NULL,
    app_label character varying(100) NOT NULL,
    model character varying(100) NOT NULL
);


ALTER TABLE public.django_content_type OWNER TO pavshop_user;

--
-- Name: django_content_type_id_seq; Type: SEQUENCE; Schema: public; Owner: pavshop_user
--

ALTER TABLE public.django_content_type ALTER COLUMN id ADD GENERATED BY DEFAULT AS IDENTITY (
    SEQUENCE NAME public.django_content_type_id_seq
    START WITH 1
    INCREMENT BY 1
    NO MINVALUE
    NO MAXVALUE
    CACHE 1
);


--
-- Name: django_migrations; Type: TABLE; Schema: public; Owner: pavshop_user
--

CREATE TABLE public.django_migrations (
    id bigint NOT NULL,
    app character varying(255) NOT NULL,
    name character varying(255) NOT NULL,
    applied timestamp with time zone NOT NULL
);


ALTER TABLE public.django_migrations OWNER TO pavshop_user;

--
-- Name: django_migrations_id_seq; Type: SEQUENCE; Schema: public; Owner: pavshop_user
--

ALTER TABLE public.django_migrations ALTER COLUMN id ADD GENERATED BY DEFAULT AS IDENTITY (
    SEQUENCE NAME public.django_migrations_id_seq
    START WITH 1
    INCREMENT BY 1
    NO MINVALUE
    NO MAXVALUE
    CACHE 1
);


--
-- Name: django_session; Type: TABLE; Schema: public; Owner: pavshop_user
--

CREATE TABLE public.django_session (
    session_key character varying(40) NOT NULL,
    session_data text NOT NULL,
    expire_date timestamp with time zone NOT NULL
);


ALTER TABLE public.django_session OWNER TO pavshop_user;

--
-- Name: exchange_exchangebackend; Type: TABLE; Schema: public; Owner: pavshop_user
--

CREATE TABLE public.exchange_exchangebackend (
    name character varying(255) NOT NULL,
    last_update timestamp with time zone NOT NULL,
    base_currency character varying(3) NOT NULL
);


ALTER TABLE public.exchange_exchangebackend OWNER TO pavshop_user;

--
-- Name: exchange_rate; Type: TABLE; Schema: public; Owner: pavshop_user
--

CREATE TABLE public.exchange_rate (
    id bigint NOT NULL,
    currency character varying(3) NOT NULL,
    value numeric(20,6) NOT NULL,
    backend_id character varying(255) NOT NULL
);


ALTER TABLE public.exchange_rate OWNER TO pavshop_user;

--
-- Name: exchange_rate_id_seq; Type: SEQUENCE; Schema: public; Owner: pavshop_user
--

ALTER TABLE public.exchange_rate ALTER COLUMN id ADD GENERATED BY DEFAULT AS IDENTITY (
    SEQUENCE NAME public.exchange_rate_id_seq
    START WITH 1
    INCREMENT BY 1
    NO MINVALUE
    NO MAXVALUE
    CACHE 1
);


--
-- Name: products_brand; Type: TABLE; Schema: public; Owner: pavshop_user
--

CREATE TABLE public.products_brand (
    id bigint NOT NULL,
    name character varying(255) NOT NULL,
    slug character varying(255)
);


ALTER TABLE public.products_brand OWNER TO pavshop_user;

--
-- Name: products_brand_id_seq; Type: SEQUENCE; Schema: public; Owner: pavshop_user
--

ALTER TABLE public.products_brand ALTER COLUMN id ADD GENERATED BY DEFAULT AS IDENTITY (
    SEQUENCE NAME public.products_brand_id_seq
    START WITH 1
    INCREMENT BY 1
    NO MINVALUE
    NO MAXVALUE
    CACHE 1
);


--
-- Name: products_category; Type: TABLE; Schema: public; Owner: pavshop_user
--

CREATE TABLE public.products_category (
    id bigint NOT NULL,
    name character varying(255) NOT NULL,
    slug character varying(255),
    name_az character varying(255),
    name_en character varying(255),
    name_ru character varying(255)
);


ALTER TABLE public.products_category OWNER TO pavshop_user;

--
-- Name: products_category_id_seq; Type: SEQUENCE; Schema: public; Owner: pavshop_user
--

ALTER TABLE public.products_category ALTER COLUMN id ADD GENERATED BY DEFAULT AS IDENTITY (
    SEQUENCE NAME public.products_category_id_seq
    START WITH 1
    INCREMENT BY 1
    NO MINVALUE
    NO MAXVALUE
    CACHE 1
);


--
-- Name: products_discount; Type: TABLE; Schema: public; Owner: pavshop_user
--

CREATE TABLE public.products_discount (
    id bigint NOT NULL,
    created_at timestamp with time zone NOT NULL,
    updated_at timestamp with time zone NOT NULL,
    name character varying(255) NOT NULL,
    value numeric(6,2) NOT NULL,
    is_percent boolean NOT NULL,
    is_active boolean NOT NULL
);


ALTER TABLE public.products_discount OWNER TO pavshop_user;

--
-- Name: products_discount_id_seq; Type: SEQUENCE; Schema: public; Owner: pavshop_user
--

ALTER TABLE public.products_discount ALTER COLUMN id ADD GENERATED BY DEFAULT AS IDENTITY (
    SEQUENCE NAME public.products_discount_id_seq
    START WITH 1
    INCREMENT BY 1
    NO MINVALUE
    NO MAXVALUE
    CACHE 1
);


--
-- Name: products_product; Type: TABLE; Schema: public; Owner: pavshop_user
--

CREATE TABLE public.products_product (
    id bigint NOT NULL,
    created_at timestamp with time zone NOT NULL,
    updated_at timestamp with time zone NOT NULL,
    title character varying(255) NOT NULL,
    small_description text,
    large_description text,
    image character varying(100) NOT NULL,
    in_stock boolean NOT NULL,
    quantity integer,
    slug character varying(255),
    money numeric(5,2) NOT NULL,
    brand_id bigint,
    category_id bigint NOT NULL,
    small_description_az text,
    small_description_en text,
    small_description_ru text,
    title_az character varying(255),
    title_en character varying(255),
    title_ru character varying(255)
);


ALTER TABLE public.products_product OWNER TO pavshop_user;

--
-- Name: products_product_discount; Type: TABLE; Schema: public; Owner: pavshop_user
--

CREATE TABLE public.products_product_discount (
    id bigint NOT NULL,
    product_id bigint NOT NULL,
    discount_id bigint NOT NULL
);


ALTER TABLE public.products_product_discount OWNER TO pavshop_user;

--
-- Name: products_product_discount_id_seq; Type: SEQUENCE; Schema: public; Owner: pavshop_user
--

ALTER TABLE public.products_product_discount ALTER COLUMN id ADD GENERATED BY DEFAULT AS IDENTITY (
    SEQUENCE NAME public.products_product_discount_id_seq
    START WITH 1
    INCREMENT BY 1
    NO MINVALUE
    NO MAXVALUE
    CACHE 1
);


--
-- Name: products_product_id_seq; Type: SEQUENCE; Schema: public; Owner: pavshop_user
--

ALTER TABLE public.products_product ALTER COLUMN id ADD GENERATED BY DEFAULT AS IDENTITY (
    SEQUENCE NAME public.products_product_id_seq
    START WITH 1
    INCREMENT BY 1
    NO MINVALUE
    NO MAXVALUE
    CACHE 1
);


--
-- Name: products_product_property_values; Type: TABLE; Schema: public; Owner: pavshop_user
--

CREATE TABLE public.products_product_property_values (
    id bigint NOT NULL,
    product_id bigint NOT NULL,
    propertyvalue_id bigint NOT NULL
);


ALTER TABLE public.products_product_property_values OWNER TO pavshop_user;

--
-- Name: products_product_property_values_id_seq; Type: SEQUENCE; Schema: public; Owner: pavshop_user
--

ALTER TABLE public.products_product_property_values ALTER COLUMN id ADD GENERATED BY DEFAULT AS IDENTITY (
    SEQUENCE NAME public.products_product_property_values_id_seq
    START WITH 1
    INCREMENT BY 1
    NO MINVALUE
    NO MAXVALUE
    CACHE 1
);


--
-- Name: products_product_tag; Type: TABLE; Schema: public; Owner: pavshop_user
--

CREATE TABLE public.products_product_tag (
    id bigint NOT NULL,
    product_id bigint NOT NULL,
    tag_id bigint NOT NULL
);


ALTER TABLE public.products_product_tag OWNER TO pavshop_user;

--
-- Name: products_product_tag_id_seq; Type: SEQUENCE; Schema: public; Owner: pavshop_user
--

ALTER TABLE public.products_product_tag ALTER COLUMN id ADD GENERATED BY DEFAULT AS IDENTITY (
    SEQUENCE NAME public.products_product_tag_id_seq
    START WITH 1
    INCREMENT BY 1
    NO MINVALUE
    NO MAXVALUE
    CACHE 1
);


--
-- Name: products_productimages; Type: TABLE; Schema: public; Owner: pavshop_user
--

CREATE TABLE public.products_productimages (
    id bigint NOT NULL,
    image character varying(100) NOT NULL,
    product_id bigint NOT NULL
);


ALTER TABLE public.products_productimages OWNER TO pavshop_user;

--
-- Name: products_productimages_id_seq; Type: SEQUENCE; Schema: public; Owner: pavshop_user
--

ALTER TABLE public.products_productimages ALTER COLUMN id ADD GENERATED BY DEFAULT AS IDENTITY (
    SEQUENCE NAME public.products_productimages_id_seq
    START WITH 1
    INCREMENT BY 1
    NO MINVALUE
    NO MAXVALUE
    CACHE 1
);


--
-- Name: products_property; Type: TABLE; Schema: public; Owner: pavshop_user
--

CREATE TABLE public.products_property (
    id bigint NOT NULL,
    name character varying(255) NOT NULL
);


ALTER TABLE public.products_property OWNER TO pavshop_user;

--
-- Name: products_property_id_seq; Type: SEQUENCE; Schema: public; Owner: pavshop_user
--

ALTER TABLE public.products_property ALTER COLUMN id ADD GENERATED BY DEFAULT AS IDENTITY (
    SEQUENCE NAME public.products_property_id_seq
    START WITH 1
    INCREMENT BY 1
    NO MINVALUE
    NO MAXVALUE
    CACHE 1
);


--
-- Name: products_propertyvalue; Type: TABLE; Schema: public; Owner: pavshop_user
--

CREATE TABLE public.products_propertyvalue (
    id bigint NOT NULL,
    name character varying(255) NOT NULL,
    property_id bigint NOT NULL
);


ALTER TABLE public.products_propertyvalue OWNER TO pavshop_user;

--
-- Name: products_propertyvalue_id_seq; Type: SEQUENCE; Schema: public; Owner: pavshop_user
--

ALTER TABLE public.products_propertyvalue ALTER COLUMN id ADD GENERATED BY DEFAULT AS IDENTITY (
    SEQUENCE NAME public.products_propertyvalue_id_seq
    START WITH 1
    INCREMENT BY 1
    NO MINVALUE
    NO MAXVALUE
    CACHE 1
);


--
-- Name: products_rating; Type: TABLE; Schema: public; Owner: pavshop_user
--

CREATE TABLE public.products_rating (
    id bigint NOT NULL,
    rate integer NOT NULL
);


ALTER TABLE public.products_rating OWNER TO pavshop_user;

--
-- Name: products_rating_id_seq; Type: SEQUENCE; Schema: public; Owner: pavshop_user
--

ALTER TABLE public.products_rating ALTER COLUMN id ADD GENERATED BY DEFAULT AS IDENTITY (
    SEQUENCE NAME public.products_rating_id_seq
    START WITH 1
    INCREMENT BY 1
    NO MINVALUE
    NO MAXVALUE
    CACHE 1
);


--
-- Name: products_review; Type: TABLE; Schema: public; Owner: pavshop_user
--

CREATE TABLE public.products_review (
    id bigint NOT NULL,
    created_at timestamp with time zone NOT NULL,
    updated_at timestamp with time zone NOT NULL,
    review text NOT NULL,
    rating integer NOT NULL,
    is_active boolean NOT NULL,
    author_id bigint,
    product_id bigint NOT NULL
);


ALTER TABLE public.products_review OWNER TO pavshop_user;

--
-- Name: products_review_id_seq; Type: SEQUENCE; Schema: public; Owner: pavshop_user
--

ALTER TABLE public.products_review ALTER COLUMN id ADD GENERATED BY DEFAULT AS IDENTITY (
    SEQUENCE NAME public.products_review_id_seq
    START WITH 1
    INCREMENT BY 1
    NO MINVALUE
    NO MAXVALUE
    CACHE 1
);


--
-- Name: products_tag; Type: TABLE; Schema: public; Owner: pavshop_user
--

CREATE TABLE public.products_tag (
    id bigint NOT NULL,
    name character varying(255) NOT NULL,
    slug character varying(255),
    name_az character varying(255),
    name_en character varying(255),
    name_ru character varying(255)
);


ALTER TABLE public.products_tag OWNER TO pavshop_user;

--
-- Name: products_tag_id_seq; Type: SEQUENCE; Schema: public; Owner: pavshop_user
--

ALTER TABLE public.products_tag ALTER COLUMN id ADD GENERATED BY DEFAULT AS IDENTITY (
    SEQUENCE NAME public.products_tag_id_seq
    START WITH 1
    INCREMENT BY 1
    NO MINVALUE
    NO MAXVALUE
    CACHE 1
);


--
-- Name: shopping_cart_billing_address; Type: TABLE; Schema: public; Owner: pavshop_user
--

CREATE TABLE public.shopping_cart_billing_address (
    id bigint NOT NULL,
    created_at timestamp with time zone NOT NULL,
    updated_at timestamp with time zone NOT NULL,
    company character varying(255) NOT NULL,
    address text NOT NULL,
    country character varying(2) NOT NULL,
    city character varying(255) NOT NULL,
    phone character varying(128) NOT NULL,
    shipping_address_id bigint,
    user_id bigint NOT NULL
);


ALTER TABLE public.shopping_cart_billing_address OWNER TO pavshop_user;

--
-- Name: shopping_cart_billing_address_id_seq; Type: SEQUENCE; Schema: public; Owner: pavshop_user
--

ALTER TABLE public.shopping_cart_billing_address ALTER COLUMN id ADD GENERATED BY DEFAULT AS IDENTITY (
    SEQUENCE NAME public.shopping_cart_billing_address_id_seq
    START WITH 1
    INCREMENT BY 1
    NO MINVALUE
    NO MAXVALUE
    CACHE 1
);


--
-- Name: shopping_cart_customer; Type: TABLE; Schema: public; Owner: pavshop_user
--

CREATE TABLE public.shopping_cart_customer (
    id bigint NOT NULL,
    name character varying(255),
    email character varying(255),
    user_id bigint
);


ALTER TABLE public.shopping_cart_customer OWNER TO pavshop_user;

--
-- Name: shopping_cart_customer_id_seq; Type: SEQUENCE; Schema: public; Owner: pavshop_user
--

ALTER TABLE public.shopping_cart_customer ALTER COLUMN id ADD GENERATED BY DEFAULT AS IDENTITY (
    SEQUENCE NAME public.shopping_cart_customer_id_seq
    START WITH 1
    INCREMENT BY 1
    NO MINVALUE
    NO MAXVALUE
    CACHE 1
);


--
-- Name: shopping_cart_order; Type: TABLE; Schema: public; Owner: pavshop_user
--

CREATE TABLE public.shopping_cart_order (
    id bigint NOT NULL,
    complete boolean,
    date_ordered timestamp with time zone NOT NULL,
    transaction_id character varying(100),
    customer_id bigint
);


ALTER TABLE public.shopping_cart_order OWNER TO pavshop_user;

--
-- Name: shopping_cart_order_id_seq; Type: SEQUENCE; Schema: public; Owner: pavshop_user
--

ALTER TABLE public.shopping_cart_order ALTER COLUMN id ADD GENERATED BY DEFAULT AS IDENTITY (
    SEQUENCE NAME public.shopping_cart_order_id_seq
    START WITH 1
    INCREMENT BY 1
    NO MINVALUE
    NO MAXVALUE
    CACHE 1
);


--
-- Name: shopping_cart_orderitem; Type: TABLE; Schema: public; Owner: pavshop_user
--

CREATE TABLE public.shopping_cart_orderitem (
    id bigint NOT NULL,
    quantity integer,
    date_added timestamp with time zone NOT NULL,
    order_id bigint,
    product_id bigint
);


ALTER TABLE public.shopping_cart_orderitem OWNER TO pavshop_user;

--
-- Name: shopping_cart_orderitem_id_seq; Type: SEQUENCE; Schema: public; Owner: pavshop_user
--

ALTER TABLE public.shopping_cart_orderitem ALTER COLUMN id ADD GENERATED BY DEFAULT AS IDENTITY (
    SEQUENCE NAME public.shopping_cart_orderitem_id_seq
    START WITH 1
    INCREMENT BY 1
    NO MINVALUE
    NO MAXVALUE
    CACHE 1
);


--
-- Name: shopping_cart_shipping_address; Type: TABLE; Schema: public; Owner: pavshop_user
--

CREATE TABLE public.shopping_cart_shipping_address (
    id bigint NOT NULL,
    created_at timestamp with time zone NOT NULL,
    updated_at timestamp with time zone NOT NULL,
    company character varying(255) NOT NULL,
    address text NOT NULL,
    country character varying(2) NOT NULL,
    city character varying(255) NOT NULL,
    phone character varying(128) NOT NULL,
    user_id bigint NOT NULL
);


ALTER TABLE public.shopping_cart_shipping_address OWNER TO pavshop_user;

--
-- Name: shopping_cart_shipping_address_id_seq; Type: SEQUENCE; Schema: public; Owner: pavshop_user
--

ALTER TABLE public.shopping_cart_shipping_address ALTER COLUMN id ADD GENERATED BY DEFAULT AS IDENTITY (
    SEQUENCE NAME public.shopping_cart_shipping_address_id_seq
    START WITH 1
    INCREMENT BY 1
    NO MINVALUE
    NO MAXVALUE
    CACHE 1
);


--
-- Name: social_auth_association; Type: TABLE; Schema: public; Owner: pavshop_user
--

CREATE TABLE public.social_auth_association (
    id bigint NOT NULL,
    server_url character varying(255) NOT NULL,
    handle character varying(255) NOT NULL,
    secret character varying(255) NOT NULL,
    issued integer NOT NULL,
    lifetime integer NOT NULL,
    assoc_type character varying(64) NOT NULL
);


ALTER TABLE public.social_auth_association OWNER TO pavshop_user;

--
-- Name: social_auth_association_id_seq; Type: SEQUENCE; Schema: public; Owner: pavshop_user
--

ALTER TABLE public.social_auth_association ALTER COLUMN id ADD GENERATED BY DEFAULT AS IDENTITY (
    SEQUENCE NAME public.social_auth_association_id_seq
    START WITH 1
    INCREMENT BY 1
    NO MINVALUE
    NO MAXVALUE
    CACHE 1
);


--
-- Name: social_auth_code; Type: TABLE; Schema: public; Owner: pavshop_user
--

CREATE TABLE public.social_auth_code (
    id bigint NOT NULL,
    email character varying(254) NOT NULL,
    code character varying(32) NOT NULL,
    verified boolean NOT NULL,
    "timestamp" timestamp with time zone NOT NULL
);


ALTER TABLE public.social_auth_code OWNER TO pavshop_user;

--
-- Name: social_auth_code_id_seq; Type: SEQUENCE; Schema: public; Owner: pavshop_user
--

ALTER TABLE public.social_auth_code ALTER COLUMN id ADD GENERATED BY DEFAULT AS IDENTITY (
    SEQUENCE NAME public.social_auth_code_id_seq
    START WITH 1
    INCREMENT BY 1
    NO MINVALUE
    NO MAXVALUE
    CACHE 1
);


--
-- Name: social_auth_nonce; Type: TABLE; Schema: public; Owner: pavshop_user
--

CREATE TABLE public.social_auth_nonce (
    id bigint NOT NULL,
    server_url character varying(255) NOT NULL,
    "timestamp" integer NOT NULL,
    salt character varying(65) NOT NULL
);


ALTER TABLE public.social_auth_nonce OWNER TO pavshop_user;

--
-- Name: social_auth_nonce_id_seq; Type: SEQUENCE; Schema: public; Owner: pavshop_user
--

ALTER TABLE public.social_auth_nonce ALTER COLUMN id ADD GENERATED BY DEFAULT AS IDENTITY (
    SEQUENCE NAME public.social_auth_nonce_id_seq
    START WITH 1
    INCREMENT BY 1
    NO MINVALUE
    NO MAXVALUE
    CACHE 1
);


--
-- Name: social_auth_partial; Type: TABLE; Schema: public; Owner: pavshop_user
--

CREATE TABLE public.social_auth_partial (
    id bigint NOT NULL,
    token character varying(32) NOT NULL,
    next_step smallint NOT NULL,
    backend character varying(32) NOT NULL,
    data text NOT NULL,
    "timestamp" timestamp with time zone NOT NULL,
    CONSTRAINT social_auth_partial_next_step_check CHECK ((next_step >= 0))
);


ALTER TABLE public.social_auth_partial OWNER TO pavshop_user;

--
-- Name: social_auth_partial_id_seq; Type: SEQUENCE; Schema: public; Owner: pavshop_user
--

ALTER TABLE public.social_auth_partial ALTER COLUMN id ADD GENERATED BY DEFAULT AS IDENTITY (
    SEQUENCE NAME public.social_auth_partial_id_seq
    START WITH 1
    INCREMENT BY 1
    NO MINVALUE
    NO MAXVALUE
    CACHE 1
);


--
-- Name: social_auth_usersocialauth; Type: TABLE; Schema: public; Owner: pavshop_user
--

CREATE TABLE public.social_auth_usersocialauth (
    id bigint NOT NULL,
    provider character varying(32) NOT NULL,
    uid character varying(255) NOT NULL,
    extra_data text NOT NULL,
    user_id bigint NOT NULL,
    created timestamp with time zone NOT NULL,
    modified timestamp with time zone NOT NULL
);


ALTER TABLE public.social_auth_usersocialauth OWNER TO pavshop_user;

--
-- Name: social_auth_usersocialauth_id_seq; Type: SEQUENCE; Schema: public; Owner: pavshop_user
--

ALTER TABLE public.social_auth_usersocialauth ALTER COLUMN id ADD GENERATED BY DEFAULT AS IDENTITY (
    SEQUENCE NAME public.social_auth_usersocialauth_id_seq
    START WITH 1
    INCREMENT BY 1
    NO MINVALUE
    NO MAXVALUE
    CACHE 1
);


--
-- Data for Name: auth_group; Type: TABLE DATA; Schema: public; Owner: pavshop_user
--

COPY public.auth_group (id, name) FROM stdin;
\.


--
-- Data for Name: auth_group_permissions; Type: TABLE DATA; Schema: public; Owner: pavshop_user
--

COPY public.auth_group_permissions (id, group_id, permission_id) FROM stdin;
\.


--
-- Data for Name: auth_permission; Type: TABLE DATA; Schema: public; Owner: pavshop_user
--

COPY public.auth_permission (id, name, content_type_id, codename) FROM stdin;
1	Can add log entry	1	add_logentry
2	Can change log entry	1	change_logentry
3	Can delete log entry	1	delete_logentry
4	Can view log entry	1	view_logentry
5	Can add permission	2	add_permission
6	Can change permission	2	change_permission
7	Can delete permission	2	delete_permission
8	Can view permission	2	view_permission
9	Can add group	3	add_group
10	Can change group	3	change_group
11	Can delete group	3	delete_group
12	Can view group	3	view_group
13	Can add content type	4	add_contenttype
14	Can change content type	4	change_contenttype
15	Can delete content type	4	delete_contenttype
16	Can view content type	4	view_contenttype
17	Can add session	5	add_session
18	Can change session	5	change_session
19	Can delete session	5	delete_session
20	Can view session	5	view_session
21	Can add user	6	add_user
22	Can change user	6	change_user
23	Can delete user	6	delete_user
24	Can view user	6	view_user
25	Can add category	7	add_category
26	Can change category	7	change_category
27	Can delete category	7	delete_category
28	Can view category	7	view_category
29	Can add story	8	add_story
30	Can change story	8	change_story
31	Can delete story	8	delete_story
32	Can view story	8	view_story
33	Can add tag	9	add_tag
34	Can change tag	9	change_tag
35	Can delete tag	9	delete_tag
36	Can view tag	9	view_tag
37	Can add comment	10	add_comment
38	Can change comment	10	change_comment
39	Can delete comment	10	delete_comment
40	Can view comment	10	view_comment
41	Can add brand	11	add_brand
42	Can change brand	11	change_brand
43	Can delete brand	11	delete_brand
44	Can view brand	11	view_brand
45	Can add category	12	add_category
46	Can change category	12	change_category
47	Can delete category	12	delete_category
48	Can view category	12	view_category
49	Can add product	13	add_product
50	Can change product	13	change_product
51	Can delete product	13	delete_product
52	Can view product	13	view_product
53	Can add Property	14	add_property
54	Can change Property	14	change_property
55	Can delete Property	14	delete_property
56	Can view Property	14	view_property
57	Can add rating	15	add_rating
58	Can change rating	15	change_rating
59	Can delete rating	15	delete_rating
60	Can view rating	15	view_rating
61	Can add tag	16	add_tag
62	Can change tag	16	change_tag
63	Can delete tag	16	delete_tag
64	Can view tag	16	view_tag
65	Can add review	17	add_review
66	Can change review	17	change_review
67	Can delete review	17	delete_review
68	Can view review	17	view_review
69	Can add Property Value	18	add_propertyvalue
70	Can change Property Value	18	change_propertyvalue
71	Can delete Property Value	18	delete_propertyvalue
72	Can view Property Value	18	view_propertyvalue
73	Can add product images	19	add_productimages
74	Can change product images	19	change_productimages
75	Can delete product images	19	delete_productimages
76	Can view product images	19	view_productimages
77	Can add discount	20	add_discount
78	Can change discount	20	change_discount
79	Can delete discount	20	delete_discount
80	Can view discount	20	view_discount
81	Can add basket	21	add_basket
82	Can change basket	21	change_basket
83	Can delete basket	21	delete_basket
84	Can view basket	21	view_basket
85	Can add coupon	22	add_coupon
86	Can change coupon	22	change_coupon
87	Can delete coupon	22	delete_coupon
88	Can view coupon	22	view_coupon
89	Can add shipping_address	23	add_shipping_address
90	Can change shipping_address	23	change_shipping_address
91	Can delete shipping_address	23	delete_shipping_address
92	Can view shipping_address	23	view_shipping_address
93	Can add order	24	add_order
94	Can change order	24	change_order
95	Can delete order	24	delete_order
96	Can view order	24	view_order
97	Can add cart	25	add_cart
98	Can change cart	25	change_cart
99	Can delete cart	25	delete_cart
100	Can view cart	25	view_cart
101	Can add billing_address	26	add_billing_address
102	Can change billing_address	26	change_billing_address
103	Can delete billing_address	26	delete_billing_address
104	Can view billing_address	26	view_billing_address
105	Can add basket_item	27	add_basket_item
106	Can change basket_item	27	change_basket_item
107	Can delete basket_item	27	delete_basket_item
108	Can view basket_item	27	view_basket_item
109	Can add contact	28	add_contact
110	Can change contact	28	change_contact
111	Can delete contact	28	delete_contact
112	Can view contact	28	view_contact
113	Can add newsletter	29	add_newsletter
114	Can change newsletter	29	change_newsletter
115	Can delete newsletter	29	delete_newsletter
116	Can view newsletter	29	view_newsletter
117	Can add exchange backend	30	add_exchangebackend
118	Can change exchange backend	30	change_exchangebackend
119	Can delete exchange backend	30	delete_exchangebackend
120	Can view exchange backend	30	view_exchangebackend
121	Can add rate	31	add_rate
122	Can change rate	31	change_rate
123	Can delete rate	31	delete_rate
124	Can view rate	31	view_rate
125	Can add association	32	add_association
126	Can change association	32	change_association
127	Can delete association	32	delete_association
128	Can view association	32	view_association
129	Can add code	33	add_code
130	Can change code	33	change_code
131	Can delete code	33	delete_code
132	Can view code	33	view_code
133	Can add nonce	34	add_nonce
134	Can change nonce	34	change_nonce
135	Can delete nonce	34	delete_nonce
136	Can view nonce	34	view_nonce
137	Can add user social auth	35	add_usersocialauth
138	Can change user social auth	35	change_usersocialauth
139	Can delete user social auth	35	delete_usersocialauth
140	Can view user social auth	35	view_usersocialauth
141	Can add partial	36	add_partial
142	Can change partial	36	change_partial
143	Can delete partial	36	delete_partial
144	Can view partial	36	view_partial
145	Can add blocked ips	37	add_blockedips
146	Can change blocked ips	37	change_blockedips
147	Can delete blocked ips	37	delete_blockedips
148	Can view blocked ips	37	view_blockedips
149	Can add sponsor	38	add_sponsor
150	Can change sponsor	38	change_sponsor
151	Can delete sponsor	38	delete_sponsor
152	Can view sponsor	38	view_sponsor
153	Can add team	39	add_team
154	Can change team	39	change_team
155	Can delete team	39	delete_team
156	Can view team	39	view_team
157	Can add order item	40	add_orderitem
158	Can change order item	40	change_orderitem
159	Can delete order item	40	delete_orderitem
160	Can view order item	40	view_orderitem
161	Can add basket item	41	add_basketitem
162	Can change basket item	41	change_basketitem
163	Can delete basket item	41	delete_basketitem
164	Can view basket item	41	view_basketitem
165	Can add customer	42	add_customer
166	Can change customer	42	change_customer
167	Can delete customer	42	delete_customer
168	Can view customer	42	view_customer
169	Can add crontab	43	add_crontabschedule
170	Can change crontab	43	change_crontabschedule
171	Can delete crontab	43	delete_crontabschedule
172	Can view crontab	43	view_crontabschedule
173	Can add interval	44	add_intervalschedule
174	Can change interval	44	change_intervalschedule
175	Can delete interval	44	delete_intervalschedule
176	Can view interval	44	view_intervalschedule
177	Can add periodic task	45	add_periodictask
178	Can change periodic task	45	change_periodictask
179	Can delete periodic task	45	delete_periodictask
180	Can view periodic task	45	view_periodictask
181	Can add periodic tasks	46	add_periodictasks
182	Can change periodic tasks	46	change_periodictasks
183	Can delete periodic tasks	46	delete_periodictasks
184	Can view periodic tasks	46	view_periodictasks
185	Can add solar event	47	add_solarschedule
186	Can change solar event	47	change_solarschedule
187	Can delete solar event	47	delete_solarschedule
188	Can view solar event	47	view_solarschedule
189	Can add clocked	48	add_clockedschedule
190	Can change clocked	48	change_clockedschedule
191	Can delete clocked	48	delete_clockedschedule
192	Can view clocked	48	view_clockedschedule
\.


--
-- Data for Name: authentication_user; Type: TABLE DATA; Schema: public; Owner: pavshop_user
--

COPY public.authentication_user (id, password, last_login, is_superuser, username, first_name, last_name, email, is_staff, is_active, date_joined, bio, image, major, gender, ips) FROM stdin;
68	!8bvX2e3YreSLVRJaH4TQYlWYaGSpgkyzTjCSITAM	2023-07-24 07:21:53.868333+00	f	parvanayva	Parvana	Yusibova	parvanayva@gmail.com	f	t	2023-07-09 19:08:35.702403+00	\N		\N	3	{127.0.0.1}
69	!sbbYHjhPOCjlRWn0lMJYrP2255VaslzLVe9rbK00	2023-07-23 09:47:33.659461+00	f	Parvana2323	Parvana			f	t	2023-07-09 20:49:27.371731+00	\N		\N	3	{127.0.0.1}
70	pbkdf2_sha256$390000$OJTTG61nTZfKkFJ1SlSPhS$MxOfoP0R9ZNnpDFur0dJzsikStq+aDxOp2ancs5MLyg=	2023-07-24 06:00:51.226255+00	f	farid33	Farid3	Fraidli3	pyva0055@gmail.com	f	t	2023-07-15 18:02:03+00		user_profile/avatar4_iSYdmBO.png	\N	1	{127.0.0.1}
67	!X2U9n0IiUxWuS9ZctWzWwE00f5kS108QeAhNKF3Z	2023-07-19 14:50:30.955972+00	f	PrvanYusibova	Pərvanə	Yusibova	perisyva@gmail.com	f	t	2023-07-09 18:02:26.369636+00	\N		\N	3	{127.0.0.1}
71	pbkdf2_sha256$390000$qoknEXRu4vEkBA19bxHUEW$RLwTqm+Qu2SNPKllFq29uW6K8v+ovqWJ38QlWJPoCEY=	2023-07-23 12:32:03.308397+00	f	feride	Feride	Veliyeva	pyva0055@gmail.com	f	t	2023-07-23 12:28:53+00		user_profile/nophoto_female.png	\N	2	{127.0.0.1}
72	pbkdf2_sha256$390000$w8xmEMmyVNbrtmSJk0VHM3$yn1H4I00Zlq138ygAGF2IYZh9ENB2l9+jv7Mi3Cx8pE=	2023-07-24 06:04:33.677744+00	f	cicek	Cicek	Ali	pyva0055@gmail.com	f	t	2023-07-24 06:03:48.007839+00	\N	user_profile/nophoto_female_S3vfVv6.png	\N	3	{127.0.0.1}
64	pbkdf2_sha256$390000$jx94UuUm21ZgatQQGv7Wqy$LmX6/jr1gfeWiFZWmN1j+UTEW0ZQfoMrXLj1FgHXnlg=	2023-07-02 21:19:27.67229+00	f	aydin	Aydin	Aydinli	pyva0055@gmail.com	f	t	2023-06-28 08:26:57+00			\N	1	{127.0.0.1}
63	pbkdf2_sha256$390000$0izTKT9t1YGbEEFDz8fWkn$VINjM3vTvG4++LlC+izs7pp6KNLQOTy2KbaG1JsmelE=	2023-06-28 08:25:14.661227+00	f	aziz	Aziz	Azizli	pyva0055@gmail.com	f	t	2023-06-27 20:37:29+00			\N	1	{127.0.0.1}
66	pbkdf2_sha256$390000$w7e6O6h7NQ7XwHatDfyO66$h5ORs3brkC3tLGSiymcKdGfHo69J0CqYUEoPXkhfgQ0=	2023-07-04 07:47:40.911132+00	f	ayla	ayla	aylali	pyva0055@gmail.com	f	t	2023-07-02 21:20:45+00		user_profile/team1.png	Guest	2	{127.0.0.1}
1	pbkdf2_sha256$390000$tZG1GrVLCyNpfI3bMAdhWj$ssN9MHRkRol50Yb49ROGXA++pFANTMFjWqunchF9ruo=	2023-07-24 07:23:18.553197+00	t	parvana	Parvana	Yva.	parvanayva@gmail.com	t	t	2023-06-21 06:57:31+00	Hi! I am CEO and Admin on this website.	user_profile/admin_image.png	Admin	2	{127.0.0.1}
73	pbkdf2_sha256$390000$iPRughVy5NlKJjlhkVso3g$CXO/qjpsJUsw0uH2yVf/VH5ekaDMVpB1S8mYJkvfVOs=	2023-07-24 06:08:49.508656+00	f	gul	Gul	Gullu	pyva0055@gmail.com	f	t	2023-07-24 06:08:14.173104+00	\N		\N	3	{127.0.0.1}
\.


--
-- Data for Name: authentication_user_groups; Type: TABLE DATA; Schema: public; Owner: pavshop_user
--

COPY public.authentication_user_groups (id, user_id, group_id) FROM stdin;
\.


--
-- Data for Name: authentication_user_user_permissions; Type: TABLE DATA; Schema: public; Owner: pavshop_user
--

COPY public.authentication_user_user_permissions (id, user_id, permission_id) FROM stdin;
\.


--
-- Data for Name: base_blockedips; Type: TABLE DATA; Schema: public; Owner: pavshop_user
--

COPY public.base_blockedips (id, ip_address) FROM stdin;
\.


--
-- Data for Name: base_contact; Type: TABLE DATA; Schema: public; Owner: pavshop_user
--

COPY public.base_contact (id, created_at, updated_at, full_name, email, phone, subject, message) FROM stdin;
1	2023-06-23 11:47:42.106649+00	2023-06-23 11:47:42.106649+00	Peri	peri@gmail.com	tel:+994-55-789-89-89	Services	message
2	2023-06-23 11:52:45.277566+00	2023-06-23 11:52:45.277566+00	Sherlock	sherlock@gmail.com	tel:+994-77-909-00-99	Designs	messages
3	2023-06-27 09:16:09.980151+00	2023-06-27 09:16:09.980151+00	Sherlock	sherlock@gmail.com	tel:+994-77-899-00-00	Services	mesaj
4	2023-06-27 09:21:38.199732+00	2023-06-27 09:21:38.199732+00	Parvana	pyva0055@gmail.com	tel:+994-55-900-89-78	Designs	mesaj
5	2023-06-27 19:42:31.720779+00	2023-06-27 19:42:31.720779+00	Aydin	aydin@gmail.com	tel:+994-77-899-00-00	register problem	mesaj
6	2023-07-02 19:28:48.924809+00	2023-07-02 19:28:48.924809+00	Adam Adamli	adam@gmail.com	tel:+994-55-890-90-90	Design	Testing
7	2023-07-03 18:01:55.082512+00	2023-07-03 18:01:55.082512+00	Adam1 Adamli1	adam@gmail.com	tel:+994-55-890-90-90	Design	Testing1
9	2023-07-18 13:32:11.454547+00	2023-07-18 13:32:11.454547+00	ad	email@gmail.com	tel:+994-77-899-00-00	subject	message
10	2023-07-18 16:05:46.032887+00	2023-07-18 16:05:46.032887+00	Sherlock	parvanayva@gmail.com	tel:+994-77-899-00-00	Services	fdsffdvfv
11	2023-07-21 15:39:33.849062+00	2023-07-21 15:39:33.849062+00	Man	pyva0055@gmail.com	tel:+994-77-899-00-00	subject	message
12	2023-07-21 19:14:29.9452+00	2023-07-21 19:14:29.9452+00	Man 1	pyva0055@gmail.com	tel:+994-77-899-00-00	subject	message
13	2023-07-21 19:32:13.392603+00	2023-07-21 19:32:13.392603+00	Man 2	pyva0055@gmail.com	tel:+994-55-900-89-78	Services	Message 2
14	2023-07-21 19:36:20.799298+00	2023-07-21 19:36:20.799298+00	Man 3	pyva0055@gmail.com	tel:+994-55-900-89-78	subject 3	message 3
15	2023-07-21 19:41:36.68334+00	2023-07-21 19:41:36.68334+00	Man 4	pyva0055@gmail.com	tel:+994-77-899-00-00	Designs	message 4
16	2023-07-21 20:16:12.320945+00	2023-07-21 20:16:12.320945+00	Man 5	pyva0055@gmail.com	tel:+994-77-899-00-00	Services	message 5
17	2023-07-21 20:20:42.484696+00	2023-07-21 20:20:42.484696+00	Man 6	pyva0055@gmail.com	tel:+994-77-899-00-00	Designs	messages
18	2023-07-21 20:23:37.712095+00	2023-07-21 20:23:37.712095+00	Man 6	pyva0055@gmail.com	tel:+994-77-899-00-00	Services	vgvjbj
19	2023-07-21 20:27:19.833053+00	2023-07-21 20:27:19.833053+00	Man 7	pyva0055@gmail.com	tel:+994-77-899-00-00	Designs	message 7
20	2023-07-21 20:31:00.454478+00	2023-07-21 20:31:00.454478+00	Man 8	pyva0055@gmail.com	tel:+994-77-899-00-00	Designs	message 8
21	2023-07-21 20:33:39.7021+00	2023-07-21 20:33:39.7021+00	Man 9	pyva0055@gmail.com	tel:+994-55-900-89-78	Services	Message 9
22	2023-07-21 20:39:49.109376+00	2023-07-21 20:39:49.109376+00	Man 10	pyva0055@gmail.com	tel:+994-77-899-00-00	Services	Message 10
23	2023-07-21 20:42:57.027089+00	2023-07-21 20:42:57.027089+00	MAN 11	pyva0055@gmail.com	tel:+994-77-899-00-00	Designs	Message 11
\.


--
-- Data for Name: base_newsletter; Type: TABLE DATA; Schema: public; Owner: pavshop_user
--

COPY public.base_newsletter (id, created_at, updated_at, email, is_active) FROM stdin;
104	2023-07-22 13:13:30.514079+00	2023-07-22 13:13:30.514079+00	pyva0055@gmail.com	t
105	2023-07-24 08:04:03.015465+00	2023-07-24 08:04:03.015465+00	sherlock@gmail.com	t
106	2023-07-24 08:04:33.91501+00	2023-07-24 08:04:33.916007+00	a@a.com	t
107	2023-07-24 08:25:55.171202+00	2023-07-24 08:25:55.171202+00	delphi.akademiyasi@gmail.com	t
108	2023-07-24 08:28:13.78021+00	2023-07-24 08:28:13.78021+00	parvanayva@gmail.com	t
109	2023-07-24 09:31:09.745601+00	2023-07-24 09:31:09.745601+00	heyva@gmail.com	t
\.


--
-- Data for Name: base_sponsor; Type: TABLE DATA; Schema: public; Owner: pavshop_user
--

COPY public.base_sponsor (id, created_at, updated_at, image) FROM stdin;
7	2023-06-28 14:09:04.89911+00	2023-06-28 14:09:04.89911+00	sponsor_image/sponsor1.png
8	2023-06-28 14:09:24.898009+00	2023-06-28 14:09:24.898009+00	sponsor_image/sponsor2.png
9	2023-06-28 14:09:39.161566+00	2023-06-28 14:09:39.161566+00	sponsor_image/sponsor3.png
\.


--
-- Data for Name: base_team; Type: TABLE DATA; Schema: public; Owner: pavshop_user
--

COPY public.base_team (id, created_at, updated_at, image, full_name, major) FROM stdin;
1	2023-06-28 14:23:02.405361+00	2023-06-28 14:23:02.405361+00	team_profiles/team1.png	JENNIFER ROD	DESIGNER
2	2023-06-28 14:23:31.034186+00	2023-06-28 14:23:31.034186+00	team_profiles/team2.png	JOSEPH MARK	CEO & FOUNDER
3	2023-06-28 14:24:50.291983+00	2023-06-28 14:24:50.291983+00	team_profiles/team3.png	NATASHA SINGH	DEVELOPER
6	2023-06-28 14:27:14.794008+00	2023-06-28 14:27:14.794008+00	team_profiles/team6.png	DAN BROWN	DEVELOPER
5	2023-06-28 14:26:37.761757+00	2023-07-19 20:31:19.736404+00	team_profiles/team5.png	ENNY PENNY	QUALITY HEAD
4	2023-06-28 14:25:30.311374+00	2023-07-19 20:31:19.760334+00	team_profiles/team4.png	JOHNATAN SMITH	PRODUCT DESIGNER
\.


--
-- Data for Name: blogs_category; Type: TABLE DATA; Schema: public; Owner: pavshop_user
--

COPY public.blogs_category (id, created_at, updated_at, name, slug, name_az, name_en, name_ru) FROM stdin;
4	2023-06-21 07:02:13.768848+00	2023-06-27 12:13:27.615516+00	Aksesuarlar	accessories	Aksesuarlar	Accessories	Аксессуары
3	2023-06-21 07:02:00.572522+00	2023-06-27 12:13:37.884017+00	Geyimlər	clothes	Geyimlər	Clothes	Одежда
2	2023-06-21 07:01:46.624849+00	2023-06-27 12:13:49.841368+00	Bədən və Dəriyə Qulluq	care	Bədən və Dəriyə Qulluq	Body & Skin Care	Уход за телом и кожей
1	2023-06-21 07:01:31.538717+00	2023-06-27 12:14:05.82335+00	Mebel	furniture	Mebel	Furniture	Мебель
\.


--
-- Data for Name: blogs_comment; Type: TABLE DATA; Schema: public; Owner: pavshop_user
--

COPY public.blogs_comment (id, created_at, updated_at, message, active, author_id, parent_id, story_id) FROM stdin;
1	2023-06-21 09:12:10.533816+00	2023-06-21 09:12:10.533816+00	good	t	1	\N	4
2	2023-06-21 09:32:53.901081+00	2023-06-21 09:32:53.901081+00	quality	t	1	\N	4
3	2023-06-21 10:16:41.952655+00	2023-06-21 10:16:41.952655+00	Perfecto!	t	1	\N	6
5	2023-06-22 22:48:33.837454+00	2023-06-22 22:48:33.837454+00	Nice!	t	1	\N	5
7	2023-06-23 15:04:26.354292+00	2023-06-23 15:04:26.354292+00	jgjfmf	t	1	\N	6
8	2023-06-23 16:09:55.595192+00	2023-06-23 16:09:55.595192+00	Perfect!	t	1	\N	5
11	2023-06-27 20:38:35.242449+00	2023-06-27 20:38:35.242449+00	Looks beautiful!	t	63	\N	13
13	2023-06-28 07:53:29.251464+00	2023-06-28 07:53:29.251464+00	Looks beautiful!	t	1	\N	7
14	2023-07-03 09:56:02.096833+00	2023-07-03 09:59:03.188751+00	Testing	t	1	\N	13
15	2023-07-03 17:31:50.810171+00	2023-07-03 17:31:50.810171+00	Testing 1	t	1	\N	13
17	2023-07-04 09:25:32.088793+00	2023-07-04 09:25:32.088793+00	Testing 3	t	1	\N	13
19	2023-07-09 20:28:19.840681+00	2023-07-09 20:28:19.840681+00	Super!	t	68	\N	7
20	2023-07-18 16:02:15.744519+00	2023-07-18 16:02:36.77379+00	bad	f	1	\N	4
21	2023-07-24 11:12:30.050468+00	2023-07-24 11:12:30.050468+00	Gorgeous!	t	1	\N	7
18	2023-07-04 09:25:49.5288+00	2023-07-24 11:37:59.576537+00	Testing 3	f	1	\N	13
\.


--
-- Data for Name: blogs_story; Type: TABLE DATA; Schema: public; Owner: pavshop_user
--

COPY public.blogs_story (id, created_at, updated_at, title, description, image, is_archive, slug, content, author_id, category_id, description_az, description_en, description_ru, title_az, title_en, title_ru) FROM stdin;
20	2023-06-24 12:52:49.544312+00	2023-07-01 18:04:27.465856+00	Clothes 3	Lorem Ipsum is simply Clothes 3 text of the printing and typesetting industry. Lorem Ipsum has been the industry's standard dummy text ever since the 1500s, when an unknown printer took a galley of type and scrambled it to make a type specimen book. It has survived not only five centuries, but also the leap into electronic typesetting, remaining essentially unchanged.	story_images/clothes_2_purple_q8tTsZ3.png	t	clothes-320	<h3><strong>This blog is about Clothes 3.</strong></h3>\r\n\r\n<p>&nbsp;</p>\r\n\r\n<p>Lorem ipsum dolor sit amet, consectetur adipiscing elit, sed do eiusmod tempor incididunt ut labore et dolore magna aliqua. Ut enim ad minim veniam, quis nostrud exercitation ullamco laboris nisi ut aliquip ex ea commodo consequat. Duis aute irure dolor in reprehenderit in voluptate velit esse cillum dolore eu fugiat nulla pariatur. Excepteur sint occaecat cupidatat non proident, sunt in culpa qui officia deserunt mollit anim id est laborum.</p>\r\n\r\n<p>&nbsp;</p>\r\n\r\n<p>&nbsp; &nbsp; &nbsp; &nbsp; &nbsp; &nbsp; &nbsp; &nbsp; &nbsp; &nbsp; &nbsp; &nbsp; &nbsp; &nbsp; &nbsp; &nbsp; &nbsp; &nbsp; &nbsp; &nbsp; &nbsp; &nbsp; &nbsp; &nbsp; &nbsp; &nbsp; &nbsp; &nbsp; &nbsp; &nbsp; &nbsp; &nbsp; &nbsp; &nbsp; &nbsp; &nbsp; &nbsp; &nbsp; &nbsp; &nbsp; &nbsp; &nbsp; &nbsp; &nbsp; &nbsp; &nbsp;<img alt="" src="/media/uploads/2023/06/24/c-slider2p.png" style="height:133px; width:100px" /></p>\r\n\r\n<p>&nbsp;</p>\r\n\r\n<p>&nbsp;</p>\r\n\r\n<p><strong>PRODEUCT</strong></p>\r\n\r\n<p>Lorem ipsum dolor sit amet, consectetur adipiscing elit, sed do eiusmod tempor incididunt ut labore et dolore magna aliqua. Ut enim ad minim veniam, quis nostrud exercitation ullamco laboris nisi ut aliquip ex ea commodo consequat. Duis aute irure dolor in reprehenderit in voluptate velit esse cillum dolore eu fugiat nulla pariatur. Excepteur sint occaecat cupidatat non proident, sunt in culpa qui officia deserunt mollit anim id est laborum.</p>	1	3	Lorem Ipsum sadəcə olaraq çap və çap sənayesinin Geyim 3 mətnidir. Lorem Ipsum, 1500-cü illərdən bəri sənayenin standart dummy mətni olmuşdur, naməlum printer bir tipli qalereya götürdü və bir növ nümunə kitabı hazırlamaq üçün onu qarışdırdı. O, təkcə beş əsr ərzində deyil, həm də elektron çapa sıçrayışdan sonra, mahiyyətcə dəyişmədən sağ qaldı.	Lorem Ipsum is simply Clothes 3 text of the printing and typesetting industry. Lorem Ipsum has been the industry's standard dummy text ever since the 1500s, when an unknown printer took a galley of type and scrambled it to make a type specimen book. It has survived not only five centuries, but also the leap into electronic typesetting, remaining essentially unchanged.	Lorem Ipsum — это просто текст «Одежда 3» полиграфической и наборной индустрии. Lorem Ipsum был стандартным фиктивным текстом в отрасли с 1500-х годов, когда неизвестный печатник взял гранку шрифта и перемешал ее, чтобы сделать книгу образцов шрифтов. Он пережил не только пять столетий, но и скачок в электронный набор текста, оставаясь практически неизменным.	Geyim 3	Clothes 3	Одежда 3
10	2023-06-21 07:47:48.733301+00	2023-06-01 18:02:27.385+00	Furniture 1	Lorem Ipsum is simply Furniture 1 text of the printing and typesetting industry. Lorem Ipsum has been the industry's standard dummy text ever since the 1500s, when an unknown printer took a galley of type and scrambled it to make a type specimen book. It has survived not only five centuries, but also the leap into electronic typesetting, remaining essentially unchanged.	story_images/furniture_1_xkWTuxf.png	f	furniture-1	<h3><strong>This blog is about Furniture blog.</strong></h3>\r\n\r\n<p>&nbsp;</p>\r\n\r\n<p><strong>Lorem Ipsum</strong>&nbsp;is simply dummy text of the printing and typesetting industry.</p>\r\n\r\n<p>Lorem Ipsum has been the industry&#39;s standard dummy text ever since the 1500s, when an unknown printer took a galley of type and scrambled it to make a type specimen book. It has survived not only five centuries, but also the leap into electronic typesetting, remaining essentially unchanged.</p>\r\n\r\n<p>&nbsp;</p>\r\n\r\n<p>&nbsp; &nbsp; &nbsp; &nbsp; &nbsp; &nbsp; &nbsp; &nbsp; &nbsp; &nbsp; &nbsp; &nbsp; &nbsp; &nbsp; &nbsp; &nbsp; &nbsp; &nbsp; &nbsp; &nbsp; &nbsp; &nbsp; &nbsp; &nbsp; &nbsp; &nbsp; &nbsp; &nbsp; &nbsp; &nbsp; &nbsp; &nbsp; &nbsp;<img alt="" src="/media/uploads/2023/06/21/furniture-1.png" style="height:121px; width:176px" /></p>\r\n\r\n<p>&nbsp;</p>\r\n\r\n<p>&nbsp;</p>\r\n\r\n<p><strong>PRODEUCT</strong></p>\r\n\r\n<p>&nbsp;</p>\r\n\r\n<p>t is a long established fact that a reader will be distracted by the readable content of a page when looking at its layout. The point of using Lorem Ipsum is that it has a more-or-less normal distribution of letters, as opposed to using &#39;Content here, content here&#39;, making it look like readable English.&nbsp;</p>	1	1	Lorem Ipsum sadəcə çap və çap sənayesinin Mebel 1 mətnidir. Lorem Ipsum, 1500-cü illərdən bəri sənayenin standart dummy mətni olmuşdur, naməlum printer bir tipli qalereya götürdü və bir növ nümunə kitabı hazırlamaq üçün onu qarışdırdı. O, təkcə beş əsr ərzində deyil, həm də elektron çapa sıçrayışdan sonra, mahiyyətcə dəyişmədən sağ qaldı.	Lorem Ipsum is simply Furniture 1 text of the printing and typesetting industry. Lorem Ipsum has been the industry's standard dummy text ever since the 1500s, when an unknown printer took a galley of type and scrambled it to make a type specimen book. It has survived not only five centuries, but also the leap into electronic typesetting, remaining essentially unchanged.	Lorem Ipsum — это просто текст «Мебель 1» для полиграфической и наборной промышленности. Lorem Ipsum был стандартным фиктивным текстом в отрасли с 1500-х годов, когда неизвестный печатник взял гранку шрифта и перемешал ее, чтобы сделать книгу образцов шрифтов. Он пережил не только пять столетий, но и скачок в электронный набор текста, оставаясь практически неизменным.	Mebel 1	Furniture 1	Мебель 1
11	2023-06-21 07:49:34.435264+00	2023-07-01 18:03:42.57821+00	Furniture 2	Lorem Ipsum is simply Furniture 2 text of the printing and typesetting industry. Lorem Ipsum has been the industry's standard dummy text ever since the 1500s, when an unknown printer took a galley of type and scrambled it to make a type specimen book. It has survived not only five centuries, but also the leap into electronic typesetting, remaining essentially unchanged.	story_images/furniture_2_aH8j6Ct.png	t	furniture-2	<h3><strong>This blog is about Furniture 2.</strong></h3>\r\n\r\n<p><strong>Lorem Ipsum</strong>&nbsp;is simply dummy text of the printing and typesetting industry.</p>\r\n\r\n<p>Lorem Ipsum has been the industry&#39;s standard dummy text ever since the 1500s, when an unknown printer took a galley of type and scrambled it to make a type specimen book. It has survived not only five centuries, but also the leap into electronic typesetting, remaining essentially unchanged.&nbsp;</p>\r\n\r\n<p>&nbsp;</p>\r\n\r\n<p>&nbsp; &nbsp; &nbsp; &nbsp; &nbsp; &nbsp; &nbsp; &nbsp; &nbsp; &nbsp; &nbsp; &nbsp; &nbsp; &nbsp; &nbsp; &nbsp; &nbsp; &nbsp; &nbsp; &nbsp; &nbsp; &nbsp; &nbsp; &nbsp; &nbsp; &nbsp; &nbsp; &nbsp; &nbsp; &nbsp; &nbsp; &nbsp; &nbsp; &nbsp; &nbsp; &nbsp;<img alt="" src="/media/uploads/2023/06/21/furniture-2_SdagUQZ.png" style="height:144px; width:152px" /></p>\r\n\r\n<p>&nbsp;</p>\r\n\r\n<p><strong>PRODEUCT</strong></p>\r\n\r\n<p>&nbsp;</p>\r\n\r\n<p>It is a long established fact that a reader will be distracted by the readable content of a page when looking at its layout. The point of using Lorem Ipsum is that it has a more-or-less normal distribution of letters, as opposed to using &#39;Content here, content here&#39;, making it look like readable English.</p>	1	1	Lorem Ipsum sadəcə çap və çap sənayesinin Mebel 2 mətnidir. Lorem Ipsum, 1500-cü illərdən bəri sənayenin standart dummy mətni olmuşdur, naməlum printer bir tipli qalereya götürdü və bir növ nümunə kitabı hazırlamaq üçün onu qarışdırdı. O, təkcə beş əsr ərzində deyil, həm də elektron çapa sıçrayışdan sonra, mahiyyətcə dəyişmədən sağ qaldı.	Lorem Ipsum is simply Furniture 2 text of the printing and typesetting industry. Lorem Ipsum has been the industry's standard dummy text ever since the 1500s, when an unknown printer took a galley of type and scrambled it to make a type specimen book. It has survived not only five centuries, but also the leap into electronic typesetting, remaining essentially unchanged.	Lorem Ipsum — это просто текст «Мебель 2» для полиграфической и наборной промышленности. Lorem Ipsum был стандартным фиктивным текстом в отрасли с 1500-х годов, когда неизвестный печатник взял гранку шрифта и перемешал ее, чтобы сделать книгу образцов шрифтов. Он пережил не только пять столетий, но и скачок в электронный набор текста, оставаясь практически неизменным.	Mebel 2	Furniture 2	Мебель 2
4	2023-06-21 07:19:17.160642+00	2023-07-08 19:47:21.977879+00	Body & Skin care 1	Lorem Ipsum is simply body & skin care 1 text of the printing and typesetting industry. Lorem Ipsum has been the industry's standard dummy text ever since the 1500s, when an unknown printer took a galley of type and scrambled it to make a type specimen book. It has survived not only five centuries, but also the leap into electronic typesetting, remaining essentially unchanged.	story_images/care1.png	t	body-skin-care-1	<h3><strong>This blog is about Body &amp; Skin care 1.</strong></h3>\r\n\r\n<p>&nbsp;</p>\r\n\r\n<p><strong>Lorem Ipsum</strong>&nbsp;is simply dummy text of the printing and typesetting industry. Lorem Ipsum has been the industry&#39;s standard dummy text ever since the 1500s, when an unknown printer took a galley of type and scrambled it to make a type specimen book. It has survived not only five centuries, but also the leap into electronic typesetting, remaining essentially unchanged.</p>\r\n\r\n<p>&nbsp;</p>\r\n\r\n<p>&nbsp;</p>\r\n\r\n<p>&nbsp;</p>\r\n\r\n<p>&nbsp; &nbsp; &nbsp; &nbsp; &nbsp; &nbsp; &nbsp; &nbsp; &nbsp; &nbsp; &nbsp; &nbsp; &nbsp; &nbsp; &nbsp; &nbsp; &nbsp; &nbsp; &nbsp; &nbsp; &nbsp; &nbsp; &nbsp; &nbsp; &nbsp; &nbsp; &nbsp; &nbsp; &nbsp; &nbsp; &nbsp; &nbsp;&nbsp;<img alt="" src="/media/uploads/2023/06/21/care1.png" style="height:170px; width:296px" /></p>\r\n\r\n<p>&nbsp;</p>\r\n\r\n<p>&nbsp;</p>\r\n\r\n<p><strong>PRODEUCT</strong></p>\r\n\r\n<p>It is a long established fact that a reader will be distracted by the readable content of a page when looking at its layout. The point of using Lorem Ipsum is that it has a more-or-less normal distribution of letters, as opposed to using &#39;Content here, content here&#39;, making it look like readable English. Many desktop publishing packages and web page editors now use Lorem Ipsum as their default model text, and a search.</p>	1	2	Lorem Ipsum sadəcə olaraq bədən və dəriyə qulluq 1 çap və çap sənayesinin mətnidir. Lorem Ipsum, 1500-cü illərdən bəri sənayenin standart dummy mətni olmuşdur, naməlum printer bir tipli qalereya götürdü və bir növ nümunə kitabı hazırlamaq üçün onu qarışdırdı. O, təkcə beş əsr ərzində deyil, həm də elektron çapa sıçrayışdan sonra, mahiyyətcə dəyişmədən sağ qaldı.	Lorem Ipsum is simply body & skin care 1 text of the printing and typesetting industry. Lorem Ipsum has been the industry's standard dummy text ever since the 1500s, when an unknown printer took a galley of type and scrambled it to make a type specimen book. It has survived not only five centuries, but also the leap into electronic typesetting, remaining essentially unchanged.	Lorem Ipsum — это просто уход за телом и кожей 1 текст в полиграфической и наборной индустрии. Lorem Ipsum был стандартным фиктивным текстом в отрасли с 1500-х годов, когда неизвестный печатник взял гранку шрифта и перемешал ее, чтобы сделать книгу образцов шрифтов. Он пережил не только пять столетий, но и скачок в электронный набор текста, оставаясь практически неизменным.	Bədən və Dəriyə Qulluq 1	Body & Skin care 1	Уход за телом и кожей 1
13	2023-06-21 07:54:10.264814+00	2023-05-01 18:04:09.739+00	Clothes 1	Lorem Ipsum is simply Clothes 1 text of the printing and typesetting industry. Lorem Ipsum has been the industry's standard dummy text ever since the 1500s, when an unknown printer took a galley of type and scrambled it to make a type specimen book. It has survived not only five centuries, but also the leap into electronic typesetting, remaining essentially unchanged	story_images/clothes_1_8yupLU4.png	t	clothes-1	<h3><strong>This blog is about Clothes 1.</strong></h3>\r\n\r\n<p>&nbsp;</p>\r\n\r\n<p><strong>Lorem Ipsum</strong>&nbsp;is simply dummy text of the printing and typesetting industry.</p>\r\n\r\n<p>Lorem Ipsum has been the industry&#39;s standard dummy text ever since the 1500s, when an unknown printer took a galley of type and scrambled it to make a type specimen book. It has survived not only five centuries, but also the leap into electronic typesetting, remaining essentially unchanged.</p>\r\n\r\n<p>&nbsp;</p>\r\n\r\n<p>&nbsp; &nbsp; &nbsp; &nbsp; &nbsp; &nbsp; &nbsp; &nbsp; &nbsp; &nbsp; &nbsp; &nbsp; &nbsp; &nbsp; &nbsp; &nbsp; &nbsp; &nbsp; &nbsp; &nbsp; &nbsp; &nbsp;&nbsp;<img alt="" src="/media/uploads/2023/06/21/clothes-3_seLSD8i.png" style="height:225px; width:225px" /></p>\r\n\r\n<p>&nbsp;</p>\r\n\r\n<p>&nbsp;</p>\r\n\r\n<p><strong>PRODEUCT</strong></p>\r\n\r\n<p>&nbsp;</p>\r\n\r\n<p>It is a long established fact that a reader will be distracted by the readable content of a page when looking at its layout. The point of using Lorem Ipsum is that it has a more-or-less normal distribution of letters, as opposed to using &#39;Content here, content here&#39;, making it look like readable English.</p>	1	3	Lorem Ipsum sadəcə olaraq çap və çap sənayesinin Geyim 1 mətnidir. Lorem Ipsum, 1500-cü illərdən bəri sənayenin standart dummy mətni olmuşdur, naməlum printer bir tipli qalereya götürdü və bir növ nümunə kitabı hazırlamaq üçün onu qarışdırdı. O, təkcə beş əsr ərzində deyil, həm də elektron çapa sıçrayışdan sonra, mahiyyətcə dəyişmədən sağ qaldı.	Lorem Ipsum is simply Clothes 1 text of the printing and typesetting industry. Lorem Ipsum has been the industry's standard dummy text ever since the 1500s, when an unknown printer took a galley of type and scrambled it to make a type specimen book. It has survived not only five centuries, but also the leap into electronic typesetting, remaining essentially unchanged	Lorem Ipsum — это просто текст «Одежда 1» для полиграфической и наборной промышленности. Lorem Ipsum был стандартным фиктивным текстом в отрасли с 1500-х годов, когда неизвестный печатник взял гранку шрифта и перемешал ее, чтобы сделать книгу образцов шрифтов. Он пережил не только пять столетий, но и скачок в электронный набор текста, оставаясь практически неизменным.	Geyim 1	Clothes 1	Одежда 1
5	2023-06-21 07:22:40.986093+00	2023-07-01 18:01:34.322422+00	Body & Skin care 2	Lorem Ipsum is simply body & Skin care 2 text of the printing and typesetting industry. Lorem Ipsum has been the industry's standard dummy text ever since the 1500s, when an unknown printer took a galley of type and scrambled it to make a type specimen book. It has survived not only five centuries, but also the leap into electronic typesetting, remaining essentially unchanged.	story_images/care_2.png	t	body-skin-care-25	<h3><strong>This blog is about Body &amp; Skin care 2.</strong></h3>\r\n\r\n<p>&nbsp;</p>\r\n\r\n<p><strong>Lorem Ipsum</strong>&nbsp;is simply dummy text of the printing and typesetting industry. Lorem Ipsum has been the industry&#39;s standard dummy text ever since the 1500s, when an unknown printer took a galley of type and scrambled it to make a type specimen book. It has survived not only five centuries, but also the leap into electronic typesetting, remaining essentially unchanged.&nbsp;</p>\r\n\r\n<p>&nbsp;</p>\r\n\r\n<p>&nbsp;</p>\r\n\r\n<p>&nbsp; &nbsp; &nbsp; &nbsp; &nbsp; &nbsp; &nbsp; &nbsp; &nbsp; &nbsp; &nbsp; &nbsp; &nbsp; &nbsp; &nbsp; &nbsp; &nbsp; &nbsp; &nbsp; &nbsp; &nbsp; &nbsp; &nbsp; &nbsp; &nbsp; &nbsp; &nbsp; &nbsp; &nbsp; &nbsp; &nbsp; &nbsp; &nbsp; &nbsp; &nbsp; &nbsp;&nbsp;<img alt="" src="/media/uploads/2023/06/21/care3.png" style="height:225px; width:225px" /></p>\r\n\r\n<p>&nbsp;</p>\r\n\r\n<p>&nbsp;</p>\r\n\r\n<p><strong>PRODEUCT</strong></p>\r\n\r\n<p>It is a long established fact that a reader will be distracted by the readable content of a page when looking at its layout. The point of using Lorem Ipsum is that it has a more-or-less normal distribution of letters, as opposed to using &#39;Content here, content here&#39;, making it look like readable English. Many desktop publishing packages and web page editors now use Lorem Ipsum.</p>	1	2	Lorem Ipsum sadəcə olaraq çap və çap sənayesinin bədən və dəriyə qulluq 2 mətnidir. Lorem Ipsum, 1500-cü illərdən bəri sənayenin standart dummy mətni olmuşdur, naməlum printer bir tipli qalereya götürdü və bir növ nümunə kitabı hazırlamaq üçün onu qarışdırdı. O, təkcə beş əsr ərzində deyil, həm də elektron çapa sıçrayışdan sonra, mahiyyətcə dəyişmədən sağ qaldı.	Lorem Ipsum is simply body & Skin care 2 text of the printing and typesetting industry. Lorem Ipsum has been the industry's standard dummy text ever since the 1500s, when an unknown printer took a galley of type and scrambled it to make a type specimen book. It has survived not only five centuries, but also the leap into electronic typesetting, remaining essentially unchanged.	Lorem Ipsum — это просто текст по уходу за телом и кожей 2 в сфере печати и набора текста. Lorem Ipsum был стандартным фиктивным текстом в отрасли с 1500-х годов, когда неизвестный печатник взял гранку шрифта и перемешал ее, чтобы сделать книгу образцов шрифтов. Он пережил не только пять столетий, но и скачок в электронный набор текста, оставаясь практически неизменным.	Bədən və Dəriyə Qulluq 2	Body & Skin care 2	Уход за телом и кожей 2
6	2023-06-21 07:26:52.818606+00	2023-07-01 18:01:44.869822+00	Accessories 1	Lorem Ipsum is simply Accessories 1 text of the printing and typesetting industry. Lorem Ipsum has been the industry's standard dummy text ever since the 1500s, when an unknown printer took a galley of type and scrambled it to make a type specimen book. It has survived not only five centuries, but also the leap into electronic typesetting, remaining essentially unchanged.	story_images/accessor1.png	t	accessories-16	<h3><strong>This blog is about Accessories 1.</strong></h3>\r\n\r\n<p>&nbsp;</p>\r\n\r\n<p><strong>Lorem Ipsum</strong>&nbsp;is simply dummy text of the printing and typesetting industry.</p>\r\n\r\n<p>Lorem Ipsum has been the industry&#39;s standard dummy text ever since the 1500s, when an unknown printer took a galley of type and scrambled it to make a type specimen book. It has survived not only five centuries, but also the leap into electronic typesetting, remaining essentially unchanged!</p>\r\n\r\n<p>&nbsp;</p>\r\n\r\n<p>&nbsp;</p>\r\n\r\n<p>&nbsp; &nbsp; &nbsp; &nbsp; &nbsp; &nbsp; &nbsp; &nbsp; &nbsp; &nbsp; &nbsp; &nbsp; &nbsp; &nbsp; &nbsp; &nbsp; &nbsp; &nbsp; &nbsp; &nbsp; &nbsp; &nbsp; &nbsp; &nbsp; &nbsp; &nbsp; &nbsp; &nbsp; &nbsp; &nbsp; &nbsp; &nbsp; &nbsp;<img alt="" src="/media/uploads/2023/06/21/accessor.png" style="height:246px; width:205px" /></p>\r\n\r\n<p>&nbsp;</p>\r\n\r\n<p>&nbsp;</p>\r\n\r\n<p><strong>PRODEUCT</strong></p>\r\n\r\n<p>It is a long established fact that a reader will be distracted by the readable content of a page when looking at its layout. The point of using Lorem Ipsum is that it has a more-or-less normal distribution of letters, as opposed to using &#39;Content here, content here&#39;, making it look like readable English.&nbsp;</p>\r\n\r\n<p>&nbsp;</p>	1	4	Lorem Ipsum sadəcə olaraq çap və çap sənayesinin Aksessuarlar 1 mətnidir. Lorem Ipsum, 1500-cü illərdən bəri sənayenin standart dummy mətni olmuşdur, naməlum printer bir tipli qalereya götürdü və bir növ nümunə kitabı hazırlamaq üçün onu qarışdırdı. O, təkcə beş əsr ərzində deyil, həm də elektron çapa sıçrayışdan sonra, mahiyyətcə dəyişmədən sağ qaldı.	Lorem Ipsum is simply Accessories 1 text of the printing and typesetting industry. Lorem Ipsum has been the industry's standard dummy text ever since the 1500s, when an unknown printer took a galley of type and scrambled it to make a type specimen book. It has survived not only five centuries, but also the leap into electronic typesetting, remaining essentially unchanged.	Lorem Ipsum — это просто вспомогательный текст 1 для полиграфической и наборной промышленности. Lorem Ipsum был стандартным фиктивным текстом в отрасли с 1500-х годов, когда неизвестный печатник взял гранку шрифта и перемешал ее, чтобы сделать книгу образцов шрифтов. Он пережил не только пять столетий, но и скачок в электронный набор текста, оставаясь практически неизменным.	Aksesuar 1	Accessories 1	Аксессуары 1
7	2023-06-21 07:29:30.152656+00	2023-07-01 18:02:05.932494+00	Accessories 2	Lorem Ipsum is simply accessories 2 text of the printing and typesetting industry. Lorem Ipsum has been the industry's standard dummy text ever since the 1500s, when an unknown printer took a galley of type and scrambled it to make a type specimen book. It has survived not only five centuries, but also the leap into electronic typesetting, remaining essentially unchanged.	story_images/accessor_2.png	f	accessories-2	<h3><strong>This blog is about Accessories 2 .</strong></h3>\r\n\r\n<p>&nbsp;</p>\r\n\r\n<p><strong>Lorem Ipsum</strong>&nbsp;is simply dummy text of the printing and typesetting industry.</p>\r\n\r\n<p>Lorem Ipsum has been the industry&#39;s standard dummy text ever since the 1500s, when an unknown printer took a galley of type and scrambled it to make a type specimen book. It has survived not only five centuries, but also the leap into electronic typesetting, remaining essentially unchanged.</p>\r\n\r\n<p>&nbsp; &nbsp; &nbsp; &nbsp; &nbsp; &nbsp; &nbsp; &nbsp; &nbsp; &nbsp; &nbsp; &nbsp; &nbsp; &nbsp; &nbsp; &nbsp; &nbsp; &nbsp; &nbsp; &nbsp; &nbsp; &nbsp; &nbsp; &nbsp; &nbsp; &nbsp; &nbsp; &nbsp; &nbsp;<img alt="" src="/media/uploads/2023/06/21/accessor_rPAibrN.png" style="height:246px; width:205px" /></p>\r\n\r\n<p>&nbsp;</p>\r\n\r\n<p><strong>PRODEUCT</strong></p>\r\n\r\n<p>It is a long established fact that a reader will be distracted by the readable content of a page when looking at its layout. The point of using Lorem Ipsum is that it has a more-or-less normal distribution of letters, as opposed to using &#39;Content here, content here&#39;, making it look like readable English.</p>\r\n\r\n<p>&nbsp;</p>\r\n\r\n<p>&nbsp;</p>	1	4	Lorem Ipsum çap və çap sənayesinin sadəcə aksesuarlarıdır. Lorem Ipsum, 1500-cü illərdən bəri sənayenin standart dummy mətni olmuşdur, naməlum printer bir tipli qalereya götürdü və bir növ nümunə kitabı hazırlamaq üçün onu qarışdırdı. O, təkcə beş əsr ərzində deyil, həm də elektron çapa sıçrayışdan sonra, mahiyyətcə dəyişmədən sağ qaldı.	Lorem Ipsum is simply accessories 2 text of the printing and typesetting industry. Lorem Ipsum has been the industry's standard dummy text ever since the 1500s, when an unknown printer took a galley of type and scrambled it to make a type specimen book. It has survived not only five centuries, but also the leap into electronic typesetting, remaining essentially unchanged.	Lorem Ipsum — это просто аксессуар 2 для печати и набора текста. Lorem Ipsum был стандартным фиктивным текстом в отрасли с 1500-х годов, когда неизвестный печатник взял гранку шрифта и перемешал ее, чтобы сделать книгу образцов шрифтов. Он пережил не только пять столетий, но и скачок в электронный набор текста, оставаясь практически неизменным.	Aksesuar 2	Accessories 2	Аксессуары 2
12	2023-06-21 07:51:51.847669+00	2023-07-01 18:03:25.573709+00	Furniture 3	Lorem Ipsum is simply Furniture 3 text of the printing and typesetting industry. Lorem Ipsum has been the industry's standard dummy text ever since the 1500s, when an unknown printer took a galley of type and scrambled it to make a type specimen book. It has survived not only five centuries, but also the leap into electronic typesetting, remaining essentially unchanged.	story_images/furniture_3_vNikyY9.png	t	furniture-3	<h3><strong>This blog is about furniture 3.</strong></h3>\r\n\r\n<p>&nbsp;</p>\r\n\r\n<p><strong>Lorem Ipsum</strong>&nbsp;is simply dummy text of the printing and typesetting industry.</p>\r\n\r\n<p>Lorem Ipsum has been the industry&#39;s standard dummy text ever since the 1500s, when an unknown printer took a galley of type and scrambled it to make a type specimen book. It has survived not only five centuries, but also the leap into electronic typesetting, remaining essentially unchanged.</p>\r\n\r\n<p>&nbsp;</p>\r\n\r\n<p>&nbsp; &nbsp; &nbsp; &nbsp; &nbsp; &nbsp; &nbsp; &nbsp; &nbsp; &nbsp; &nbsp; &nbsp; &nbsp; &nbsp; &nbsp; &nbsp; &nbsp; &nbsp; &nbsp; &nbsp; &nbsp; &nbsp; &nbsp;&nbsp;<img alt="" src="/media/uploads/2023/06/21/furniture-3_As0inqC.png" style="height:119px; width:169px" /></p>\r\n\r\n<p>&nbsp;</p>\r\n\r\n<p>&nbsp;</p>\r\n\r\n<p>&nbsp;</p>\r\n\r\n<p><strong>PRODEUCT</strong></p>\r\n\r\n<p>It is a long established fact that a reader will be distracted by the readable content of a page when looking at its layout. The point of using Lorem Ipsum is that it has a more-or-less normal distribution of letters, as opposed to using &#39;Content here, content here&#39;, making it look like readable English. Many desktop publishing packages and web page editors .</p>	1	1	Lorem Ipsum sadəcə olaraq çap və çap sənayesinin Mebel 3 mətnidir. Lorem Ipsum, 1500-cü illərdən bəri sənayenin standart dummy mətni olmuşdur, naməlum printer bir tipli qalereya götürdü və bir növ nümunə kitabı hazırlamaq üçün onu qarışdırdı. O, təkcə beş əsr ərzində deyil, həm də elektron çapa sıçrayışdan sonra, mahiyyətcə dəyişmədən sağ qaldı.	Lorem Ipsum is simply Furniture 3 text of the printing and typesetting industry. Lorem Ipsum has been the industry's standard dummy text ever since the 1500s, when an unknown printer took a galley of type and scrambled it to make a type specimen book. It has survived not only five centuries, but also the leap into electronic typesetting, remaining essentially unchanged.	Lorem Ipsum — это просто текст «Мебель 3» для полиграфической и наборной промышленности. Lorem Ipsum был стандартным фиктивным текстом в отрасли с 1500-х годов, когда неизвестный печатник взял гранку шрифта и перемешал ее, чтобы сделать книгу образцов шрифтов. Он пережил не только пять столетий, но и скачок в электронный набор текста, оставаясь практически неизменным.	Mebel 3	Furniture 3	Мебель 3
14	2023-06-21 07:55:48.220454+00	2023-07-01 18:04:18.053884+00	Clothes 2	Lorem Ipsum is simply Clothes 2 text of the printing and typesetting industry. Lorem Ipsum has been the industry's standard dummy text ever since the 1500s, when an unknown printer took a galley of type and scrambled it to make a type specimen book. It has survived not only five centuries, but also the leap into electronic typesetting, remaining essentially unchanged.	story_images/clothes_2_2rKjOFe.png	t	clothes-2	<h3><strong>This blog is about Clothes 2.</strong></h3>\r\n\r\n<p>&nbsp;</p>\r\n\r\n<p><strong>Lorem Ipsum</strong>&nbsp;is simply dummy text of the printing and typesetting industry.</p>\r\n\r\n<p>Lorem Ipsum has been the industry&#39;s standard dummy text ever since the 1500s, when an unknown printer took a galley of type and scrambled it to make a type specimen book. It has survived not only five centuries, but also the leap into electronic typesetting, remaining essentially unchanged.</p>\r\n\r\n<p>&nbsp;</p>\r\n\r\n<p><img alt="" src="/media/uploads/2023/06/21/clothes-3_XupVvX0.png" style="height:225px; width:225px" /></p>\r\n\r\n<p>&nbsp;</p>\r\n\r\n<p>&nbsp;</p>\r\n\r\n<p><strong>PRODEUCT</strong></p>\r\n\r\n<p>It is a long established fact that a reader will be distracted by the readable content of a page when looking at its layout. The point of using Lorem Ipsum is that it has a more-or-less normal distribution of letters, as opposed to using &#39;Content here, content here&#39;, making it look like readable English.</p>	1	3	Lorem Ipsum sadəcə çap və çap sənayesinin Geyim 2 mətnidir. Lorem Ipsum, 1500-cü illərdən bəri sənayenin standart dummy mətni olmuşdur, naməlum printer bir tipli qalereya götürdü və bir növ nümunə kitabı hazırlamaq üçün onu qarışdırdı. O, təkcə beş əsr ərzində deyil, həm də elektron çapa sıçrayışdan sonra, mahiyyətcə dəyişmədən sağ qaldı.	Lorem Ipsum is simply Clothes 2 text of the printing and typesetting industry. Lorem Ipsum has been the industry's standard dummy text ever since the 1500s, when an unknown printer took a galley of type and scrambled it to make a type specimen book. It has survived not only five centuries, but also the leap into electronic typesetting, remaining essentially unchanged.	Lorem Ipsum — это просто текст «Одежда 2» полиграфической и наборной индустрии. Lorem Ipsum был стандартным фиктивным текстом в отрасли с 1500-х годов, когда неизвестный печатник взял гранку шрифта и перемешал ее, чтобы сделать книгу образцов шрифтов. Он пережил не только пять столетий, но и скачок в электронный набор текста, оставаясь практически неизменным.	Geyim 2	Clothes 2	Одежда 2
\.


--
-- Data for Name: blogs_story_tag; Type: TABLE DATA; Schema: public; Owner: pavshop_user
--

COPY public.blogs_story_tag (id, story_id, tag_id) FROM stdin;
1	4	3
2	5	3
3	6	1
4	7	1
5	10	4
6	12	4
7	11	4
8	13	5
9	14	5
10	20	5
\.


--
-- Data for Name: blogs_tag; Type: TABLE DATA; Schema: public; Owner: pavshop_user
--

COPY public.blogs_tag (id, created_at, updated_at, name, slug, name_az, name_en, name_ru) FROM stdin;
3	2023-06-21 07:45:21.665907+00	2023-06-27 12:07:55.017759+00	Bədən və Dəriyə Qulluq	body-skin-care3	Bədən və Dəriyə Qulluq	Body & Skin Care	Уход за телом и кожей
1	2023-06-21 07:37:08.199747+00	2023-06-27 13:05:09.420257+00	Аксессуары	accessories1	Aksesuarlar	Accessories	Аксессуары
4	2023-06-21 07:52:10.698133+00	2023-07-08 19:59:56.601192+00	Furniture	furniture4	Mebel	Furniture	Мебель
5	2023-06-21 07:56:08.043557+00	2023-07-08 20:00:22.082228+00	Clothes	clothes5	Geyimlər	Clothes	Одежда
\.


--
-- Data for Name: django_admin_log; Type: TABLE DATA; Schema: public; Owner: pavshop_user
--

COPY public.django_admin_log (id, action_time, object_id, object_repr, action_flag, change_message, content_type_id, user_id) FROM stdin;
1	2023-06-21 06:59:51.584966+00	1	parvana	2	[{"changed": {"fields": ["First name", "Last name", "Bio", "Image", "Major", "Gender"]}}]	6	1
2	2023-06-21 07:01:31.542703+00	1	Furniture => furniture	1	[{"added": {}}]	7	1
3	2023-06-21 07:01:46.628901+00	2	Body & Skin Care => care	1	[{"added": {}}]	7	1
4	2023-06-21 07:02:00.576522+00	3	Clothes => clothes	1	[{"added": {}}]	7	1
5	2023-06-21 07:02:13.772927+00	4	Accessories => accessories	1	[{"added": {}}]	7	1
6	2023-06-21 07:10:25.09756+00	1	Furniture 1	1	[{"added": {}}]	8	1
7	2023-06-21 07:13:13.474822+00	2	Furniture 2	1	[{"added": {}}]	8	1
8	2023-06-21 07:15:55.362904+00	3	Furniture 3	1	[{"added": {}}]	8	1
9	2023-06-21 07:19:17.169427+00	4	Body & Skin care 1	1	[{"added": {}}]	8	1
10	2023-06-21 07:20:06.380737+00	1	Furniture 1	2	[{"changed": {"fields": ["Category"]}}]	8	1
11	2023-06-21 07:22:40.996077+00	5	Body & Skin care 2	1	[{"added": {}}]	8	1
12	2023-06-21 07:26:52.827381+00	6	Accessories 1	1	[{"added": {}}]	8	1
13	2023-06-21 07:29:30.16273+00	7	Accessories 2	1	[{"added": {}}]	8	1
14	2023-06-21 07:32:32.064535+00	8	Clothes 1	1	[{"added": {}}]	8	1
15	2023-06-21 07:32:44.258449+00	3	Furniture 3	2	[{"changed": {"fields": ["Is archive"]}}]	8	1
16	2023-06-21 07:32:55.591949+00	1	Furniture 1	2	[{"changed": {"fields": ["Is archive"]}}]	8	1
17	2023-06-21 07:36:05.986379+00	9	Clothes 2	1	[{"added": {}}]	8	1
18	2023-06-21 07:37:08.213748+00	1	Accessories => accessories	1	[{"added": {}}]	9	1
19	2023-06-21 07:42:24.545356+00	2	Furniture => furniture	1	[{"added": {}}]	9	1
20	2023-06-21 07:44:15.577584+00	2	Furniture => furniture	3		9	1
21	2023-06-21 07:44:35.331681+00	3	Furniture 3	3		8	1
22	2023-06-21 07:44:35.337682+00	2	Furniture 2	3		8	1
23	2023-06-21 07:44:35.341688+00	1	Furniture 1	3		8	1
24	2023-06-21 07:45:02.823254+00	9	Clothes 2	3		8	1
25	2023-06-21 07:45:02.82925+00	8	Clothes 1	3		8	1
26	2023-06-21 07:45:21.677524+00	3	Body & Skin Care => care	1	[{"added": {}}]	9	1
27	2023-06-21 07:47:48.743594+00	10	Furniture 1	1	[{"added": {}}]	8	1
28	2023-06-21 07:49:34.44562+00	11	Furniture 2	1	[{"added": {}}]	8	1
29	2023-06-21 07:51:51.855379+00	12	Furniture 3	1	[{"added": {}}]	8	1
30	2023-06-21 07:52:10.709128+00	4	Furniture => furniture	1	[{"added": {}}]	9	1
31	2023-06-21 07:54:10.27575+00	13	Clothes 1	1	[{"added": {}}]	8	1
32	2023-06-21 07:55:48.230487+00	14	Clothes 2	1	[{"added": {}}]	8	1
33	2023-06-21 07:56:08.054725+00	5	Clothes => clothes	1	[{"added": {}}]	9	1
34	2023-06-21 14:11:50.062787+00	16	Test 1	2	[{"changed": {"fields": ["Description", "Slug"]}}]	8	1
35	2023-06-21 14:26:19.671883+00	16	Test 2	2	[{"changed": {"fields": ["Title", "Slug"]}}]	8	1
36	2023-06-22 07:55:43.995485+00	18	Test 3	3		8	1
37	2023-06-22 07:55:44.001482+00	17	Test 1	3		8	1
38	2023-06-22 07:55:44.005303+00	16	Test 2	3		8	1
39	2023-06-22 07:55:44.00831+00	15	Test	3		8	1
40	2023-06-22 13:49:01.327336+00	1	Embawood embawood	1	[{"added": {}}]	11	1
41	2023-06-22 13:49:15.762203+00	1	Furniture furniture	1	[{"added": {}}]	12	1
42	2023-06-22 13:49:46.098577+00	1	Color	1	[{"added": {}}]	14	1
43	2023-06-22 13:49:59.856923+00	1	Red	1	[{"added": {}}]	18	1
44	2023-06-22 13:50:11.659633+00	2	Yellow	1	[{"added": {}}]	18	1
45	2023-06-22 13:50:33.194306+00	3	Brown	1	[{"added": {}}]	18	1
46	2023-06-22 13:50:42.773862+00	4	Blue	1	[{"added": {}}]	18	1
47	2023-06-22 13:51:02.325987+00	5	Black	1	[{"added": {}}]	18	1
48	2023-06-22 13:51:08.231408+00	6	Green	1	[{"added": {}}]	18	1
49	2023-06-22 13:51:27.836141+00	7	White	1	[{"added": {}}]	18	1
50	2023-06-22 13:51:34.331261+00	8	Purple	1	[{"added": {}}]	18	1
51	2023-06-22 13:53:59.452123+00	1	Furniture 1	1	[{"added": {}}, {"added": {"name": "product images", "object": "products_images/f-slider1.png Furniture 1"}}, {"added": {"name": "product images", "object": "products_images/f-slider2.png Furniture 1"}}, {"added": {"name": "product images", "object": "products_images/f-slider3.png Furniture 1"}}]	13	1
52	2023-06-22 13:57:16.633127+00	2	Furniture 2	1	[{"added": {}}, {"added": {"name": "product images", "object": "products_images/f2-slider1.png Furniture 2"}}, {"added": {"name": "product images", "object": "products_images/f2-slider2.png Furniture 2"}}, {"added": {"name": "product images", "object": "products_images/f2-slider3.png Furniture 2"}}]	13	1
53	2023-06-22 13:58:50.2717+00	3	Furniture 3	1	[{"added": {}}, {"added": {"name": "product images", "object": "products_images/f3-slider1.png Furniture 3"}}, {"added": {"name": "product images", "object": "products_images/f3-slider2.png Furniture 3"}}, {"added": {"name": "product images", "object": "products_images/f3-slider3.png Furniture 3"}}]	13	1
54	2023-06-22 14:02:30.725381+00	2	Adidas adidas	1	[{"added": {}}]	11	1
55	2023-06-22 14:02:42.954891+00	2	Clothes clothes	1	[{"added": {}}]	12	1
56	2023-06-22 14:03:11.116617+00	4	Clothes 1	1	[{"added": {}}, {"added": {"name": "product images", "object": "products_images/c-slider1.png Clothes 1"}}, {"added": {"name": "product images", "object": "products_images/c-slider2.png Clothes 1"}}, {"added": {"name": "product images", "object": "products_images/c-slider2_28Ym58z.png Clothes 1"}}]	13	1
57	2023-06-22 14:05:08.175298+00	5	Clothes 2	1	[{"added": {}}, {"added": {"name": "product images", "object": "products_images/c3-slider1g.png Clothes 2"}}, {"added": {"name": "product images", "object": "products_images/c3-slider2g.png Clothes 2"}}, {"added": {"name": "product images", "object": "products_images/c3-slider3g.png Clothes 2"}}]	13	1
58	2023-06-22 14:06:22.639653+00	3	Nike nike	1	[{"added": {}}]	11	1
59	2023-06-22 14:07:02.997366+00	6	Clothes 3	1	[{"added": {}}, {"added": {"name": "product images", "object": "products_images/c3-slider1.png Clothes 3"}}, {"added": {"name": "product images", "object": "products_images/c3-slider2.png Clothes 3"}}, {"added": {"name": "product images", "object": "products_images/c3-slider3.png Clothes 3"}}]	13	1
60	2023-06-22 14:08:04.39887+00	4	Shein shein	1	[{"added": {}}]	11	1
61	2023-06-22 14:08:15.765174+00	3	Accessories accessories	1	[{"added": {}}]	12	1
62	2023-06-22 14:08:49.75474+00	7	Accessories 1	1	[{"added": {}}, {"added": {"name": "product images", "object": "products_images/a-slider1.png Accessories 1"}}, {"added": {"name": "product images", "object": "products_images/a-slider2.png Accessories 1"}}, {"added": {"name": "product images", "object": "products_images/a-slider3.png Accessories 1"}}]	13	1
137	2023-06-23 10:53:45.776513+00	21	true Clothes 3 parvana 1 True	3		17	1
138	2023-06-23 10:53:45.784608+00	20	yes Clothes 3 parvana 1 True	3		17	1
139	2023-06-23 10:53:45.784608+00	19	yes Clothes 3 parvana 1 True	3		17	1
63	2023-06-22 14:11:00.486028+00	8	Accessories 2	1	[{"added": {}}, {"added": {"name": "product images", "object": "products_images/a2-slider1r.png Accessories 2"}}, {"added": {"name": "product images", "object": "products_images/a2-slider2r.png Accessories 2"}}, {"added": {"name": "product images", "object": "products_images/a2-slider3r.png Accessories 2"}}]	13	1
64	2023-06-22 14:14:07.595541+00	4	Sport sport	1	[{"added": {}}]	12	1
65	2023-06-22 14:14:34.568656+00	9	Sport 1	1	[{"added": {}}, {"added": {"name": "product images", "object": "products_images/s4-slider1.png Sport 1"}}, {"added": {"name": "product images", "object": "products_images/s4-slider2.png Sport 1"}}, {"added": {"name": "product images", "object": "products_images/s4-slider3.png Sport 1"}}]	13	1
66	2023-06-22 14:16:04.991579+00	10	Sport 2	1	[{"added": {}}, {"added": {"name": "product images", "object": "products_images/s3-slider1.png Sport 2"}}, {"added": {"name": "product images", "object": "products_images/s3-slider2.png Sport 2"}}, {"added": {"name": "product images", "object": "products_images/s3-slider3.png Sport 2"}}]	13	1
67	2023-06-22 14:21:43.434192+00	1	Furniture products.Product.None furniture	1	[{"added": {}}]	16	1
68	2023-06-22 14:21:55.65612+00	2	Clothes products.Product.None clothes	1	[{"added": {}}]	16	1
69	2023-06-22 14:22:09.547977+00	3	Sports products.Product.None sports	1	[{"added": {}}]	16	1
70	2023-06-22 14:22:31.915255+00	4	Accessories products.Product.None accessories	1	[{"added": {}}]	16	1
71	2023-06-22 14:45:17.468629+00	3	Furniture 3	2	[{"changed": {"fields": ["Property values"]}}]	13	1
72	2023-06-22 14:45:52.197042+00	1	Furniture 1	2	[{"changed": {"fields": ["Property values"]}}]	13	1
73	2023-06-22 20:39:04.972453+00	1	Sherlock sherlock@gmail.com vau Furniture 1 parvana 1 True	3		17	1
74	2023-06-22 21:23:12.48699+00	1	Furniture 1	2	[{"changed": {"fields": ["In stock"]}}]	13	1
75	2023-06-22 21:29:45.369971+00	47	jale@gmail.com False	3		29	1
76	2023-06-22 21:29:45.377968+00	46	parvanayva@gmail.com False	3		29	1
77	2023-06-22 21:29:45.385989+00	45	sherlock@gmail.com False	3		29	1
78	2023-06-22 21:29:45.385989+00	44	sherlock@gmail.com False	3		29	1
79	2023-06-22 21:29:45.385989+00	43	sherlock@gmail.com False	3		29	1
80	2023-06-22 21:29:45.393968+00	42	pyva0055@gmail.com False	3		29	1
81	2023-06-22 21:29:45.393968+00	41	sherlock@gmail.com False	3		29	1
82	2023-06-22 21:29:45.401964+00	40	sherlock@gmail.com False	3		29	1
83	2023-06-22 21:29:45.401964+00	39	sherlock@gmail.com False	3		29	1
84	2023-06-22 21:29:45.409969+00	38	parvanayva@gmail.com False	3		29	1
85	2023-06-22 21:29:45.409969+00	37	parvanayva@gmail.com False	3		29	1
86	2023-06-22 21:29:45.409969+00	36	heyva@gmail.com False	3		29	1
87	2023-06-22 21:29:45.417991+00	35	armud@gmail.com False	3		29	1
88	2023-06-22 21:29:45.417991+00	34	sherlock@gmail.com False	3		29	1
89	2023-06-22 21:29:45.417991+00	33	pyva0055@gmail.com False	3		29	1
90	2023-06-22 21:29:45.425988+00	32	pyva0055@gmail.com False	3		29	1
91	2023-06-22 21:29:45.425988+00	31	pyva0055@gmail.com False	3		29	1
92	2023-06-22 21:29:45.433967+00	30	pyva0055@gmail.com False	3		29	1
93	2023-06-22 21:29:45.433967+00	29	sherlock@gmail.com False	3		29	1
94	2023-06-22 21:29:45.440235+00	28	sherlock@gmail.com False	3		29	1
95	2023-06-22 21:29:45.442567+00	27	sherlock@gmail.com False	3		29	1
96	2023-06-22 21:29:45.442567+00	26	sherlock@gmail.com False	3		29	1
97	2023-06-22 21:29:45.450588+00	25	sherlock@gmail.com False	3		29	1
98	2023-06-22 21:29:45.450588+00	24	sherlock@gmail.com False	3		29	1
99	2023-06-22 21:29:45.450588+00	23	parvanayva@gmail.com False	3		29	1
100	2023-06-22 21:29:45.460864+00	22	parvanayva@gmail.com False	3		29	1
101	2023-06-22 21:29:45.460864+00	21	apple@gmail.com False	3		29	1
102	2023-06-22 21:29:45.460864+00	20	apple@gmail.com False	3		29	1
103	2023-06-22 21:29:45.468958+00	19	apple@gmail.com False	3		29	1
104	2023-06-22 21:29:45.468958+00	18	armud@gmail.com False	3		29	1
105	2023-06-22 21:29:45.476958+00	17	delphi.akademiyasi@gmail.com False	3		29	1
106	2023-06-22 21:29:45.476958+00	16	heyva@gmail.com False	3		29	1
107	2023-06-22 21:29:45.484955+00	15	sherlock@gmail.com False	3		29	1
108	2023-06-22 21:29:45.484955+00	14	sherlock@gmail.com False	3		29	1
109	2023-06-22 21:29:45.492093+00	13	sherlock@gmail.com False	3		29	1
110	2023-06-22 21:29:45.494593+00	12	sherlock@gmail.com False	3		29	1
111	2023-06-22 21:29:45.498124+00	11	sherlock@gmail.com False	3		29	1
112	2023-06-22 21:29:45.500596+00	10	sherlock@gmail.com False	3		29	1
113	2023-06-22 21:29:45.502095+00	9	abc@gmail.com False	3		29	1
114	2023-06-22 21:29:45.502095+00	8	sherlock@gmail.com False	3		29	1
115	2023-06-22 21:29:45.511252+00	7	sherlock@gmail.com False	3		29	1
116	2023-06-22 21:29:45.511599+00	6	insan@gmail.com False	3		29	1
117	2023-06-22 21:29:45.511599+00	5	adam@gmail.com False	3		29	1
118	2023-06-22 21:29:45.519786+00	4	apple@gmail.com False	3		29	1
119	2023-06-22 21:29:45.519786+00	3	peri@gmail.com False	3		29	1
120	2023-06-22 21:29:45.527788+00	2	pear@gmail.com False	3		29	1
121	2023-06-22 21:29:45.527788+00	1	pear@gmail.com False	3		29	1
122	2023-06-22 22:20:45.167373+00	5	Perfecto! Clothes 2 parvana 1 False	2	[{"changed": {"fields": ["Is active"]}}]	17	1
123	2023-06-22 22:41:18.112248+00	4	Perfecto! Clothes 2 parvana 1 True	3		17	1
124	2023-06-22 22:41:40.685417+00	5	Perfecto! Clothes 2 parvana 1 False	3		17	1
125	2023-06-22 22:43:03.051721+00	6	So bad!!! Clothes 2 farid 1 False	2	[{"changed": {"fields": ["Is active"]}}]	17	1
126	2023-06-23 07:11:58.09875+00	8	haha Clothes 2 parvana 1 True	3		17	1
127	2023-06-23 07:12:14.409562+00	7	haha Clothes 2 parvana 1 False	2	[{"changed": {"fields": ["Is active"]}}]	17	1
128	2023-06-23 07:12:42.39123+00	7	haha Clothes 2 parvana 1 False	3		17	1
129	2023-06-23 07:16:25.379309+00	4	emil	2	[{"changed": {"fields": ["Bio", "Major", "Gender"]}}]	6	1
130	2023-06-23 07:43:57.646877+00	4	Vau, unbelieveable False farid	2	[{"changed": {"fields": ["Active"]}}]	10	1
131	2023-06-23 08:03:14.083866+00	13	Super! Clothes 3 parvana 1 True	3		17	1
132	2023-06-23 08:03:14.087783+00	12	Super! Clothes 3 parvana 1 True	3		17	1
133	2023-06-23 08:03:14.089798+00	11	Super! Clothes 3 parvana 1 True	3		17	1
134	2023-06-23 08:03:49.456305+00	14	Nice! Clothes 3 parvana 1 True	3		17	1
135	2023-06-23 10:53:45.768454+00	23	true Clothes 3 parvana 1 True	3		17	1
136	2023-06-23 10:53:45.776513+00	22	true Clothes 3 parvana 1 True	3		17	1
140	2023-06-23 10:53:45.792601+00	18	yes Clothes 3 parvana 1 True	3		17	1
141	2023-06-23 10:53:45.792601+00	17	heyyo Clothes 3 parvana 1 True	3		17	1
142	2023-06-23 10:53:45.792601+00	16	hey Clothes 3 parvana 1 True	3		17	1
143	2023-06-23 10:53:45.800603+00	15	hey Clothes 3 parvana 1 True	3		17	1
144	2023-06-23 11:00:54.527401+00	5	admin	2	[{"changed": {"fields": ["Active"]}}]	6	1
145	2023-06-23 12:15:41.036688+00	9	tech	2	[{"changed": {"fields": ["Image", "Major", "Gender"]}}]	6	1
146	2023-06-23 22:17:37.70408+00	9	tech	3		6	1
147	2023-06-23 22:17:37.712077+00	8	emil2	3		6	1
148	2023-06-23 22:17:37.712077+00	5	admin	3		6	1
149	2023-06-23 22:17:37.720077+00	4	emil	3		6	1
150	2023-06-24 11:36:01.315281+00	4	Body & Skin care 1	2	[{"changed": {"fields": ["Slug"]}}]	8	1
151	2023-06-24 11:37:58.679702+00	5	Body & Skin care 2	2	[{"changed": {"fields": ["Slug"]}}]	8	1
152	2023-06-24 11:38:14.418139+00	6	Accessories 1	2	[{"changed": {"fields": ["Slug"]}}]	8	1
153	2023-06-24 11:38:27.655015+00	7	Accessories 2	2	[{"changed": {"fields": ["Slug"]}}]	8	1
154	2023-06-24 11:38:38.09138+00	10	Furniture 1	2	[{"changed": {"fields": ["Slug"]}}]	8	1
155	2023-06-24 11:38:49.020378+00	11	Furniture 2	2	[{"changed": {"fields": ["Slug"]}}]	8	1
156	2023-06-24 11:38:59.607511+00	12	Furniture 3	2	[{"changed": {"fields": ["Slug"]}}]	8	1
157	2023-06-24 11:39:09.326038+00	13	Clothes 1	2	[{"changed": {"fields": ["Slug"]}}]	8	1
158	2023-06-24 11:39:23.585398+00	14	Clothes 2	2	[{"changed": {"fields": ["Slug"]}}]	8	1
159	2023-06-24 12:01:24.828336+00	4	Body & Skin care 1	2	[{"changed": {"fields": ["Slug"]}}]	8	1
160	2023-06-24 12:01:43.260858+00	5	Body & Skin care 2	2	[{"changed": {"fields": ["Slug"]}}]	8	1
161	2023-06-24 12:01:57.605705+00	6	Accessories 1	2	[{"changed": {"fields": ["Slug"]}}]	8	1
162	2023-06-24 12:02:11.895827+00	7	Accessories 2	2	[{"changed": {"fields": ["Slug"]}}]	8	1
163	2023-06-24 12:02:23.842021+00	10	Furniture 1	2	[{"changed": {"fields": ["Slug"]}}]	8	1
164	2023-06-24 12:02:32.794931+00	11	Furniture 2	2	[{"changed": {"fields": ["Slug"]}}]	8	1
165	2023-06-24 12:02:41.500874+00	12	Furniture 3	2	[{"changed": {"fields": ["Slug"]}}]	8	1
166	2023-06-24 12:02:50.947239+00	13	Clothes 1	2	[{"changed": {"fields": ["Slug"]}}]	8	1
167	2023-06-24 12:03:07.226878+00	14	Clothes 2	2	[{"changed": {"fields": ["Slug"]}}]	8	1
168	2023-06-24 12:26:55.64142+00	4	Body & Skin care 1	2	[{"changed": {"fields": ["Slug"]}}]	8	1
169	2023-06-24 12:29:49.601829+00	4	Body & Skin care 1	2	[{"changed": {"fields": ["Slug"]}}]	8	1
170	2023-06-24 12:30:12.197092+00	5	Body & Skin care 2	2	[{"changed": {"fields": ["Slug"]}}]	8	1
171	2023-06-24 12:31:00.405137+00	6	Accessories 1	2	[{"changed": {"fields": ["Slug"]}}]	8	1
172	2023-06-24 12:45:03.559286+00	4	Body & Skin care 1	2	[{"changed": {"fields": ["Slug"]}}]	8	1
173	2023-06-24 12:45:18.885265+00	4	Body & Skin care 1	2	[]	8	1
174	2023-06-24 12:49:02.145106+00	19	Clothes 3	1	[{"added": {}}]	8	1
175	2023-06-24 12:50:22.285556+00	19	Clothes 3	2	[{"changed": {"fields": ["Slug"]}}]	8	1
176	2023-06-24 12:50:37.253904+00	19	Clothes 3	3		8	1
177	2023-06-24 12:52:49.557474+00	20	Clothes 3	1	[{"added": {}}]	8	1
178	2023-06-24 12:54:25.066126+00	4	Body & Skin care 1	2	[{"changed": {"fields": ["Slug"]}}]	8	1
179	2023-06-24 12:56:25.682162+00	10	Furniture 12	2	[{"changed": {"fields": ["Title"]}}]	8	1
180	2023-06-24 12:56:44.142513+00	10	Furniture 1	2	[{"changed": {"fields": ["Title"]}}]	8	1
181	2023-06-24 13:01:22.748407+00	1	Accessories => None	2	[{"changed": {"fields": ["Slug"]}}]	9	1
182	2023-06-24 13:01:43.732446+00	1	Accessories => None	2	[]	9	1
183	2023-06-24 13:01:49.599486+00	3	Body & Skin Care => None	2	[{"changed": {"fields": ["Slug"]}}]	9	1
184	2023-06-24 13:01:55.394798+00	4	Furniture => None	2	[{"changed": {"fields": ["Slug"]}}]	9	1
185	2023-06-24 13:02:00.774938+00	5	Clothes => None	2	[{"changed": {"fields": ["Slug"]}}]	9	1
186	2023-06-24 13:03:31.437633+00	1	Accessories => None	2	[]	9	1
187	2023-06-24 13:04:08.323326+00	1	Accessories => accessories1	2	[]	9	1
188	2023-06-24 13:04:12.934341+00	3	Body & Skin Care => body-skin-care3	2	[]	9	1
189	2023-06-24 13:04:19.327502+00	4	Furniture => furniture4	2	[]	9	1
190	2023-06-24 13:04:22.814856+00	5	Clothes => clothes5	2	[]	9	1
191	2023-06-24 13:04:53.524036+00	1	Accessories => accessories1	2	[]	9	1
192	2023-06-24 13:04:57.948278+00	3	Body & Skin Care => body-skin-care3	2	[]	9	1
193	2023-06-24 13:05:01.661759+00	4	Furniture => furniture4	2	[]	9	1
194	2023-06-24 13:05:05.053286+00	5	Clothes => clothes5	2	[]	9	1
195	2023-06-24 14:05:49.576179+00	10	Sport 2	2	[{"changed": {"fields": ["Slug"]}}]	13	1
196	2023-06-24 14:06:19.828388+00	9	Sport 1	2	[{"changed": {"fields": ["Slug"]}}]	13	1
197	2023-06-24 14:06:19.837392+00	8	Accessories 2	2	[{"changed": {"fields": ["Slug"]}}]	13	1
198	2023-06-24 14:06:19.845366+00	7	Accessories 1	2	[{"changed": {"fields": ["Slug"]}}]	13	1
199	2023-06-24 14:06:19.854372+00	6	Clothes 3	2	[{"changed": {"fields": ["Slug"]}}]	13	1
200	2023-06-24 14:06:19.863375+00	5	Clothes 2	2	[{"changed": {"fields": ["Slug"]}}]	13	1
201	2023-06-24 14:06:19.869771+00	4	Clothes 1	2	[{"changed": {"fields": ["Slug"]}}]	13	1
202	2023-06-24 14:06:19.87878+00	3	Furniture 3	2	[{"changed": {"fields": ["Slug"]}}]	13	1
203	2023-06-24 14:06:19.889416+00	2	Furniture 2	2	[{"changed": {"fields": ["Slug"]}}]	13	1
204	2023-06-24 14:06:19.897431+00	1	Furniture 1	2	[{"changed": {"fields": ["Slug"]}}]	13	1
205	2023-06-24 14:06:48.647605+00	10	Sport 2	2	[{"changed": {"fields": ["Slug"]}}]	13	1
206	2023-06-24 14:07:03.005622+00	10	Sport 2	2	[{"changed": {"fields": ["Slug"]}}]	13	1
207	2023-06-24 14:08:13.568142+00	10	Sport 2	2	[]	13	1
208	2023-06-24 14:09:09.547764+00	10	Sport 2	2	[]	13	1
209	2023-06-24 14:10:37.518449+00	10	Sport 2	2	[]	13	1
210	2023-06-24 14:14:00.409467+00	1	Furniture 1	2	[]	13	1
211	2023-06-24 14:19:30.804016+00	1	Furniture 1	2	[]	13	1
212	2023-06-24 14:19:50.82833+00	10	Sport 2	2	[]	13	1
213	2023-06-24 14:24:03.459449+00	10	Sport 2	2	[]	13	1
214	2023-06-24 14:24:16.439067+00	9	Sport 1	2	[]	13	1
215	2023-06-24 14:24:27.314379+00	8	Accessories 2	2	[]	13	1
216	2023-06-24 14:24:36.926712+00	7	Accessories 1	2	[]	13	1
217	2023-06-24 14:24:49.573381+00	6	Clothes 3	2	[]	13	1
218	2023-06-24 14:25:02.953468+00	5	Clothes 2	2	[]	13	1
219	2023-06-24 14:25:14.287538+00	4	Clothes 1	2	[]	13	1
220	2023-06-24 14:25:27.704623+00	3	Furniture 3	2	[]	13	1
221	2023-06-24 14:25:35.969421+00	2	Furniture 2	2	[]	13	1
222	2023-06-24 14:25:51.357041+00	1	Furniture 1	2	[]	13	1
223	2023-06-24 14:37:39.350571+00	10	Sport 2	2	[]	13	1
224	2023-06-24 14:37:55.493049+00	10	Sport 21	2	[{"changed": {"fields": ["Title"]}}]	13	1
225	2023-06-24 14:38:08.027772+00	10	Sport 2	2	[{"changed": {"fields": ["Title"]}}]	13	1
226	2023-06-24 16:40:08.866895+00	1	BlockedIps object (1)	1	[{"added": {}}]	37	1
227	2023-06-27 10:39:32.859509+00	6	Accessories 1	2	[{"changed": {"fields": ["Title [az]"]}}]	8	1
228	2023-06-27 10:48:48.907564+00	7	Aksesuar 2	2	[{"changed": {"fields": ["Title [az]"]}}]	8	1
229	2023-06-27 10:50:21.071834+00	5	Body & Skin care 2	2	[{"changed": {"fields": ["Title [ru]", "Title [az]", "Description [ru]", "Description [az]"]}}]	8	1
230	2023-06-27 10:51:20.006942+00	4	Body & Skin care 1	2	[{"changed": {"fields": ["Title [ru]", "Title [az]", "Description [ru]", "Description [az]"]}}]	8	1
231	2023-06-27 10:52:09.216247+00	6	Accessories 1	2	[{"changed": {"fields": ["Title [ru]", "Description [ru]", "Description [az]"]}}]	8	1
232	2023-06-27 10:53:15.398764+00	7	Accessories 2	2	[{"changed": {"fields": ["Title [ru]", "Description [ru]", "Description [az]"]}}]	8	1
233	2023-06-27 10:54:04.512749+00	10	Furniture 1	2	[{"changed": {"fields": ["Title [ru]", "Title [az]", "Description [ru]", "Description [az]"]}}]	8	1
234	2023-06-27 11:16:55.428442+00	11	Furniture 2	2	[{"changed": {"fields": ["Title [ru]", "Title [az]", "Description [ru]", "Description [az]"]}}]	8	1
235	2023-06-27 11:17:45.22279+00	12	Furniture 3	2	[{"changed": {"fields": ["Title [ru]", "Title [az]", "Description [ru]", "Description [az]"]}}]	8	1
236	2023-06-27 11:18:35.499686+00	13	Clothes 1	2	[{"changed": {"fields": ["Title [ru]", "Title [az]", "Description [ru]", "Description [az]"]}}]	8	1
237	2023-06-27 11:20:43.987832+00	14	Clothes 2	2	[{"changed": {"fields": ["Title [ru]", "Title [az]", "Description [ru]", "Description [az]"]}}]	8	1
238	2023-06-27 11:21:33.547149+00	20	Clothes 3	2	[{"changed": {"fields": ["Title [ru]", "Title [az]", "Description [ru]", "Description [az]"]}}]	8	1
239	2023-06-27 12:05:21.342622+00	5	Clothes => clothes5	2	[{"changed": {"fields": ["Name [az]"]}}]	9	1
240	2023-06-27 12:06:04.717102+00	4	Mebel => furniture4	2	[{"changed": {"fields": ["Name [ru]", "Name [az]"]}}]	9	1
241	2023-06-27 12:06:21.366572+00	5	Geyimlər => clothes5	2	[{"changed": {"fields": ["Name [ru]"]}}]	9	1
242	2023-06-27 12:07:55.027747+00	3	Bədən və Dəriyə Qulluq => body-skin-care3	2	[{"changed": {"fields": ["Name [ru]", "Name [az]"]}}]	9	1
243	2023-06-27 12:08:19.821246+00	1	Aksesuarlar => accessories1	2	[{"changed": {"fields": ["Name [ru]", "Name [az]"]}}]	9	1
244	2023-06-27 12:13:27.620723+00	4	Aksesuarlar => accessories	2	[{"changed": {"fields": ["Name [ru]", "Name [az]"]}}]	7	1
245	2023-06-27 12:13:37.890022+00	3	Geyimlər => clothes	2	[{"changed": {"fields": ["Name [ru]", "Name [az]"]}}]	7	1
246	2023-06-27 12:13:49.847784+00	2	Bədən və Dəriyə Qulluq => care	2	[{"changed": {"fields": ["Name [ru]", "Name [az]"]}}]	7	1
247	2023-06-27 12:14:05.82977+00	1	Mebel => furniture	2	[{"changed": {"fields": ["Name [ru]", "Name [az]"]}}]	7	1
248	2023-06-27 12:28:17.654909+00	4	Sport sport	2	[{"changed": {"fields": ["Name [az]"]}}]	12	1
249	2023-06-27 12:28:42.165183+00	3	Accessories accessories	2	[{"changed": {"fields": ["Name [az]"]}}]	12	1
250	2023-06-27 12:28:42.172529+00	2	Clothes clothes	2	[{"changed": {"fields": ["Name [az]"]}}]	12	1
251	2023-06-27 12:28:42.176958+00	1	Furniture furniture	2	[{"changed": {"fields": ["Name [az]"]}}]	12	1
252	2023-06-27 12:29:34.168591+00	4	Sport sport	2	[{"changed": {"fields": ["Name [ru]"]}}]	12	1
253	2023-06-27 12:29:34.174494+00	3	Accessories accessories	2	[{"changed": {"fields": ["Name [ru]"]}}]	12	1
254	2023-06-27 12:29:34.179887+00	2	Clothes clothes	2	[{"changed": {"fields": ["Name [ru]"]}}]	12	1
255	2023-06-27 12:29:34.182288+00	1	Furniture furniture	2	[{"changed": {"fields": ["Name [ru]"]}}]	12	1
256	2023-06-27 12:30:22.308403+00	4	Aksesuarlar products.Product.None accessories	2	[{"changed": {"fields": ["Name [ru]", "Name [az]"]}}]	16	1
257	2023-06-27 12:30:51.415817+00	3	Sport products.Product.None sports	2	[{"changed": {"fields": ["Name [ru]", "Name [az]"]}}]	16	1
258	2023-06-27 12:31:05.637345+00	2	Geyimlər products.Product.None clothes	2	[{"changed": {"fields": ["Name [ru]", "Name [az]"]}}]	16	1
259	2023-06-27 12:31:21.552147+00	1	Mebel products.Product.None furniture	2	[{"changed": {"fields": ["Name [ru]", "Name [az]"]}}]	16	1
260	2023-06-27 12:32:51.495487+00	1	Mebel 1	2	[{"changed": {"fields": ["Title [ru]", "Title [az]", "Small description [ru]", "Small description [az]"]}}]	13	1
261	2023-06-27 12:33:43.496443+00	2	Mebel 2	2	[{"changed": {"fields": ["Title [ru]", "Title [az]", "Small description [ru]", "Small description [az]"]}}]	13	1
262	2023-06-27 12:34:26.18695+00	3	Mebel 3	2	[{"changed": {"fields": ["Title [ru]", "Title [az]", "Small description [ru]", "Small description [az]"]}}]	13	1
263	2023-06-27 12:35:19.193184+00	4	Geyim 1	2	[{"changed": {"fields": ["Title [ru]", "Title [az]", "Small description [ru]", "Small description [az]"]}}]	13	1
264	2023-06-27 12:35:58.610002+00	5	Geyim 2	2	[{"changed": {"fields": ["Title [ru]", "Title [az]", "Small description [ru]", "Small description [az]"]}}]	13	1
265	2023-06-27 12:36:46.814967+00	6	Geyim 3	2	[{"changed": {"fields": ["Title [ru]", "Title [az]", "Small description [ru]", "Small description [az]"]}}]	13	1
266	2023-06-27 12:58:52.424302+00	7	Aksesuar 1	2	[{"changed": {"fields": ["Title [ru]", "Title [az]", "Small description [ru]", "Small description [az]"]}}]	13	1
267	2023-06-27 12:59:51.035583+00	8	Aksesuar 2	2	[{"changed": {"fields": ["Title [ru]", "Title [az]", "Small description [ru]", "Small description [az]"]}}]	13	1
268	2023-06-27 13:00:44.747772+00	9	Sport 1	2	[{"changed": {"fields": ["Title [ru]", "Title [az]", "Small description [ru]", "Small description [az]"]}}]	13	1
269	2023-06-27 13:01:37.218248+00	10	Sport 2	2	[{"changed": {"fields": ["Title [ru]", "Title [az]", "Small description [ru]", "Small description [az]"]}}]	13	1
270	2023-06-27 13:05:09.426246+00	1	Аксессуары => accessories1	2	[]	9	1
271	2023-06-27 13:09:22.302969+00	4	Аксессуары products.Product.None accessories	2	[{"changed": {"fields": ["Name [ru]"]}}]	16	1
272	2023-06-27 14:16:45.565721+00	46	farid	2	[{"changed": {"fields": ["Major", "Gender"]}}]	6	1
273	2023-06-27 14:20:09.32874+00	47	emil	2	[{"changed": {"fields": ["Major", "Gender"]}}]	6	1
274	2023-06-27 14:21:20.336865+00	47	emil	2	[{"changed": {"fields": ["Image"]}}]	6	1
275	2023-06-27 19:09:07.843413+00	52	pero	3		6	1
276	2023-06-27 19:09:07.851512+00	51	peris	3		6	1
277	2023-06-27 19:09:07.861528+00	50	peri12	3		6	1
278	2023-06-27 19:09:07.869623+00	49	peri1	3		6	1
279	2023-06-27 19:09:07.869623+00	48	peri	3		6	1
280	2023-06-27 19:25:34.120977+00	54	peri1	3		6	1
281	2023-06-27 19:25:50.772603+00	53	peri	3		6	1
282	2023-06-27 19:39:47.646757+00	59	aydin1	3		6	1
283	2023-06-27 19:39:47.654795+00	57	pericim	3		6	1
284	2023-06-27 19:39:47.662683+00	56	peris	3		6	1
285	2023-06-27 19:39:47.662683+00	55	peri2	3		6	1
286	2023-06-27 19:39:56.483712+00	60	ali	3		6	1
287	2023-06-27 19:39:56.491829+00	58	aydin	3		6	1
288	2023-06-27 20:22:02.542348+00	39	Perfect Furniture 3 aydin 1 True	3		17	1
289	2023-06-27 20:22:02.549826+00	38	Perfect Furniture 3 aydin 1 True	3		17	1
290	2023-06-27 20:22:02.549826+00	37	Perfect Furniture 3 aydin 1 True	3		17	1
291	2023-06-27 20:22:02.557845+00	36	Perfect Furniture 3 aydin 1 True	3		17	1
292	2023-06-27 20:22:02.565841+00	35	Perfect Furniture 3 aydin 1 True	3		17	1
293	2023-06-27 20:22:02.565841+00	34	Perfect Furniture 3 aydin 1 True	3		17	1
294	2023-06-27 20:22:02.57384+00	33	Vau! Furniture 3 aydin 1 True	3		17	1
295	2023-06-27 20:22:02.58184+00	32	Vau! Furniture 3 aydin 1 True	3		17	1
296	2023-06-27 20:22:02.58184+00	30	Perfecto! Furniture 2 aydin 1 True	3		17	1
297	2023-06-27 20:22:02.591183+00	29	Perfecto! Furniture 2 aydin 1 True	3		17	1
298	2023-06-27 20:22:02.591183+00	28	Perfecto! Furniture 2 aydin 1 True	3		17	1
299	2023-06-27 20:22:02.599249+00	27	So good! Furniture 3 aydin 1 True	3		17	1
300	2023-06-27 20:22:02.607199+00	26	That is1 Clothes 3 parvana 1 True	3		17	1
301	2023-06-27 20:22:14.112461+00	31	dhbhv Furniture 2 aydin 1 False	2	[{"changed": {"fields": ["Is active"]}}]	17	1
302	2023-06-27 22:56:15.902585+00	63	aziz	2	[{"changed": {"fields": ["Gender"]}}]	6	1
303	2023-06-27 23:08:13.606597+00	21	Furniture 4	2	[{"changed": {"fields": ["Title [en]"]}}]	8	1
304	2023-06-27 23:12:05.937223+00	21	Test	2	[{"changed": {"fields": ["Title [en]"]}}]	8	1
305	2023-06-28 08:26:14.108125+00	61	aydin	3		6	1
306	2023-06-28 08:50:05.022463+00	64	aydin	2	[{"changed": {"fields": ["Gender"]}}]	6	1
307	2023-06-28 13:30:07.374626+00	4	Sponsor object (4)	1	[{"added": {}}]	38	1
308	2023-06-28 13:36:02.796051+00	5	Sponsor object (5)	1	[{"added": {}}]	38	1
309	2023-06-28 13:36:15.332604+00	6	Sponsor object (6)	1	[{"added": {}}]	38	1
310	2023-06-28 14:06:19.262571+00	6	Sponsor object (6)	3		38	1
311	2023-06-28 14:06:19.270565+00	5	Sponsor object (5)	3		38	1
312	2023-06-28 14:06:19.278572+00	4	Sponsor object (4)	3		38	1
313	2023-06-28 14:09:04.930206+00	7	Sponsor object (7)	1	[{"added": {}}]	38	1
314	2023-06-28 14:09:24.97245+00	8	Sponsor object (8)	1	[{"added": {}}]	38	1
315	2023-06-28 14:09:39.25813+00	9	Sponsor object (9)	1	[{"added": {}}]	38	1
316	2023-06-28 14:23:02.432862+00	1	JENNIFER ROD	1	[{"added": {}}]	39	1
317	2023-06-28 14:23:31.058339+00	2	JOSEPH MARK	1	[{"added": {}}]	39	1
318	2023-06-28 14:24:50.33236+00	3	NATASHA SINGH	1	[{"added": {}}]	39	1
319	2023-06-28 14:25:30.346457+00	4	JOHN SMITH	1	[{"added": {}}]	39	1
320	2023-06-28 14:25:55.646913+00	4	JOHNATAN SMITH	2	[{"changed": {"fields": ["Full name"]}}]	39	1
321	2023-06-28 14:26:37.812846+00	5	ENNY PENNY	1	[{"added": {}}]	39	1
322	2023-06-28 14:27:14.827812+00	6	DAN BROWN	1	[{"added": {}}]	39	1
323	2023-06-28 16:48:41.817551+00	1	Summer sale 10 True True products.Product.None	1	[{"added": {}}]	20	1
324	2023-06-28 16:49:27.089097+00	1	Summer sale 10 True True products.Product.None	2	[{"changed": {"fields": ["Product"]}}]	20	1
325	2023-06-28 16:52:14.219768+00	1	Summer sale 50 False True products.Product.None	2	[{"changed": {"fields": ["Value", "Is percent"]}}]	20	1
326	2023-06-28 16:54:06.966016+00	1	Summer sale 10 True True products.Product.None	2	[{"changed": {"fields": ["Value", "Is percent"]}}]	20	1
327	2023-06-28 18:33:59.040752+00	1	Summer sale 10 True True products.Product.None	3		20	1
328	2023-06-28 18:42:21.106713+00	3	Summer 10 True True	1	[{"added": {}}]	20	1
329	2023-06-28 18:43:13.809785+00	1	Furniture 1	2	[{"changed": {"fields": ["Discount"]}}]	13	1
330	2023-06-28 19:42:04.247337+00	3	Summer 10 False True	2	[{"changed": {"fields": ["Is percent"]}}]	20	1
331	2023-06-28 19:44:27.799066+00	3	Summer 10 True True	2	[{"changed": {"fields": ["Is percent"]}}]	20	1
332	2023-06-28 20:58:46.353838+00	3	Summer 10 False True	2	[{"changed": {"fields": ["Is percent"]}}]	20	1
333	2023-06-28 21:10:37.745411+00	3	Summer 10 True True	2	[{"changed": {"fields": ["Is percent"]}}]	20	1
334	2023-06-28 21:17:15.79567+00	1	Furniture 1	2	[{"changed": {"fields": ["Money"]}}]	13	1
335	2023-06-28 21:17:52.742887+00	1	Furniture 1	2	[{"changed": {"fields": ["Money"]}}]	13	1
336	2023-06-28 21:28:49.662608+00	3	Summer 10.00 False True	2	[{"changed": {"fields": ["Is percent"]}}]	20	1
337	2023-06-28 21:34:15.69058+00	3	Summer $10.00 True True	2	[{"changed": {"fields": ["Is percent"]}}]	20	1
338	2023-06-28 21:52:12.176011+00	3	Summer 10.00 False True	2	[{"changed": {"fields": ["Is percent"]}}]	20	1
339	2023-06-28 21:57:52.723589+00	3	Summer 10.00 True True	2	[{"changed": {"fields": ["Is percent"]}}]	20	1
340	2023-06-28 22:02:49.595871+00	3	Summer 10.00 False False	2	[{"changed": {"fields": ["Is percent", "Is active"]}}]	20	1
341	2023-06-28 22:11:00.350965+00	3	Summer 10.00 False True	2	[{"changed": {"fields": ["Is active"]}}]	20	1
342	2023-06-28 22:11:26.332813+00	3	Summer 10.00 True True	2	[{"changed": {"fields": ["Is percent"]}}]	20	1
343	2023-06-28 22:12:38.105142+00	2	Furniture 2	2	[{"changed": {"fields": ["Discount"]}}]	13	1
344	2023-06-29 07:43:27.695994+00	3	Summer 10.00 True False	2	[{"changed": {"fields": ["Is active"]}}]	20	1
345	2023-06-29 07:44:02.986418+00	3	Summer 10.00 True True	2	[{"changed": {"fields": ["Is active"]}}]	20	1
346	2023-06-29 07:44:58.974981+00	3	Furniture 3	2	[{"changed": {"fields": ["Discount"]}}]	13	1
347	2023-06-29 07:45:17.071754+00	4	Clothes 1	2	[{"changed": {"fields": ["Discount"]}}]	13	1
348	2023-06-29 07:45:34.709554+00	5	Clothes 2	2	[{"changed": {"fields": ["Discount"]}}]	13	1
349	2023-06-29 07:45:47.468761+00	6	Clothes 3	2	[{"changed": {"fields": ["Discount"]}}]	13	1
350	2023-06-29 07:46:10.561297+00	7	Accessories 1	2	[{"changed": {"fields": ["Discount"]}}]	13	1
351	2023-06-29 07:46:23.935477+00	8	Accessories 2	2	[{"changed": {"fields": ["Discount"]}}]	13	1
352	2023-06-29 07:46:43.552502+00	9	Sport 1	2	[{"changed": {"fields": ["Discount"]}}]	13	1
353	2023-06-29 07:47:01.631061+00	10	Sport 2	2	[{"changed": {"fields": ["Discount"]}}]	13	1
354	2023-06-29 11:37:07.946184+00	5	Clothes 2	2	[{"changed": {"fields": ["Quantity"]}}]	13	1
355	2023-06-29 11:37:20.232536+00	5	Clothes 2	2	[{"changed": {"fields": ["Quantity"]}}]	13	1
356	2023-06-29 11:39:44.287889+00	1	Furniture 1	2	[{"changed": {"fields": ["Quantity"]}}]	13	1
357	2023-06-29 11:40:01.336314+00	5	Clothes 2	2	[{"changed": {"fields": ["Quantity"]}}]	13	1
358	2023-06-29 11:40:01.344331+00	2	Furniture 2	2	[{"changed": {"fields": ["Quantity"]}}]	13	1
359	2023-06-29 11:42:16.817507+00	10	Sport 2	2	[{"changed": {"fields": ["Quantity"]}}]	13	1
360	2023-06-29 21:55:26.98438+00	23		3		8	1
361	2023-06-29 22:20:31.065367+00	6	Test => test6	2	[{"changed": {"fields": ["Name [en]"]}}]	9	1
362	2023-06-30 13:32:14.534387+00	11	New Product	2	[{"changed": {"fields": ["Title [en]", "Small description [en]"]}}]	13	1
363	2023-06-30 14:03:30.453291+00	5	Tag1 products.Product.None tag1	2	[{"changed": {"fields": ["Name [en]"]}}]	16	1
364	2023-06-30 14:51:11.594+00	11	New Product	2	[{"changed": {"fields": ["Property values"]}}]	13	1
365	2023-06-30 19:03:24.84396+00	13	New Product 3	2	[{"changed": {"fields": ["Title [en]", "Small description [en]"]}}]	13	1
366	2023-06-30 19:03:56.772178+00	12	New Product 2	2	[{"changed": {"fields": ["Title [en]", "Small description [en]"]}}]	13	1
367	2023-06-30 20:14:50.58836+00	25	Test 4	2	[{"changed": {"fields": ["Title [en]", "Description [en]", "Content"]}}]	8	1
368	2023-06-30 20:36:28.397927+00	7	Case => case7	2	[{"changed": {"fields": ["Name [en]"]}}]	9	1
369	2023-06-30 20:38:44.344046+00	24	New Story	2	[{"changed": {"fields": ["Title [en]", "Description [en]", "Content"]}}]	8	1
370	2023-06-30 20:39:17.890824+00	22	New Story	2	[{"changed": {"fields": ["Title [en]", "Description [en]", "Content"]}}]	8	1
371	2023-06-30 21:44:34.036894+00	25	Test 14	2	[{"changed": {"fields": ["Title [en]", "Content"]}}]	8	1
372	2023-06-30 21:45:25.734387+00	25	Test 15	2	[{"changed": {"fields": ["Title [en]"]}}]	8	1
373	2023-07-01 09:13:16.607765+00	8	Case7 => case78	2	[{"changed": {"fields": ["Name [en]"]}}]	9	1
374	2023-07-01 09:35:25.120416+00	13	New Product 7	2	[{"changed": {"fields": ["Title [en]"]}}]	13	1
375	2023-07-01 17:59:48.080011+00	28		3		8	1
376	2023-07-01 17:59:48.088053+00	27		3		8	1
377	2023-07-01 17:59:48.096139+00	26		3		8	1
378	2023-07-01 17:59:48.104549+00	25	Test 15	3		8	1
379	2023-07-01 17:59:48.112788+00	24	New Story	3		8	1
380	2023-07-01 17:59:48.11548+00	22	New Story	3		8	1
381	2023-07-01 17:59:48.123511+00	21	Test	3		8	1
382	2023-07-01 18:00:48.15824+00	9		3		9	1
383	2023-07-01 18:00:48.16614+00	8	Case7	3		9	1
384	2023-07-01 18:00:48.174244+00	7	Case	3		9	1
385	2023-07-01 18:00:48.174244+00	6	Test	3		9	1
386	2023-07-01 18:01:24.534249+00	4	Body & Skin care 1	2	[{"changed": {"fields": ["Tag"]}}]	8	1
387	2023-07-01 18:01:34.330352+00	5	Body & Skin care 2	2	[{"changed": {"fields": ["Tag"]}}]	8	1
388	2023-07-01 18:01:44.88587+00	6	Accessories 1	2	[{"changed": {"fields": ["Tag"]}}]	8	1
389	2023-07-01 18:02:05.947256+00	7	Accessories 2	2	[{"changed": {"fields": ["Tag"]}}]	8	1
390	2023-07-01 18:02:27.402972+00	10	Furniture 1	2	[{"changed": {"fields": ["Tag"]}}]	8	1
391	2023-07-01 18:03:25.59003+00	12	Furniture 3	2	[{"changed": {"fields": ["Tag"]}}]	8	1
392	2023-07-01 18:03:42.594663+00	11	Furniture 2	2	[{"changed": {"fields": ["Tag"]}}]	8	1
393	2023-07-01 18:04:09.754695+00	13	Clothes 1	2	[{"changed": {"fields": ["Tag"]}}]	8	1
394	2023-07-01 18:04:18.069963+00	14	Clothes 2	2	[{"changed": {"fields": ["Tag"]}}]	8	1
395	2023-07-01 18:04:27.48622+00	20	Clothes 3	2	[{"changed": {"fields": ["Tag"]}}]	8	1
396	2023-07-01 18:24:05.579143+00	5	Tag1 tag1	3		16	1
397	2023-07-01 18:24:34.838275+00	14		3		13	1
398	2023-07-01 18:24:34.846478+00	13	New Product 7	3		13	1
399	2023-07-01 18:24:34.854559+00	12	New Product 2	3		13	1
400	2023-07-01 18:24:34.854559+00	11	New Product	3		13	1
401	2023-07-01 18:25:42.015925+00	1	Furniture 1	2	[{"changed": {"fields": ["Tag"]}}]	13	1
402	2023-07-01 18:25:58.547713+00	2	Furniture 2	2	[{"changed": {"fields": ["Tag"]}}]	13	1
403	2023-07-01 18:26:16.070927+00	3	Furniture 3	2	[{"changed": {"fields": ["Tag"]}}]	13	1
404	2023-07-01 18:26:44.923325+00	4	Clothes 1	2	[{"changed": {"fields": ["Tag"]}}]	13	1
405	2023-07-01 18:27:06.433221+00	5	Clothes 2	2	[{"changed": {"fields": ["Tag"]}}]	13	1
406	2023-07-01 18:27:19.91202+00	6	Clothes 3	2	[{"changed": {"fields": ["Tag"]}}]	13	1
407	2023-07-01 18:27:43.600198+00	7	Accessories 1	2	[{"changed": {"fields": ["Tag"]}}]	13	1
408	2023-07-01 18:27:55.818908+00	8	Accessories 2	2	[{"changed": {"fields": ["Tag"]}}]	13	1
409	2023-07-01 18:28:05.622084+00	9	Sport 1	2	[{"changed": {"fields": ["Tag"]}}]	13	1
410	2023-07-01 18:28:19.62559+00	10	Sport 2	2	[{"changed": {"fields": ["Tag"]}}]	13	1
411	2023-07-01 18:29:20.014222+00	6	New None	1	[{"added": {}}]	16	1
412	2023-07-01 18:29:42.466523+00	6	New None	3		16	1
413	2023-07-02 20:38:37.123513+00	12	parvana bill 5 bill 5 Baku parvana azersun adres 3 Baku	2	[{"changed": {"fields": ["Shipping address"]}}]	26	1
414	2023-07-02 21:30:27.093817+00	66	ayla	2	[{"changed": {"fields": ["Image", "Major", "Gender"]}}]	6	1
415	2023-07-03 09:57:18.793162+00	14	Testing True parvana	2	[{"changed": {"fields": ["Parent"]}}]	10	1
416	2023-07-03 09:59:03.190751+00	14	Testing True parvana	2	[{"changed": {"fields": ["Parent"]}}]	10	1
417	2023-07-03 19:44:16.531291+00	5	 => None	3		7	1
418	2023-07-05 12:10:06.462336+00	80	parvanayva@gmail.com True	3		29	1
419	2023-07-05 12:10:06.478339+00	79	parvanayva@gmail.com True	3		29	1
420	2023-07-05 12:10:06.4875+00	78	parvanayva@gmail.com True	3		29	1
421	2023-07-05 12:10:06.495697+00	77	sherlock@gmail.com True	3		29	1
422	2023-07-05 12:10:06.495697+00	76	sherlock@gmail.com True	3		29	1
423	2023-07-05 12:10:06.503736+00	75	parvanayva@gmail.com True	3		29	1
424	2023-07-05 12:10:06.514535+00	74	sherlock@gmail.com True	3		29	1
425	2023-07-05 12:10:06.514535+00	73	sherlock@gmail.com True	3		29	1
426	2023-07-05 12:10:06.522648+00	72	pyva0055@gmail.com True	3		29	1
427	2023-07-05 12:10:06.530649+00	71	pyva0055@gmail.com True	3		29	1
428	2023-07-05 12:10:06.530649+00	70	sherlock@gmail.com True	3		29	1
429	2023-07-05 12:10:06.54111+00	69	sherlock@gmail.com True	3		29	1
430	2023-07-05 12:10:06.54111+00	68	sherlock@gmail.com True	3		29	1
431	2023-07-05 12:10:06.549146+00	67	pyva0055@gmail.com True	3		29	1
432	2023-07-05 12:10:06.557321+00	66	sherlock@gmail.com True	3		29	1
433	2023-07-05 12:10:06.557321+00	65	delphi.akademiyasi@gmail.com False	3		29	1
434	2023-07-05 12:10:06.565481+00	64	peri@gmail.com False	3		29	1
435	2023-07-05 12:10:06.571135+00	63	sherlock@gmail.com False	3		29	1
436	2023-07-05 12:10:06.579161+00	62	sherlock@gmail.com False	3		29	1
437	2023-07-05 12:10:06.587218+00	61	sherlock@gmail.com False	3		29	1
438	2023-07-05 12:10:06.587218+00	60	pyva0055@gmail.com False	3		29	1
439	2023-07-05 12:10:06.595261+00	59	pyva0055@gmail.com False	3		29	1
440	2023-07-05 12:10:06.603372+00	58	pyva0055@gmail.com False	3		29	1
441	2023-07-05 12:10:06.6116+00	57	pyva0055@gmail.com False	3		29	1
442	2023-07-05 12:10:06.6116+00	56	pyva0055@gmail.com False	3		29	1
443	2023-07-05 12:10:06.619597+00	55	pyva0055@gmail.com False	3		29	1
444	2023-07-05 12:10:06.619597+00	54	pyva0055@gmail.com False	3		29	1
445	2023-07-05 12:10:06.627596+00	53	parvanayva@gmail.com False	3		29	1
446	2023-07-05 12:10:06.637502+00	52	delphi.akademiyasi@gmail.com False	3		29	1
447	2023-07-05 12:10:06.638076+00	51	parvanayva@gmail.com False	3		29	1
448	2023-07-05 12:10:06.646199+00	50	tech@gmail.com False	3		29	1
449	2023-07-05 12:10:06.646199+00	49	pyva0055@gmail.com False	3		29	1
450	2023-07-05 12:10:06.654185+00	48	sherlock@gmail.com False	3		29	1
451	2023-07-05 12:28:31.223753+00	81	sherlock@gmail.com True	3		29	1
452	2023-07-05 19:01:40.072228+00	93	yes@gmail.com False	2	[{"changed": {"fields": ["Is active"]}}]	29	1
453	2023-07-05 20:22:54.553631+00	18	Parvana	2	[{"changed": {"fields": ["Image"]}}]	39	1
454	2023-07-05 20:23:38.448043+00	20	Sherlock	1	[{"added": {}}]	39	1
455	2023-07-05 20:24:36.138013+00	20	Sherlock	2	[{"changed": {"fields": ["Image"]}}]	39	1
456	2023-07-05 20:25:44.571072+00	20	Sherlock	2	[]	39	1
457	2023-07-05 20:26:02.4934+00	20	Sherlock	3		39	1
458	2023-07-05 20:27:00.507533+00	17	Parvana	2	[]	39	1
459	2023-07-06 06:09:15.258184+00	23	User	1	[{"added": {}}]	39	1
460	2023-07-06 07:02:50.957642+00	29	test	1	[{"added": {}}]	39	1
461	2023-07-06 07:03:31.156454+00	29	test	3		39	1
462	2023-07-06 07:03:31.164503+00	26	She	3		39	1
463	2023-07-06 07:03:31.164503+00	24	She	3		39	1
464	2023-07-06 07:03:31.172489+00	23	User	3		39	1
465	2023-07-06 07:04:12.117319+00	18	Parvana	3		39	1
466	2023-07-06 07:05:25.808166+00	30	She	3		39	1
467	2023-07-06 07:05:36.475885+00	12	Jonny4 Jonny4	3		39	1
468	2023-07-06 07:05:36.484438+00	11	Jonny4 Jonny4	3		39	1
469	2023-07-06 07:06:10.678634+00	31	Person	1	[{"added": {}}]	39	1
470	2023-07-06 07:07:16.167272+00	31	Person	3		39	1
471	2023-07-06 07:07:58.932154+00	32	Peri	1	[{"added": {}}]	39	1
472	2023-07-06 07:12:13.484212+00	34	Team 1	1	[{"added": {}}]	39	1
473	2023-07-06 07:15:17.55484+00	40	User	1	[{"added": {}}]	39	1
474	2023-07-06 07:17:57.570624+00	42	Peri	1	[{"added": {}}]	39	1
475	2023-07-06 07:24:27.874415+00	40	User	3		39	1
476	2023-07-06 07:24:27.882418+00	35	test	3		39	1
477	2023-07-06 07:24:27.882418+00	17	Parvana	3		39	1
478	2023-07-06 07:24:27.890414+00	13	Jonny4 Jonny4	3		39	1
479	2023-07-06 07:25:08.53786+00	42	Peri	3		39	1
480	2023-07-06 07:25:08.54474+00	34	Team 1	3		39	1
481	2023-07-06 07:25:08.552942+00	32	Peri	3		39	1
482	2023-07-06 07:25:08.56175+00	14	Jonny4 Jonny4	3		39	1
483	2023-07-06 07:25:08.56175+00	9	Jonny1 Jonny1	3		39	1
484	2023-07-06 07:25:08.569978+00	8	Jonny1 Jonny1	3		39	1
485	2023-07-06 07:25:22.353147+00	7	Jonny Jonny	3		39	1
486	2023-07-06 07:29:00.423385+00	50	Sherlock	1	[{"added": {}}]	39	1
487	2023-07-06 07:29:30.121386+00	50	Sherlock	3		39	1
488	2023-07-06 07:35:25.837877+00	51	Sherlock	1	[{"added": {}}]	39	1
489	2023-07-06 07:35:52.833741+00	51	Sherlock	3		39	1
490	2023-07-06 07:37:46.395719+00	11	Sponsor object (11)	3		38	1
491	2023-07-06 07:37:46.410216+00	10	Sponsor object (10)	3		38	1
492	2023-07-06 07:38:55.623597+00	18		3		13	1
493	2023-07-06 07:38:55.631521+00	17		3		13	1
494	2023-07-06 07:38:55.640903+00	15		3		13	1
495	2023-07-06 07:39:19.72794+00	6	 test-26	3		12	1
496	2023-07-06 07:39:19.736037+00	5	 test-15	3		12	1
497	2023-07-06 07:40:13.691619+00	12	Violet	3		18	1
498	2023-07-06 07:40:13.706609+00	11	Gold	3		18	1
499	2023-07-06 07:40:13.706609+00	10	Cyan	3		18	1
500	2023-07-06 07:41:40.867712+00	48		3		8	1
501	2023-07-06 07:41:40.876479+00	47		3		8	1
502	2023-07-06 07:41:40.884579+00	46		3		8	1
503	2023-07-06 07:41:40.884579+00	44		3		8	1
504	2023-07-06 07:41:40.892557+00	43		3		8	1
505	2023-07-06 07:41:40.900632+00	42		3		8	1
506	2023-07-06 07:41:40.908562+00	41		3		8	1
507	2023-07-06 07:41:40.916563+00	40		3		8	1
508	2023-07-06 07:41:40.916563+00	39		3		8	1
509	2023-07-06 07:41:40.924674+00	38		3		8	1
510	2023-07-06 07:41:40.932559+00	37		3		8	1
511	2023-07-06 07:41:40.940619+00	35		3		8	1
512	2023-07-06 07:41:40.940619+00	34		3		8	1
513	2023-07-06 07:41:40.950165+00	32		3		8	1
514	2023-07-06 07:41:40.958193+00	31		3		8	1
515	2023-07-06 07:41:40.958193+00	30		3		8	1
516	2023-07-06 07:41:40.966191+00	29		3		8	1
517	2023-07-06 07:42:42.529145+00	7	 => test27	3		7	1
518	2023-07-06 07:42:42.537178+00	6	 => test16	3		7	1
519	2023-07-06 07:43:56.496022+00	94	first@gmail.com True	3		29	1
520	2023-07-06 07:43:56.496022+00	93	yes@gmail.com False	3		29	1
521	2023-07-06 07:43:56.504006+00	92	user@gmail.com False	3		29	1
522	2023-07-06 07:43:56.504006+00	91	heyva@gmail.com True	3		29	1
523	2023-07-06 07:43:56.512637+00	90	bca@gmail.com True	3		29	1
524	2023-07-06 07:43:56.512637+00	89	pav@gmail.com True	3		29	1
525	2023-07-06 07:43:56.520646+00	88	alma@gmail.com True	3		29	1
526	2023-07-06 07:43:56.520646+00	87	armud@gmail.com True	3		29	1
527	2023-07-06 07:43:56.520646+00	86	abc@gmail.com True	3		29	1
528	2023-07-06 07:43:56.528933+00	85	delphi.akademiyasi@gmail.com True	3		29	1
529	2023-07-06 07:43:56.528933+00	84	sherlock@mail.ru True	3		29	1
530	2023-07-06 07:43:56.537159+00	83	sherlock@gmail.com True	3		29	1
531	2023-07-06 07:43:56.537159+00	82	pyva0055@gmail.com True	3		29	1
532	2023-07-06 11:48:13.682227+00	1	farid False	2	[{"changed": {"fields": ["User"]}}]	24	1
533	2023-07-06 13:30:52.858176+00	2	ayla False	2	[{"changed": {"fields": ["User"]}}]	24	1
534	2023-07-06 16:18:25.376415+00	1	farid False	2	[{"changed": {"fields": ["Transaction id"]}}]	24	1
535	2023-07-06 16:18:31.319462+00	1	farid True	2	[{"changed": {"fields": ["Complete"]}}]	24	1
536	2023-07-06 16:47:23.757197+00	6	ayla False	2	[{"changed": {"fields": ["User"]}}]	24	1
537	2023-07-06 16:47:41.712141+00	5	aydin False	2	[{"changed": {"fields": ["User"]}}]	24	1
538	2023-07-06 17:56:38.33+00	3	parvana None	2	[{"changed": {"fields": ["Status"]}}]	24	1
539	2023-07-06 20:27:18.472301+00	25	None 1	3		24	1
540	2023-07-06 20:27:18.488365+00	24	None 1	3		24	1
541	2023-07-06 20:27:18.488365+00	23	None 1	3		24	1
542	2023-07-06 20:27:18.496483+00	22	None 1	3		24	1
543	2023-07-06 20:27:18.504509+00	21	None 1	3		24	1
544	2023-07-06 20:27:18.513316+00	20	None 1	3		24	1
545	2023-07-06 20:27:18.513316+00	19	None 1	3		24	1
546	2023-07-06 20:27:18.521342+00	18	None 1	3		24	1
547	2023-07-06 20:27:18.521342+00	17	None 1	3		24	1
548	2023-07-06 20:27:18.529341+00	16	None 1	3		24	1
549	2023-07-06 20:27:18.537341+00	15	None 1	3		24	1
550	2023-07-06 20:27:18.540392+00	14	None 1	3		24	1
551	2023-07-06 20:27:18.54842+00	13	None 1	3		24	1
552	2023-07-06 20:27:18.54842+00	12	None 1	3		24	1
553	2023-07-06 20:27:18.556421+00	11	None 1	3		24	1
554	2023-07-06 20:27:18.564834+00	10	None 1	3		24	1
555	2023-07-06 20:27:18.573134+00	9	None 1	3		24	1
556	2023-07-06 20:27:18.573134+00	8	None 1	3		24	1
557	2023-07-06 20:27:18.581124+00	7	None 1	3		24	1
558	2023-07-06 20:34:09.035834+00	28	None 1	3		24	1
559	2023-07-06 20:34:09.043929+00	27	None 1	3		24	1
560	2023-07-06 20:34:09.051881+00	26	None 1	3		24	1
561	2023-07-06 20:40:40.105688+00	36	None 1	3		24	1
562	2023-07-06 20:40:40.113654+00	35	None 1	3		24	1
563	2023-07-06 20:40:40.121652+00	34	None 1	3		24	1
564	2023-07-06 20:40:40.121652+00	33	None 1	3		24	1
565	2023-07-06 20:40:40.129646+00	32	None 1	3		24	1
566	2023-07-06 20:40:40.137752+00	31	None 1	3		24	1
567	2023-07-06 20:42:57.813685+00	38	None 1	3		24	1
568	2023-07-06 20:42:57.82169+00	37	None 1	3		24	1
569	2023-07-06 20:42:57.829766+00	30	None 1	3		24	1
570	2023-07-06 20:42:57.830513+00	29	None 1	3		24	1
571	2023-07-06 21:06:22.234598+00	45	None 1	3		24	1
572	2023-07-06 21:06:22.242895+00	44	None 1	3		24	1
573	2023-07-06 21:06:22.251019+00	43	None 1	3		24	1
574	2023-07-06 21:06:22.258936+00	42	None 1	3		24	1
575	2023-07-06 21:06:22.266939+00	41	None 1	3		24	1
576	2023-07-06 21:06:22.266939+00	40	None 1	3		24	1
577	2023-07-06 21:06:22.275011+00	39	None 1	3		24	1
578	2023-07-06 21:06:31.748024+00	4	None 1	3		24	1
579	2023-07-06 21:22:26.323299+00	50	None 1	3		24	1
580	2023-07-06 21:22:26.331369+00	49	None 1	3		24	1
581	2023-07-06 21:22:26.339297+00	48	None 1	3		24	1
582	2023-07-06 21:22:26.347305+00	47	None 1	3		24	1
583	2023-07-06 21:22:26.347305+00	46	None 1	3		24	1
584	2023-07-06 21:22:26.355299+00	6	ayla 1	3		24	1
585	2023-07-06 21:36:41.726858+00	54	None 1	3		24	1
586	2023-07-06 21:36:41.7412+00	53	None 1	3		24	1
587	2023-07-06 21:36:41.7412+00	52	None 1	3		24	1
588	2023-07-06 21:36:41.749266+00	51	None 1	3		24	1
589	2023-07-06 21:37:58.736176+00	57	None 1	3		24	1
590	2023-07-06 21:37:58.744163+00	56	None 1	3		24	1
591	2023-07-06 21:37:58.752157+00	55	None 1	3		24	1
592	2023-07-07 07:28:36.85892+00	21		3		13	1
593	2023-07-07 07:28:36.86663+00	20		3		13	1
594	2023-07-07 07:28:36.868631+00	19		3		13	1
595	2023-07-08 09:08:18.911992+00	70	1 None parvana None	3		24	1
596	2023-07-08 09:08:18.915491+00	69	1 None parvana None	3		24	1
597	2023-07-08 09:08:18.917497+00	68	1 None parvana None	3		24	1
598	2023-07-08 09:08:18.918496+00	67	1 None parvana None	3		24	1
599	2023-07-08 09:08:18.920496+00	66	1 None parvana None	3		24	1
600	2023-07-08 09:08:18.921498+00	65	1 None parvana None	3		24	1
601	2023-07-08 09:08:18.924496+00	64	1 None parvana None	3		24	1
602	2023-07-08 09:08:18.926496+00	2	1 None ayla None	3		24	1
603	2023-07-08 09:08:18.928521+00	1	1 None farid None	3		24	1
604	2023-07-08 09:09:10.398841+00	63	1 None parvana None	3		24	1
605	2023-07-08 09:09:10.403845+00	62	1 None parvana None	3		24	1
606	2023-07-08 09:09:10.405843+00	61	1 None parvana None	3		24	1
607	2023-07-08 09:09:10.407843+00	60	1 None parvana None	3		24	1
608	2023-07-08 09:09:10.409838+00	59	1 None parvana None	3		24	1
609	2023-07-08 09:09:10.410871+00	58	1 None parvana None	3		24	1
610	2023-07-08 09:09:10.41284+00	5	1 None aydin None	3		24	1
611	2023-07-08 09:09:16.832549+00	3	None None parvana None	3		24	1
612	2023-07-08 11:09:04.058032+00	4	1 Sport 1 farid	1	[{"added": {}}]	41	1
613	2023-07-08 11:09:51.438759+00	2	farid's Shopping Card	1	[{"added": {}}]	21	1
614	2023-07-08 11:10:29.982143+00	71	1 farid's Shopping Card farid parvana ship 7 ship 7 Baku	1	[{"added": {}}]	24	1
615	2023-07-08 11:57:31.072187+00	2	farid's Shopping Card	3		21	1
616	2023-07-08 11:57:42.654827+00	4	1 Sport 1 farid	3		41	1
617	2023-07-08 11:58:07.584375+00	71	1 None farid parvana ship 7 ship 7 Baku	3		24	1
618	2023-07-08 14:09:35.301311+00	5	2 Furniture 3 farid	1	[{"added": {}}]	41	1
619	2023-07-08 14:10:19.057529+00	3	farid's Shopping Card	1	[{"added": {}}]	21	1
620	2023-07-08 14:10:45.761855+00	72	1 farid's Shopping Card farid parvana ship 7 ship 7 Baku	1	[{"added": {}}]	24	1
621	2023-07-08 14:28:37.788436+00	5	2 Furniture 3 farid	3		41	1
622	2023-07-08 14:28:49.251183+00	3	farid's Shopping Card	3		21	1
623	2023-07-08 14:28:59.544946+00	72	1 None farid parvana ship 7 ship 7 Baku	3		24	1
624	2023-07-08 19:15:21.136976+00	4	Body & Skin care 1	2	[{"changed": {"fields": ["Description [en]"]}}]	8	1
625	2023-07-08 19:16:23.35475+00	4	Body & Skin care 1	2	[{"changed": {"fields": ["Description [ru]", "Description [az]"]}}]	8	1
626	2023-07-08 19:21:56.565955+00	4	Body & Skin care 1	2	[]	8	1
627	2023-07-08 19:27:09.533445+00	4	Body & Skin care 1	2	[{"changed": {"fields": ["Description [en]", "Description [ru]", "Description [az]", "Content"]}}]	8	1
628	2023-07-08 19:47:21.985883+00	4	Body & Skin care 1	2	[{"changed": {"fields": ["Content"]}}]	8	1
629	2023-07-08 19:59:56.601192+00	4	Furniture	2	[{"changed": {"fields": ["Name [az]"]}}]	9	1
630	2023-07-08 20:00:22.085321+00	5	Clothes	2	[{"changed": {"fields": ["Name [az]"]}}]	9	1
631	2023-07-08 21:18:11.236389+00	51	Test 4	3		8	1
632	2023-07-08 21:18:11.244611+00	50	Test 3	3		8	1
633	2023-07-08 21:21:56.362152+00	52	Test 34	2	[{"changed": {"fields": ["Category"]}}]	8	1
634	2023-07-08 21:22:35.85822+00	52	Test 34	2	[{"changed": {"fields": ["Tag"]}}]	8	1
635	2023-07-08 21:22:55.655691+00	52	Test 34	3		8	1
636	2023-07-08 21:22:55.659862+00	49	Test 2	3		8	1
637	2023-07-09 05:44:33.738804+00	53	test	3		8	1
638	2023-07-09 14:45:03.214973+00	54	New 1	3		8	1
639	2023-07-09 14:46:01.968749+00	56	New 1	3		8	1
640	2023-07-09 15:16:47.757306+00	63	test 4	3		8	1
641	2023-07-09 15:16:47.765203+00	62	test 2	3		8	1
642	2023-07-09 15:16:47.773446+00	61	test 2	3		8	1
643	2023-07-09 15:16:47.781842+00	60	test 1	3		8	1
644	2023-07-09 15:16:47.781842+00	59	New 1	3		8	1
645	2023-07-09 15:16:47.790015+00	58	New 1	3		8	1
646	2023-07-09 15:16:47.798239+00	57	New 1	3		8	1
647	2023-07-09 15:16:47.799595+00	55	New 1	3		8	1
648	2023-07-09 16:00:06.557251+00	69	testtt	3		8	1
649	2023-07-09 16:00:06.560245+00	68	new	3		8	1
650	2023-07-09 16:00:06.564874+00	67	new	3		8	1
651	2023-07-09 16:00:06.5699+00	66	test 6	3		8	1
652	2023-07-09 16:00:06.573127+00	65	alma	3		8	1
653	2023-07-09 16:00:06.576142+00	64	alma	3		8	1
654	2023-07-09 16:04:14.286586+00	72	test	3		8	1
655	2023-07-09 16:04:14.289496+00	71	test	3		8	1
656	2023-07-09 16:04:14.292484+00	70	test	3		8	1
657	2023-07-09 21:48:25.362892+00	74	new	3		8	1
658	2023-07-09 21:48:25.379487+00	73	new	3		8	1
659	2023-07-10 08:09:09.324164+00	1	Peri	1	[{"added": {}}]	42	1
660	2023-07-10 08:09:57.989354+00	2	Farid	1	[{"added": {}}]	42	1
661	2023-07-10 08:10:28.623203+00	73	73	1	[{"added": {}}]	24	1
662	2023-07-10 08:10:45.923695+00	74	74	1	[{"added": {}}]	24	1
663	2023-07-10 08:11:45.131278+00	1	OrderItem object (1)	1	[{"added": {}}]	40	1
664	2023-07-10 08:12:03.274929+00	2	Farid	3		42	1
665	2023-07-10 08:12:40.626952+00	3	Farid	1	[{"added": {}}]	42	1
666	2023-07-10 08:12:43.664922+00	74	74	2	[{"changed": {"fields": ["Customer"]}}]	24	1
667	2023-07-10 08:13:13.868027+00	2	OrderItem object (2)	1	[{"added": {}}]	40	1
668	2023-07-10 08:37:34.646533+00	2	OrderItem object (2)	2	[{"changed": {"fields": ["Quantity"]}}]	40	1
669	2023-07-12 13:47:01.900977+00	83	Test	3		8	1
670	2023-07-12 13:47:01.904794+00	82	Test	3		8	1
671	2023-07-12 13:47:01.906795+00	81	token	3		8	1
672	2023-07-12 13:47:01.907796+00	80	token	3		8	1
673	2023-07-12 13:47:01.909798+00	79	token	3		8	1
674	2023-07-12 13:47:01.912795+00	78	token	3		8	1
675	2023-07-12 13:47:01.914795+00	77	token	3		8	1
676	2023-07-12 13:47:01.915794+00	76		3		8	1
677	2023-07-12 13:47:01.916794+00	75		3		8	1
678	2023-07-12 13:47:11.813553+00	84	ahbd	3		8	1
679	2023-07-12 14:12:31.823005+00	94	new	3		8	1
680	2023-07-12 14:12:31.824993+00	93	new	3		8	1
681	2023-07-12 14:12:31.826351+00	92	new	3		8	1
682	2023-07-12 14:12:31.827357+00	91	new	3		8	1
683	2023-07-12 14:12:31.828357+00	90	new	3		8	1
684	2023-07-12 14:12:31.830355+00	89	test	3		8	1
685	2023-07-12 14:12:31.833726+00	88	test	3		8	1
686	2023-07-12 14:12:31.836712+00	87	test	3		8	1
687	2023-07-12 14:12:31.837708+00	86	test	3		8	1
688	2023-07-12 14:12:31.839708+00	85	test	3		8	1
689	2023-07-12 14:47:23.936251+00	97	new	3		8	1
690	2023-07-12 14:47:23.944634+00	96	new	3		8	1
691	2023-07-12 14:47:23.944634+00	95	new	3		8	1
692	2023-07-12 20:14:14.730837+00	103	test	3		8	1
693	2023-07-12 20:14:14.739241+00	102	test	3		8	1
694	2023-07-12 20:14:14.739241+00	101	New	3		8	1
695	2023-07-12 20:14:14.747233+00	100	New	3		8	1
696	2023-07-12 20:14:14.755241+00	99	New	3		8	1
697	2023-07-12 20:14:14.763232+00	98	New	3		8	1
698	2023-07-14 08:10:48.337042+00	7	Accessories 1	2	[{"changed": {"fields": ["Money"]}}]	13	1
699	2023-07-14 08:14:14.292235+00	7	Accessories 1	2	[{"changed": {"fields": ["Money"]}}]	13	1
700	2023-07-14 08:58:42.794053+00	7	Accessories 1	2	[{"changed": {"fields": ["Money"]}}]	13	1
701	2023-07-14 09:01:28.953646+00	7	Accessories 1	2	[{"changed": {"fields": ["Money"]}}]	13	1
702	2023-07-14 20:13:49.851621+00	106	test 2	3		8	1
703	2023-07-14 20:13:49.859889+00	105	test 2	3		8	1
704	2023-07-14 20:13:49.868859+00	104	test	3		8	1
705	2023-07-15 17:35:32.838975+00	142	vfv	3		8	1
706	2023-07-15 17:35:32.857533+00	141	test12	3		8	1
707	2023-07-15 17:35:32.857533+00	140	fjdnvv	3		8	1
708	2023-07-15 17:35:32.865543+00	139	gsf	3		8	1
709	2023-07-15 17:35:32.873528+00	138	gsf	3		8	1
710	2023-07-15 17:35:32.873528+00	137	gsf	3		8	1
711	2023-07-15 17:35:32.88216+00	136	gsf	3		8	1
712	2023-07-15 17:35:32.892442+00	135	gsf	3		8	1
713	2023-07-15 17:35:32.897038+00	134	gsf	3		8	1
714	2023-07-15 17:35:32.89955+00	133	gsf	3		8	1
715	2023-07-15 17:35:32.907584+00	132	gsf	3		8	1
716	2023-07-15 17:35:32.907584+00	131	gsf	3		8	1
717	2023-07-15 17:35:32.915576+00	130	gsf	3		8	1
718	2023-07-15 17:35:32.915576+00	129	gsf	3		8	1
719	2023-07-15 17:35:32.923651+00	128	dghd	3		8	1
720	2023-07-15 17:35:32.932646+00	127	dghd	3		8	1
721	2023-07-15 17:35:32.932646+00	126	dfghgdf	3		8	1
722	2023-07-15 17:35:32.940691+00	125	sdfgs	3		8	1
723	2023-07-15 17:35:32.948727+00	124	fdgsdfg	3		8	1
724	2023-07-15 17:35:32.948727+00	123	fdgsfdg	3		8	1
725	2023-07-15 17:35:32.956886+00	122	dfgsdgsd	3		8	1
726	2023-07-15 17:35:32.964952+00	121	dsfgsd	3		8	1
727	2023-07-15 17:35:32.964952+00	120	dsfsd	3		8	1
728	2023-07-15 17:35:32.972969+00	119	dsfsd	3		8	1
729	2023-07-15 17:35:32.972969+00	118	dsfsd	3		8	1
730	2023-07-15 17:35:32.980968+00	117	dsfsd	3		8	1
731	2023-07-15 17:35:32.980968+00	116	dsfsd	3		8	1
732	2023-07-15 17:35:32.989005+00	115	test	3		8	1
733	2023-07-15 17:35:32.996959+00	114	test	3		8	1
734	2023-07-15 17:35:32.996959+00	113	new	3		8	1
735	2023-07-15 17:35:33.004952+00	112	new	3		8	1
736	2023-07-15 17:35:33.004952+00	111	new	3		8	1
737	2023-07-15 17:35:33.012957+00	110	new	3		8	1
738	2023-07-15 17:35:33.020955+00	109	test 2	3		8	1
739	2023-07-15 17:35:33.020955+00	108	test 2	3		8	1
740	2023-07-15 17:35:33.028956+00	107	test 2	3		8	1
741	2023-07-15 18:00:33.434451+00	65	test	3		6	1
742	2023-07-17 08:09:26.190933+00	2	6	1	[{"added": {}}]	15	1
743	2023-07-17 08:09:41.318222+00	2	6	3		15	1
744	2023-07-17 19:39:08.27833+00	68	rate Furniture 2 parvana 3 True	3		17	1
745	2023-07-17 19:39:08.286321+00	65	rate 2 Furniture 1 parvana 2 True	3		17	1
746	2023-07-17 19:39:08.286321+00	64	radio 33 Furniture 1 parvana 3 True	3		17	1
747	2023-07-17 19:39:08.294338+00	63	rateeeeeee Furniture 1 parvana 2 True	3		17	1
748	2023-07-17 19:39:08.294338+00	62	rates Furniture 1 parvana 2 True	3		17	1
749	2023-07-17 19:39:08.302317+00	61	radio 2 Furniture 1 parvana 4 True	3		17	1
750	2023-07-17 19:39:08.311175+00	60	radio Furniture 1 parvana 3 True	3		17	1
751	2023-07-17 19:39:08.311175+00	59	rateee Furniture 1 parvana 3 True	3		17	1
752	2023-07-17 19:39:08.3192+00	58	posted? Furniture 1 parvana 2 True	3		17	1
753	2023-07-17 19:39:08.32093+00	57	rated? Furniture 1 parvana 3 True	3		17	1
754	2023-07-17 19:39:08.329069+00	56	rate Furniture 1 parvana 1 True	3		17	1
755	2023-07-17 19:39:08.329069+00	55	haha Furniture 1 parvana 1 True	3		17	1
756	2023-07-17 19:39:08.338272+00	54	ratesiz Furniture 1 parvana 1 True	3		17	1
757	2023-07-17 19:39:08.338852+00	53	fvfv Furniture 1 parvana 1 True	3		17	1
758	2023-07-17 19:39:08.346877+00	52	Rated Furniture 1 parvana 1 True	3		17	1
759	2023-07-17 19:39:08.346877+00	50	Testing 3 Furniture 1 parvana 1 True	3		17	1
760	2023-07-17 19:39:08.354878+00	49	Testing 3 Furniture 1 parvana 1 True	3		17	1
761	2023-07-17 19:39:08.354878+00	48	Testing 3 Furniture 1 parvana 1 True	3		17	1
762	2023-07-17 19:39:08.362883+00	47	Testing 3 Furniture 1 parvana 1 True	3		17	1
763	2023-07-17 19:39:08.370204+00	46	Testing 2 Furniture 1 parvana 1 True	3		17	1
764	2023-07-17 19:39:08.375957+00	45	Testing 1 Furniture 1 parvana 1 True	3		17	1
765	2023-07-17 19:39:08.379954+00	44	Testing Furniture 1 parvana 1 True	3		17	1
766	2023-07-18 07:03:59.47943+00	143	test	3		8	1
767	2023-07-18 16:02:36.782852+00	20	bad False parvana	2	[{"changed": {"fields": ["Active"]}}]	10	1
768	2023-07-19 12:43:05.744941+00	144	test	3		8	1
769	2023-07-19 12:43:13.947239+00	9	new => new9	3		7	1
770	2023-07-19 15:01:18.616356+00	147	test	3		8	1
771	2023-07-19 15:01:18.62843+00	146	test	3		8	1
772	2023-07-19 15:01:18.641226+00	145	test	3		8	1
773	2023-07-19 20:31:19.743962+00	5	ENNY PENNY	2	[{"changed": {"fields": ["Major"]}}]	39	1
774	2023-07-19 20:31:19.768341+00	4	JOHNATAN SMITH	2	[{"changed": {"fields": ["Major"]}}]	39	1
775	2023-07-22 12:53:42.038146+00	103	parvanayva@gmail.com True	1	[{"added": {}}]	29	1
776	2023-07-22 12:54:14.59837+00	102	email@gmail.com True	3		29	1
777	2023-07-22 12:54:14.606919+00	101	insan@gmail.com True	3		29	1
778	2023-07-22 12:54:14.61509+00	100	farid@gmail.com True	3		29	1
779	2023-07-22 12:54:14.623088+00	99	heyva@gmail.com True	3		29	1
780	2023-07-22 12:54:14.631095+00	98	sherlock@mail.ru False	3		29	1
781	2023-07-22 12:54:14.631095+00	97	a@a.com True	3		29	1
782	2023-07-22 12:54:14.639114+00	96	delphi.akademiyasi@gmail.com True	3		29	1
783	2023-07-22 12:54:14.647129+00	95	sherlock@gmail.com True	3		29	1
784	2023-07-22 13:13:30.514079+00	104	pyva0055@gmail.com True	1	[{"added": {}}]	29	1
785	2023-07-22 13:13:37.956972+00	103	parvanayva@gmail.com True	3		29	1
786	2023-07-22 15:23:20.968231+00	1	18 18 * 7 2 (m/h/dM/MY/d) Asia/Baku	1	[{"added": {}}]	43	1
787	2023-07-22 16:24:33.66389+00	1	40 20 * 7 6 (m/h/dM/MY/d) Asia/Baku	2	[{"changed": {"fields": ["Minute(s)", "Hour(s)", "Day(s) Of The Week"]}}]	43	1
788	2023-07-22 16:24:39.208268+00	1	subscriber: 40 20 * 7 6 (m/h/dM/MY/d) Asia/Baku	1	[{"added": {}}]	45	1
789	2023-07-22 16:47:18.661977+00	1	50 20 * 7 6 (m/h/dM/MY/d) Asia/Baku	2	[{"changed": {"fields": ["Minute(s)"]}}]	43	1
790	2023-07-22 16:47:22.631828+00	1	subscriber: 50 20 * 7 6 (m/h/dM/MY/d) Asia/Baku	2	[]	45	1
791	2023-07-22 17:01:38.519507+00	1	15 21 * 7 6 (m/h/dM/MY/d) Asia/Baku	2	[{"changed": {"fields": ["Minute(s)", "Hour(s)"]}}]	43	1
792	2023-07-22 17:01:41.458745+00	1	subscriber: 15 21 * 7 6 (m/h/dM/MY/d) Asia/Baku	2	[]	45	1
793	2023-07-22 17:27:53.823684+00	1	29 21 * 7 6 (m/h/dM/MY/d) Asia/Baku	2	[{"changed": {"fields": ["Minute(s)"]}}]	43	1
794	2023-07-22 17:27:56.669334+00	1	subscriber: 29 21 * 7 6 (m/h/dM/MY/d) Asia/Baku	2	[]	45	1
795	2023-07-22 17:34:58.91519+00	1	37 21 * 7 6 (m/h/dM/MY/d) Asia/Baku	2	[{"changed": {"fields": ["Minute(s)"]}}]	43	1
796	2023-07-22 17:35:01.504691+00	1	subscriber: 37 21 * 7 6 (m/h/dM/MY/d) Asia/Baku	2	[]	45	1
797	2023-07-22 17:42:35.127175+00	1	45 21 * 7 6 (m/h/dM/MY/d) Asia/Baku	2	[{"changed": {"fields": ["Minute(s)"]}}]	43	1
798	2023-07-22 17:42:37.03012+00	1	subscriber: 45 21 * 7 6 (m/h/dM/MY/d) Asia/Baku	2	[]	45	1
799	2023-07-22 17:54:15.220613+00	1	56 21 * * * (m/h/dM/MY/d) Asia/Baku	2	[{"changed": {"fields": ["Minute(s)", "Day(s) Of The Week", "Month(s) Of The Year"]}}]	43	1
800	2023-07-22 17:54:20.441601+00	1	subscriber: 56 21 * * * (m/h/dM/MY/d) Asia/Baku	2	[]	45	1
801	2023-07-22 18:14:04.923925+00	1	22 22 * * * (m/h/dM/MY/d) Asia/Baku	2	[{"changed": {"fields": ["Minute(s)", "Hour(s)"]}}]	43	1
802	2023-07-22 18:14:08.147287+00	1	subscriber: 22 22 * * * (m/h/dM/MY/d) Asia/Baku	2	[]	45	1
803	2023-07-22 18:25:57.672913+00	1	27 22 * * * (m/h/dM/MY/d) Asia/Baku	2	[{"changed": {"fields": ["Minute(s)"]}}]	43	1
804	2023-07-22 18:26:00.152731+00	1	subscriber: 27 22 * * * (m/h/dM/MY/d) Asia/Baku	2	[]	45	1
805	2023-07-22 18:30:42.735215+00	1	35 22 * * * (m/h/dM/MY/d) Asia/Baku	2	[{"changed": {"fields": ["Minute(s)"]}}]	43	1
806	2023-07-22 18:30:45.652419+00	1	subscriber: 35 22 * * * (m/h/dM/MY/d) Asia/Baku	2	[]	45	1
807	2023-07-22 18:41:33.576559+00	1	47 22 * * * (m/h/dM/MY/d) Asia/Baku	2	[{"changed": {"fields": ["Minute(s)"]}}]	43	1
808	2023-07-22 18:41:35.704994+00	1	subscriber: 47 22 * * * (m/h/dM/MY/d) Asia/Baku	2	[{"changed": {"fields": ["Task (registered)", "Task (custom)"]}}]	45	1
809	2023-07-22 18:55:37.336338+00	1	59 22 * * * (m/h/dM/MY/d) Asia/Baku	2	[{"changed": {"fields": ["Minute(s)"]}}]	43	1
810	2023-07-22 18:55:39.4296+00	1	subscriber: 59 22 * * * (m/h/dM/MY/d) Asia/Baku	2	[]	45	1
811	2023-07-22 19:15:11.552873+00	1	23 23 * * * (m/h/dM/MY/d) Asia/Baku	2	[{"changed": {"fields": ["Minute(s)", "Hour(s)"]}}]	43	1
812	2023-07-22 19:15:15.521603+00	1	subscriber: 23 23 * * * (m/h/dM/MY/d) Asia/Baku	2	[]	45	1
813	2023-07-22 19:38:56.132887+00	1	43 23 * * * (m/h/dM/MY/d) Asia/Baku	2	[{"changed": {"fields": ["Minute(s)"]}}]	43	1
814	2023-07-22 19:39:22.339973+00	1	53 23 * * * (m/h/dM/MY/d) Asia/Baku	2	[{"changed": {"fields": ["Minute(s)"]}}]	43	1
815	2023-07-22 19:39:33.200477+00	1	subscriber: 53 23 * * * (m/h/dM/MY/d) Asia/Baku	2	[{"changed": {"fields": ["Task (registered)", "Task (custom)"]}}]	45	1
816	2023-07-22 19:55:13.913743+00	1	57 23 * * * (m/h/dM/MY/d) Asia/Baku	2	[{"changed": {"fields": ["Minute(s)"]}}]	43	1
817	2023-07-22 19:55:18.480918+00	1	subscriber: 57 23 * * * (m/h/dM/MY/d) Asia/Baku	2	[]	45	1
818	2023-07-22 20:04:04.183596+00	1	12 12 * * * (m/h/dM/MY/d) Asia/Baku	2	[{"changed": {"fields": ["Minute(s)", "Hour(s)"]}}]	43	1
819	2023-07-22 20:04:25.363224+00	1	subscriber: 12 12 * * * (m/h/dM/MY/d) Asia/Baku	2	[{"changed": {"fields": ["Task (registered)", "Task (custom)"]}}]	45	1
820	2023-07-22 20:04:57.26231+00	1	12 0 * * * (m/h/dM/MY/d) Asia/Baku	2	[{"changed": {"fields": ["Hour(s)"]}}]	43	1
821	2023-07-22 20:05:04.65621+00	1	subscriber: 12 0 * * * (m/h/dM/MY/d) Asia/Baku	2	[]	45	1
822	2023-07-22 20:22:13.916057+00	3	25 12 * * * (m/h/dM/MY/d) Asia/Baku	1	[{"added": {}}]	43	1
823	2023-07-22 20:22:52.493215+00	3	subscribers: 25 12 * * * (m/h/dM/MY/d) Asia/Baku	1	[{"added": {}}]	45	1
824	2023-07-22 20:23:54.880981+00	3	28 0 * * * (m/h/dM/MY/d) Asia/Baku	2	[{"changed": {"fields": ["Minute(s)", "Hour(s)"]}}]	43	1
825	2023-07-22 20:23:59.029336+00	3	subscribers: 28 0 * * * (m/h/dM/MY/d) Asia/Baku	2	[]	45	1
826	2023-07-22 20:34:06.856067+00	3	subscribers: 28 0 * * * (m/h/dM/MY/d) Asia/Baku	3		45	1
827	2023-07-22 20:43:56.174609+00	1	45 0 * * * (m/h/dM/MY/d) Asia/Baku	2	[{"changed": {"fields": ["Minute(s)"]}}]	43	1
828	2023-07-22 20:44:03.959022+00	1	subscriber: 45 0 * * * (m/h/dM/MY/d) Asia/Baku	2	[{"changed": {"fields": ["Task (registered)", "Task (custom)"]}}]	45	1
829	2023-07-22 20:58:37.073078+00	1	59 0 * * * (m/h/dM/MY/d) Asia/Baku	2	[{"changed": {"fields": ["Minute(s)"]}}]	43	1
830	2023-07-22 20:58:39.307151+00	1	subscriber: 59 0 * * * (m/h/dM/MY/d) Asia/Baku	2	[]	45	1
831	2023-07-22 21:00:50.672549+00	1	03 1 * * * (m/h/dM/MY/d) Asia/Baku	2	[{"changed": {"fields": ["Minute(s)", "Hour(s)"]}}]	43	1
832	2023-07-22 21:00:55.507326+00	1	subscriber: 03 1 * * * (m/h/dM/MY/d) Asia/Baku	2	[{"changed": {"fields": ["Task (registered)", "Task (custom)"]}}]	45	1
833	2023-07-22 21:18:49.448708+00	1	21 1 * * * (m/h/dM/MY/d) Asia/Baku	2	[{"changed": {"fields": ["Minute(s)"]}}]	43	1
834	2023-07-22 21:18:57.131575+00	1	subscriber: 21 1 * * * (m/h/dM/MY/d) Asia/Baku	2	[]	45	1
835	2023-07-22 21:22:41.872715+00	1	24 1 * * * (m/h/dM/MY/d) Asia/Baku	2	[{"changed": {"fields": ["Minute(s)"]}}]	43	1
836	2023-07-22 21:22:59.338122+00	1	subscriber: 24 1 * * * (m/h/dM/MY/d) Asia/Baku	2	[{"changed": {"fields": ["Task (registered)", "Task (custom)", "Description", "Start Datetime"]}}]	45	1
837	2023-07-22 21:26:35.994663+00	1	28 1 * * * (m/h/dM/MY/d) Asia/Baku	2	[{"changed": {"fields": ["Minute(s)"]}}]	43	1
838	2023-07-22 21:26:38.944882+00	1	subscriber: 28 1 * * * (m/h/dM/MY/d) Asia/Baku	2	[]	45	1
839	2023-07-22 21:29:48.01397+00	1	31 1 * * * (m/h/dM/MY/d) Asia/Baku	2	[{"changed": {"fields": ["Minute(s)"]}}]	43	1
840	2023-07-22 21:30:08.867025+00	1	subscriber: 31 1 * * * (m/h/dM/MY/d) Asia/Baku	2	[{"changed": {"fields": ["Task (registered)", "Task (custom)", "Start Datetime"]}}]	45	1
841	2023-07-22 21:35:01.897927+00	1	36 1 * * * (m/h/dM/MY/d) Asia/Baku	2	[{"changed": {"fields": ["Minute(s)"]}}]	43	1
842	2023-07-22 21:35:11.228585+00	1	subscriber: 36 1 * * * (m/h/dM/MY/d) Asia/Baku	2	[{"changed": {"fields": ["Task (registered)", "Task (custom)"]}}]	45	1
843	2023-07-23 06:47:13.001119+00	1	55 10 * * * (m/h/dM/MY/d) Asia/Baku	2	[{"changed": {"fields": ["Minute(s)", "Hour(s)"]}}]	43	1
844	2023-07-23 06:47:27.126127+00	1	subscriber: 55 10 * * * (m/h/dM/MY/d) Asia/Baku	2	[{"changed": {"fields": ["Task (registered)", "Task (custom)"]}}]	45	1
845	2023-07-23 07:06:50.35987+00	1	11 11 * * * (m/h/dM/MY/d) Asia/Baku	2	[{"changed": {"fields": ["Minute(s)", "Hour(s)"]}}]	43	1
846	2023-07-23 07:07:02.035464+00	1	subscriber: 11 11 * * * (m/h/dM/MY/d) Asia/Baku	2	[{"changed": {"fields": ["Task (registered)", "Task (custom)"]}}]	45	1
847	2023-07-23 07:19:05.276525+00	1	30 11 * * * (m/h/dM/MY/d) Asia/Baku	2	[{"changed": {"fields": ["Minute(s)"]}}]	43	1
848	2023-07-23 07:19:11.201176+00	1	subscribers: 30 11 * * * (m/h/dM/MY/d) Asia/Baku	2	[{"changed": {"fields": ["Name", "Task (registered)", "Task (custom)"]}}]	45	1
849	2023-07-23 07:39:53.070661+00	4	50 11 7 * 7 (m/h/dM/MY/d) Asia/Baku	1	[{"added": {}}]	43	1
850	2023-07-23 07:40:00.57768+00	4	subscriber: 50 11 7 * 7 (m/h/dM/MY/d) Asia/Baku	1	[{"added": {}}]	45	1
851	2023-07-23 07:55:59.67228+00	4	57 11 7 * 7 (m/h/dM/MY/d) Asia/Baku	2	[{"changed": {"fields": ["Minute(s)"]}}]	43	1
852	2023-07-23 07:56:02.603792+00	4	subscriber: 57 11 7 * 7 (m/h/dM/MY/d) Asia/Baku	2	[{"changed": {"fields": ["Task (registered)", "Task (custom)"]}}]	45	1
853	2023-07-23 07:59:24.283322+00	4	03 12 7 * 7 (m/h/dM/MY/d) Asia/Baku	2	[{"changed": {"fields": ["Minute(s)", "Hour(s)"]}}]	43	1
854	2023-07-23 07:59:36.185987+00	4	subscriber: 03 12 7 * 7 (m/h/dM/MY/d) Asia/Baku	2	[{"changed": {"fields": ["Task (registered)", "Task (custom)"]}}]	45	1
855	2023-07-23 08:04:55.812919+00	4	08 12 7 * 7 (m/h/dM/MY/d) Asia/Baku	2	[{"changed": {"fields": ["Minute(s)"]}}]	43	1
856	2023-07-23 08:04:58.744854+00	4	subscriber: 08 12 7 * 7 (m/h/dM/MY/d) Asia/Baku	2	[{"changed": {"fields": ["Task (registered)", "Task (custom)"]}}]	45	1
857	2023-07-23 08:12:19.56691+00	4	15 12 7 * 7 (m/h/dM/MY/d) Asia/Baku	2	[{"changed": {"fields": ["Minute(s)"]}}]	43	1
858	2023-07-23 08:12:27.722502+00	4	subscriber: 15 12 7 * 7 (m/h/dM/MY/d) Asia/Baku	2	[{"changed": {"fields": ["Task (registered)", "Task (custom)"]}}]	45	1
859	2023-07-23 08:34:33.512496+00	4	36 12 7 * 7 (m/h/dM/MY/d) Asia/Baku	2	[{"changed": {"fields": ["Minute(s)"]}}]	43	1
860	2023-07-23 08:34:37.038039+00	4	subscriber: 36 12 7 * 7 (m/h/dM/MY/d) Asia/Baku	2	[{"changed": {"fields": ["Task (registered)", "Task (custom)"]}}]	45	1
861	2023-07-23 08:44:00.044605+00	4	subscriber: 36 12 7 * 7 (m/h/dM/MY/d) Asia/Baku	3		45	1
862	2023-07-23 08:44:29.569509+00	1	47 12 * * * (m/h/dM/MY/d) Asia/Baku	2	[{"changed": {"fields": ["Minute(s)", "Hour(s)"]}}]	43	1
863	2023-07-23 08:44:35.401181+00	1	subscribers: 47 12 * * * (m/h/dM/MY/d) Asia/Baku	2	[{"changed": {"fields": ["Task (registered)", "Task (custom)"]}}]	45	1
864	2023-07-23 08:48:14.801152+00	1	49 12 * * * (m/h/dM/MY/d) Asia/Baku	2	[{"changed": {"fields": ["Minute(s)"]}}]	43	1
865	2023-07-23 08:48:21.635829+00	1	subscribers: 49 12 * * * (m/h/dM/MY/d) Asia/Baku	2	[{"changed": {"fields": ["Task (registered)", "Task (custom)"]}}]	45	1
925	2023-07-24 11:06:22.294837+00	35	parvana company 21 adres 21 Baku	3		23	1
866	2023-07-23 08:50:39.41171+00	1	55 12 * * * (m/h/dM/MY/d) Asia/Baku	2	[{"changed": {"fields": ["Minute(s)"]}}]	43	1
867	2023-07-23 08:50:52.673979+00	1	subscribers: 55 12 * * * (m/h/dM/MY/d) Asia/Baku	2	[{"changed": {"fields": ["Task (registered)", "Task (custom)"]}}]	45	1
868	2023-07-23 08:56:53.307986+00	1	58 12 * * * (m/h/dM/MY/d) Asia/Baku	2	[{"changed": {"fields": ["Minute(s)"]}}]	43	1
869	2023-07-23 08:56:55.255368+00	1	subscribers: 58 12 * * * (m/h/dM/MY/d) Asia/Baku	2	[{"changed": {"fields": ["Task (registered)", "Task (custom)"]}}]	45	1
870	2023-07-23 12:22:10.002012+00	151	test 4	3		8	1
871	2023-07-23 12:22:10.018018+00	150	test 3	3		8	1
872	2023-07-23 12:22:10.018018+00	149	test 2	3		8	1
873	2023-07-23 12:22:10.026014+00	148	test1	3		8	1
874	2023-07-23 12:27:41.046132+00	62	ay	3		6	1
875	2023-07-23 12:27:41.055207+00	47	emil	3		6	1
876	2023-07-23 12:27:41.055706+00	46	farid	3		6	1
877	2023-07-23 12:31:05.007359+00	71	feride	2	[{"changed": {"fields": ["Gender"]}}]	6	1
878	2023-07-23 12:31:25.35066+00	4	Feride	1	[{"added": {}}]	42	1
879	2023-07-23 12:45:17.997688+00	70	farid33	2	[{"changed": {"fields": ["Gender"]}}]	6	1
880	2023-07-23 14:42:57.647568+00	1	55 18 * * 1 (m/h/dM/MY/d) Asia/Baku	2	[{"changed": {"fields": ["Minute(s)", "Hour(s)", "Day(s) Of The Week"]}}]	43	1
881	2023-07-23 14:43:02.724572+00	1	subscribers: 55 18 * * 1 (m/h/dM/MY/d) Asia/Baku	2	[{"changed": {"fields": ["Task (registered)", "Task (custom)"]}}]	45	1
882	2023-07-23 14:46:28.935952+00	1	48 18 * * 1 (m/h/dM/MY/d) Asia/Baku	2	[{"changed": {"fields": ["Minute(s)"]}}]	43	1
883	2023-07-23 14:46:31.677199+00	1	subscribers: 48 18 * * 1 (m/h/dM/MY/d) Asia/Baku	2	[]	45	1
884	2023-07-23 14:49:14.65352+00	1	20 20 * * 1 (m/h/dM/MY/d) Asia/Baku	2	[{"changed": {"fields": ["Minute(s)", "Hour(s)"]}}]	43	1
885	2023-07-23 14:49:23.088271+00	1	subscribers: 20 20 * * 1 (m/h/dM/MY/d) Asia/Baku	2	[{"changed": {"fields": ["Task (registered)", "Task (custom)"]}}]	45	1
886	2023-07-23 15:20:14.05158+00	5	25 19 * * 7 (m/h/dM/MY/d) Asia/Baku	1	[{"added": {}}]	43	1
887	2023-07-23 15:20:19.876228+00	5	top_rated_products: 25 19 * * 7 (m/h/dM/MY/d) Asia/Baku	1	[{"added": {}}]	45	1
888	2023-07-23 15:26:00.458879+00	5	29 19 * * 7 (m/h/dM/MY/d) Asia/Baku	2	[{"changed": {"fields": ["Minute(s)"]}}]	43	1
889	2023-07-23 15:26:03.503356+00	5	top_rated_products: 29 19 * * 7 (m/h/dM/MY/d) Asia/Baku	2	[{"changed": {"fields": ["Task (registered)", "Task (custom)"]}}]	45	1
890	2023-07-23 15:30:11.017669+00	5	35 19 * * 7 (m/h/dM/MY/d) Asia/Baku	2	[{"changed": {"fields": ["Minute(s)"]}}]	43	1
891	2023-07-23 15:30:14.109408+00	5	top_rated_products: 35 19 * * 7 (m/h/dM/MY/d) Asia/Baku	2	[{"changed": {"fields": ["Task (registered)", "Task (custom)"]}}]	45	1
892	2023-07-23 15:37:09.175307+00	5	38 19 * * 7 (m/h/dM/MY/d) Asia/Baku	2	[{"changed": {"fields": ["Minute(s)"]}}]	43	1
893	2023-07-23 15:37:19.64227+00	5	38 19 * * * (m/h/dM/MY/d) Asia/Baku	2	[{"changed": {"fields": ["Day(s) Of The Week"]}}]	43	1
894	2023-07-23 15:37:22.167825+00	5	top_rated_products: 38 19 * * * (m/h/dM/MY/d) Asia/Baku	2	[{"changed": {"fields": ["Task (registered)", "Task (custom)"]}}]	45	1
895	2023-07-23 15:40:06.126644+00	5	43 19 * * * (m/h/dM/MY/d) Asia/Baku	2	[{"changed": {"fields": ["Minute(s)"]}}]	43	1
896	2023-07-23 15:40:09.459794+00	5	top_rated_products: 43 19 * * * (m/h/dM/MY/d) Asia/Baku	2	[{"changed": {"fields": ["Task (registered)", "Task (custom)"]}}]	45	1
897	2023-07-23 15:52:00.342748+00	5	55 19 * * * (m/h/dM/MY/d) Asia/Baku	2	[{"changed": {"fields": ["Minute(s)"]}}]	43	1
898	2023-07-23 15:52:02.901045+00	5	top_rated_products: 55 19 * * * (m/h/dM/MY/d) Asia/Baku	2	[{"changed": {"fields": ["Task (registered)", "Task (custom)"]}}]	45	1
899	2023-07-23 16:59:22.913495+00	5	05 21 * * * (m/h/dM/MY/d) Asia/Baku	2	[{"changed": {"fields": ["Minute(s)", "Hour(s)"]}}]	43	1
900	2023-07-23 16:59:35.332659+00	5	01 21 * * * (m/h/dM/MY/d) Asia/Baku	2	[{"changed": {"fields": ["Minute(s)"]}}]	43	1
901	2023-07-23 16:59:37.998882+00	5	top_rated_products: 01 21 * * * (m/h/dM/MY/d) Asia/Baku	2	[{"changed": {"fields": ["Task (registered)", "Task (custom)"]}}]	45	1
902	2023-07-23 17:03:51.282523+00	5	05 21 * * * (m/h/dM/MY/d) Asia/Baku	2	[{"changed": {"fields": ["Minute(s)"]}}]	43	1
903	2023-07-23 17:03:53.46388+00	5	top_rated_products: 05 21 * * * (m/h/dM/MY/d) Asia/Baku	2	[{"changed": {"fields": ["Task (registered)", "Task (custom)"]}}]	45	1
904	2023-07-23 17:07:27.938765+00	5	09 21 * * * (m/h/dM/MY/d) Asia/Baku	2	[{"changed": {"fields": ["Minute(s)"]}}]	43	1
905	2023-07-23 17:07:30.31715+00	5	top_rated_products: 09 21 * * * (m/h/dM/MY/d) Asia/Baku	2	[{"changed": {"fields": ["Task (registered)", "Task (custom)"]}}]	45	1
906	2023-07-23 18:56:26.166257+00	5	59 22 * * * (m/h/dM/MY/d) Asia/Baku	2	[{"changed": {"fields": ["Minute(s)", "Hour(s)"]}}]	43	1
907	2023-07-23 18:56:28.994037+00	5	top_rated_products: 59 22 * * * (m/h/dM/MY/d) Asia/Baku	2	[{"changed": {"fields": ["Task (registered)", "Task (custom)"]}}]	45	1
908	2023-07-23 19:16:51.135218+00	5	18 23 * * * (m/h/dM/MY/d) Asia/Baku	2	[{"changed": {"fields": ["Minute(s)", "Hour(s)"]}}]	43	1
909	2023-07-23 19:16:53.114584+00	5	top_rated_products: 18 23 * * * (m/h/dM/MY/d) Asia/Baku	2	[{"changed": {"fields": ["Task (registered)", "Task (custom)"]}}]	45	1
910	2023-07-23 19:49:17.675056+00	5	52 23 * * * (m/h/dM/MY/d) Asia/Baku	2	[{"changed": {"fields": ["Minute(s)"]}}]	43	1
911	2023-07-23 19:49:20.574023+00	5	top_rated_products: 52 23 * * * (m/h/dM/MY/d) Asia/Baku	2	[{"changed": {"fields": ["Task (registered)", "Task (custom)"]}}]	45	1
912	2023-07-23 20:29:43.104031+00	5	31 12 * * * (m/h/dM/MY/d) Asia/Baku	2	[{"changed": {"fields": ["Minute(s)", "Hour(s)"]}}]	43	1
913	2023-07-23 20:29:45.334377+00	5	top_rated_products: 31 12 * * * (m/h/dM/MY/d) Asia/Baku	2	[{"changed": {"fields": ["Task (registered)", "Task (custom)"]}}]	45	1
914	2023-07-23 20:31:46.241418+00	5	31 0 * * * (m/h/dM/MY/d) Asia/Baku	2	[{"changed": {"fields": ["Hour(s)"]}}]	43	1
915	2023-07-23 20:31:49.231794+00	5	top_rated_products: 31 0 * * * (m/h/dM/MY/d) Asia/Baku	2	[]	45	1
916	2023-07-24 11:06:22.227778+00	45	farid33 company ferid 1 adres ferid 1 Baku	3		23	1
917	2023-07-24 11:06:22.246347+00	44	parvana company peri 1 adres peri 1 Baku	3		23	1
918	2023-07-24 11:06:22.252697+00	43	parvana comp 86 adres 86 Baku	3		23	1
919	2023-07-24 11:06:22.252697+00	42	parvana company 20 adres 20 Baku	3		23	1
920	2023-07-24 11:06:22.260967+00	41	parvana company 19 adres 19 Baku	3		23	1
921	2023-07-24 11:06:22.269413+00	40	parvana company 4 adres 4 Baku	3		23	1
922	2023-07-24 11:06:22.277664+00	39	parvana company 4 adres 4 Baku	3		23	1
923	2023-07-24 11:06:22.277664+00	37	parvana company 2 address 2 Baku	3		23	1
924	2023-07-24 11:06:22.285664+00	36	parvana comp 22 adres 22 Baku	3		23	1
926	2023-07-24 11:06:22.302695+00	34	parvana company 18 adres 18 Baku	3		23	1
927	2023-07-24 11:06:22.302695+00	33	parvana company 17 adres 17 Baku	3		23	1
928	2023-07-24 11:06:22.310829+00	32	parvana company 16 adres 16 Baku	3		23	1
929	2023-07-24 11:06:22.318806+00	31	parvana company ship 15 adres ship 15 Baku	3		23	1
930	2023-07-24 11:06:22.328489+00	30	parvana company ship adres ship Baku	3		23	1
931	2023-07-24 11:06:22.333267+00	29	parvana company 9 adres 9 baku	3		23	1
932	2023-07-24 11:06:22.335995+00	28	parvana ship 7 ship 7 Baku	3		23	1
933	2023-07-24 11:06:22.344049+00	26	parvana ship 5 adres 3 Baku	3		23	1
934	2023-07-24 11:07:22.116638+00	36	farid33 company ferid adres ferid Baku None	3		26	1
935	2023-07-24 11:07:22.125134+00	35	parvana company peri adres peri Baku None	3		26	1
936	2023-07-24 11:07:22.125905+00	34	parvana comp 86 adres 86 Baku None	3		26	1
937	2023-07-24 11:07:22.133935+00	33	parvana company 20 adres 20 Baku None	3		26	1
938	2023-07-24 11:07:22.14+00	32	parvana company 19 adres 19 Baku None	3		26	1
939	2023-07-24 11:07:22.148025+00	31	parvana ccompany 5 adres 5 Baku None	3		26	1
940	2023-07-24 11:07:22.156795+00	30	parvana company 3 adres 3 Baku None	3		26	1
941	2023-07-24 11:07:22.156795+00	28	parvana company 1 adres 1 Baku None	3		26	1
942	2023-07-24 11:07:22.16483+00	27	parvana comp 22 adres 22 Baku None	3		26	1
943	2023-07-24 11:07:22.173007+00	26	parvana company 21 adres 21 Baku None	3		26	1
944	2023-07-24 11:07:22.173007+00	25	parvana comp bill 20 adres 20 Baku None	3		26	1
945	2023-07-24 11:07:22.181101+00	24	parvana company 18 adres 18 Baku None	3		26	1
946	2023-07-24 11:07:22.189101+00	23	parvana company 17 adres 17 Baku None	3		26	1
947	2023-07-24 11:07:22.197142+00	22	parvana company 16 adres 16 Baku None	3		26	1
948	2023-07-24 11:07:22.197142+00	21	parvana comp bill 15 adres 15 Baku None	3		26	1
949	2023-07-24 11:07:22.20652+00	20	parvana bill company bill adddress Baku None	3		26	1
950	2023-07-24 11:07:22.214582+00	19	parvana company bill adres bill Baku None	3		26	1
951	2023-07-24 11:07:22.214582+00	18	parvana company 8 adres 8 baku None	3		26	1
952	2023-07-24 11:07:22.22277+00	17	parvana bill 7 bill 7 Baku parvana azersun adres 3 Baku	3		26	1
953	2023-07-24 11:07:22.23159+00	15	parvana bill 6 bill 6 Baku parvana azersun adres 3 Baku	3		26	1
954	2023-07-24 11:07:22.23159+00	14	parvana bill 7 bill 7 Baku parvana company address 2 Baku	3		26	1
955	2023-07-24 11:07:22.239609+00	13	parvana bill 6 bill 6 Baku parvana azersun adres 3 Baku	3		26	1
956	2023-07-24 11:07:22.247611+00	12	parvana bill 5 bill 5 Baku parvana azersun adres 3 Baku	3		26	1
957	2023-07-24 11:07:22.25561+00	11	parvana bill 4 bill 4 Baku None	3		26	1
958	2023-07-24 11:07:22.25561+00	10	parvana ship 3 ship 3 Baku None	3		26	1
959	2023-07-24 11:07:22.263621+00	9	parvana bill 3 bill 3 Baku None	3		26	1
960	2023-07-24 11:07:22.27166+00	8	parvana ship 1 ship 1 Baku None	3		26	1
961	2023-07-24 11:07:22.279611+00	7	parvana new1 new1 Baku None	3		26	1
962	2023-07-24 11:07:22.279611+00	6	parvana company 2 address 2 Baku None	3		26	1
963	2023-07-24 11:07:22.289489+00	5	parvana company 1 adres 1 Baku None	3		26	1
964	2023-07-24 11:30:51.480533+00	26	ghg True parvana	2	[{"changed": {"fields": ["Parent"]}}]	10	1
965	2023-07-24 11:31:14.414333+00	26	ghg True parvana	2	[{"changed": {"fields": ["Parent"]}}]	10	1
966	2023-07-24 11:37:36.209056+00	28	sdhh True parvana	3		10	1
967	2023-07-24 11:37:36.217203+00	27	ahsdhb True parvana	3		10	1
968	2023-07-24 11:37:36.217203+00	26	ghg True parvana	3		10	1
969	2023-07-24 11:37:36.225323+00	25	yupsss True parvana	3		10	1
970	2023-07-24 11:37:36.233786+00	24	yups True parvana	3		10	1
971	2023-07-24 11:37:36.233786+00	23	yup True parvana	3		10	1
972	2023-07-24 11:37:36.24243+00	22	yup True parvana	3		10	1
973	2023-07-24 11:37:59.576537+00	18	Testing 3 False parvana	2	[{"changed": {"fields": ["Active"]}}]	10	1
\.


--
-- Data for Name: django_celery_beat_clockedschedule; Type: TABLE DATA; Schema: public; Owner: pavshop_user
--

COPY public.django_celery_beat_clockedschedule (id, clocked_time) FROM stdin;
\.


--
-- Data for Name: django_celery_beat_crontabschedule; Type: TABLE DATA; Schema: public; Owner: pavshop_user
--

COPY public.django_celery_beat_crontabschedule (id, minute, hour, day_of_week, day_of_month, month_of_year, timezone) FROM stdin;
3	28	0	*	*	*	Asia/Baku
2	0	4	*	*	*	UTC
5	31	0	*	*	*	Asia/Baku
4	36	12	7	7	*	Asia/Baku
1	20	20	1	*	*	Asia/Baku
\.


--
-- Data for Name: django_celery_beat_intervalschedule; Type: TABLE DATA; Schema: public; Owner: pavshop_user
--

COPY public.django_celery_beat_intervalschedule (id, every, period) FROM stdin;
\.


--
-- Data for Name: django_celery_beat_periodictask; Type: TABLE DATA; Schema: public; Owner: pavshop_user
--

COPY public.django_celery_beat_periodictask (id, name, task, args, kwargs, queue, exchange, routing_key, expires, enabled, last_run_at, total_run_count, date_changed, description, crontab_id, interval_id, solar_id, one_off, start_time, priority, headers, clocked_id, expire_seconds) FROM stdin;
5	top_rated_products	products.tasks.send_email_to_users	[]	{}	\N	\N	\N	\N	t	2023-07-23 20:31:50.843914+00	10	2023-07-23 20:33:18.213975+00		5	\N	\N	f	\N	\N	{}	\N	\N
1	subscribers	products.tasks.send_email_to_subs	[]	{}	\N	\N	\N	\N	t	2023-07-23 08:58:00.028569+00	10	2023-07-23 14:49:23.070584+00		1	\N	\N	f	\N	\N	{}	\N	\N
2	celery.backend_cleanup	celery.backend_cleanup	[]	{}	\N	\N	\N	\N	t	\N	0	2023-07-23 20:30:08.64229+00		2	\N	\N	f	\N	\N	{}	\N	43200
\.


--
-- Data for Name: django_celery_beat_periodictasks; Type: TABLE DATA; Schema: public; Owner: pavshop_user
--

COPY public.django_celery_beat_periodictasks (ident, last_update) FROM stdin;
1	2023-07-23 20:31:49.190783+00
\.


--
-- Data for Name: django_celery_beat_solarschedule; Type: TABLE DATA; Schema: public; Owner: pavshop_user
--

COPY public.django_celery_beat_solarschedule (id, event, latitude, longitude) FROM stdin;
\.


--
-- Data for Name: django_content_type; Type: TABLE DATA; Schema: public; Owner: pavshop_user
--

COPY public.django_content_type (id, app_label, model) FROM stdin;
1	admin	logentry
2	auth	permission
3	auth	group
4	contenttypes	contenttype
5	sessions	session
6	authentication	user
7	blogs	category
8	blogs	story
9	blogs	tag
10	blogs	comment
11	products	brand
12	products	category
13	products	product
14	products	property
15	products	rating
16	products	tag
17	products	review
18	products	propertyvalue
19	products	productimages
20	products	discount
21	shopping_cart	basket
22	shopping_cart	coupon
23	shopping_cart	shipping_address
24	shopping_cart	order
25	shopping_cart	cart
26	shopping_cart	billing_address
27	shopping_cart	basket_item
28	base	contact
29	base	newsletter
30	exchange	exchangebackend
31	exchange	rate
32	social_django	association
33	social_django	code
34	social_django	nonce
35	social_django	usersocialauth
36	social_django	partial
37	base	blockedips
38	base	sponsor
39	base	team
40	shopping_cart	orderitem
41	shopping_cart	basketitem
42	shopping_cart	customer
43	django_celery_beat	crontabschedule
44	django_celery_beat	intervalschedule
45	django_celery_beat	periodictask
46	django_celery_beat	periodictasks
47	django_celery_beat	solarschedule
48	django_celery_beat	clockedschedule
\.


--
-- Data for Name: django_migrations; Type: TABLE DATA; Schema: public; Owner: pavshop_user
--

COPY public.django_migrations (id, app, name, applied) FROM stdin;
1	contenttypes	0001_initial	2023-06-21 06:56:56.396177+00
2	contenttypes	0002_remove_content_type_name	2023-06-21 06:56:56.427789+00
3	auth	0001_initial	2023-06-21 06:56:56.532997+00
4	auth	0002_alter_permission_name_max_length	2023-06-21 06:56:56.555167+00
5	auth	0003_alter_user_email_max_length	2023-06-21 06:56:56.577313+00
6	auth	0004_alter_user_username_opts	2023-06-21 06:56:56.602163+00
7	auth	0005_alter_user_last_login_null	2023-06-21 06:56:56.618603+00
8	auth	0006_require_contenttypes_0002	2023-06-21 06:56:56.630599+00
9	auth	0007_alter_validators_add_error_messages	2023-06-21 06:56:56.654598+00
10	auth	0008_alter_user_username_max_length	2023-06-21 06:56:56.675608+00
11	auth	0009_alter_user_last_name_max_length	2023-06-21 06:56:56.704279+00
12	auth	0010_alter_group_name_max_length	2023-06-21 06:56:56.730276+00
13	auth	0011_update_proxy_permissions	2023-06-21 06:56:56.756437+00
14	auth	0012_alter_user_first_name_max_length	2023-06-21 06:56:56.780125+00
15	authentication	0001_initial	2023-06-21 06:56:56.911139+00
16	admin	0001_initial	2023-06-21 06:56:56.972427+00
17	admin	0002_logentry_remove_auto_add	2023-06-21 06:56:56.998827+00
18	admin	0003_logentry_add_action_flag_choices	2023-06-21 06:56:57.029078+00
19	base	0001_initial	2023-06-21 06:56:57.077281+00
20	blogs	0001_initial	2023-06-21 06:56:57.293094+00
21	exchange	0001_initial	2023-06-21 06:56:57.366394+00
22	exchange	0002_alter_rate_id	2023-06-21 06:56:57.508116+00
23	products	0001_initial	2023-06-21 06:56:57.843086+00
24	sessions	0001_initial	2023-06-21 06:56:57.864271+00
25	shopping_cart	0001_initial	2023-06-21 06:56:58.217281+00
26	default	0001_initial	2023-06-21 06:56:58.400366+00
27	social_auth	0001_initial	2023-06-21 06:56:58.406385+00
28	default	0002_add_related_name	2023-06-21 06:56:58.461404+00
29	social_auth	0002_add_related_name	2023-06-21 06:56:58.4654+00
30	default	0003_alter_email_max_length	2023-06-21 06:56:58.481473+00
31	social_auth	0003_alter_email_max_length	2023-06-21 06:56:58.485438+00
32	default	0004_auto_20160423_0400	2023-06-21 06:56:58.527255+00
33	social_auth	0004_auto_20160423_0400	2023-06-21 06:56:58.531036+00
34	social_auth	0005_auto_20160727_2333	2023-06-21 06:56:58.551033+00
35	social_django	0006_partial	2023-06-21 06:56:58.588342+00
36	social_django	0007_code_timestamp	2023-06-21 06:56:58.617106+00
37	social_django	0008_partial_timestamp	2023-06-21 06:56:58.64381+00
38	social_django	0009_auto_20191118_0520	2023-06-21 06:56:58.743784+00
39	social_django	0010_uid_db_index	2023-06-21 06:56:58.810073+00
40	social_django	0011_alter_id_fields	2023-06-21 06:56:58.994985+00
41	social_django	0004_auto_20160423_0400	2023-06-21 06:56:59.009807+00
42	social_django	0003_alter_email_max_length	2023-06-21 06:56:59.017393+00
43	social_django	0005_auto_20160727_2333	2023-06-21 06:56:59.02447+00
44	social_django	0001_initial	2023-06-21 06:56:59.029301+00
45	social_django	0002_add_related_name	2023-06-21 06:56:59.035317+00
46	blogs	0002_remove_comment_email_remove_comment_name_and_more	2023-06-21 08:57:37.322744+00
47	products	0002_remove_review_email_remove_review_name	2023-06-22 20:43:56.403828+00
48	blogs	0003_alter_category_slug_alter_story_slug_alter_tag_slug	2023-06-24 11:35:25.896066+00
49	products	0003_alter_brand_slug_alter_category_slug_and_more	2023-06-24 11:35:25.976236+00
50	authentication	0002_user_ips	2023-06-24 15:44:52.661902+00
51	base	0002_blockedips	2023-06-24 16:32:10.093329+00
52	blogs	0004_story_description_az_story_description_en_and_more	2023-06-27 10:28:07.233913+00
53	blogs	0005_category_name_az_category_name_en_category_name_ru_and_more	2023-06-27 11:56:49.106532+00
54	products	0004_category_name_az_category_name_en_category_name_ru_and_more	2023-06-27 12:25:37.442811+00
55	base	0003_sponsor_team	2023-06-28 12:45:57.814432+00
56	products	0005_remove_discount_product_product_discount	2023-06-28 18:40:18.75745+00
57	products	0006_alter_product_money	2023-06-28 21:09:30.81914+00
58	products	0007_alter_product_money	2023-06-28 21:11:26.036733+00
59	products	0008_alter_discount_value_alter_product_money	2023-06-28 21:27:43.675194+00
60	products	0009_discount_value_currency_alter_discount_value	2023-06-28 21:33:23.131504+00
61	products	0010_remove_discount_value_currency_and_more	2023-06-28 21:49:07.430547+00
62	products	0011_alter_product_quantity	2023-06-29 08:01:26.549581+00
63	blogs	0006_remove_tag_stories_story_tag	2023-07-01 17:57:31.257833+00
64	products	0012_remove_tag_products_product_tag	2023-07-01 18:23:18.523424+00
65	base	0004_alter_newsletter_email	2023-07-05 12:10:21.533436+00
66	shopping_cart	0002_orderitem_remove_basket_item_member_and_more	2023-07-06 11:44:22.935929+00
67	shopping_cart	0003_alter_orderitem_order	2023-07-06 12:34:00.428505+00
68	shopping_cart	0004_remove_order_complete_order_status	2023-07-06 17:41:47.185687+00
69	shopping_cart	0005_basket_basketitem_delete_coupon_and_more	2023-07-08 09:06:35.838641+00
70	shopping_cart	0006_customer_orderitem_remove_basketitem_product_and_more	2023-07-10 07:47:00.585079+00
71	shopping_cart	0007_alter_orderitem_order	2023-07-10 08:48:06.107705+00
72	shopping_cart	0008_alter_orderitem_order	2023-07-10 10:11:37.512309+00
73	products	0013_alter_product_money	2023-07-14 09:05:15.658426+00
74	django_celery_beat	0001_initial	2023-07-22 12:42:26.038714+00
75	django_celery_beat	0002_auto_20161118_0346	2023-07-22 12:42:26.092184+00
76	django_celery_beat	0003_auto_20161209_0049	2023-07-22 12:42:26.11095+00
77	django_celery_beat	0004_auto_20170221_0000	2023-07-22 12:42:26.12756+00
78	django_celery_beat	0005_add_solarschedule_events_choices	2023-07-22 12:42:26.136847+00
79	django_celery_beat	0006_auto_20180322_0932	2023-07-22 12:42:26.192925+00
80	django_celery_beat	0007_auto_20180521_0826	2023-07-22 12:42:26.225079+00
81	django_celery_beat	0008_auto_20180914_1922	2023-07-22 12:42:26.283505+00
82	django_celery_beat	0006_auto_20180210_1226	2023-07-22 12:42:26.316047+00
83	django_celery_beat	0006_periodictask_priority	2023-07-22 12:42:26.343557+00
84	django_celery_beat	0009_periodictask_headers	2023-07-22 12:42:26.377403+00
85	django_celery_beat	0010_auto_20190429_0326	2023-07-22 12:42:26.588805+00
86	django_celery_beat	0011_auto_20190508_0153	2023-07-22 12:42:26.637521+00
87	django_celery_beat	0012_periodictask_expire_seconds	2023-07-22 12:42:26.666913+00
88	django_celery_beat	0013_auto_20200609_0727	2023-07-22 12:42:26.682993+00
89	django_celery_beat	0014_remove_clockedschedule_enabled	2023-07-22 12:42:26.715068+00
90	django_celery_beat	0015_edit_solarschedule_events_choices	2023-07-22 12:42:26.734973+00
91	django_celery_beat	0016_alter_crontabschedule_timezone	2023-07-22 12:42:26.75352+00
92	django_celery_beat	0017_alter_crontabschedule_month_of_year	2023-07-22 12:42:26.76954+00
93	django_celery_beat	0018_improve_crontab_helptext	2023-07-22 12:42:26.818798+00
\.


--
-- Data for Name: django_session; Type: TABLE DATA; Schema: public; Owner: pavshop_user
--

COPY public.django_session (session_key, session_data, expire_date) FROM stdin;
1dcz5f4gdpi0hjw3oh9mx639hedbftc4	.eJxVjL0OwiAURt-F2ZBC-XV09xnI5XKRqoGktJPx3ZWkgw7f8p2T82IB9q2EvdMalsTOTLDT7xcBH1QHSHeot8ax1W1dIh8KP2jn15boeTncv0CBXkbWAGSMJMjOEKWX5KzHbDSomaR3zqBQMdvvJgGzlpm0NHGyAlWS6Nj7A_wvOC4:1qM3An:s0JPYfA32IsMhvE5pk5-VHVVzHOb57lxCNRychohG7Y	2023-08-02 09:08:41.028619+00
rg2b3h441ewg4h5wsbz0mi0k2gskgfw5	.eJxVjL0OwiAURt-F2ZBC-XV09xnI5XKRqoGktJPx3ZWkgw7f8p2T82IB9q2EvdMalsTOTLDT7xcBH1QHSHeot8ax1W1dIh8KP2jn15boeTncv0CBXkbWAGSMJMjOEKWX5KzHbDSomaR3zqBQMdvvJgGzlpm0NHGyAlWS6Nj7A_wvOC4:1qM3B5:LGS5L6B_MTNtX_A4WENI03_5qMiDJnDCKbcnMbWz0Yc	2023-08-02 09:08:59.728871+00
r8xbdn4558v2iu9pehtbtjq04npbh95o	e30:1qM8Ff:BMzZ8RbEumskSX9Zq9e_2PgHPka25KXUuMZDhOWg3_M	2023-08-02 14:34:03.504751+00
4ommtvx3lkh8hscgizokewr7w42d2pa7	.eJxVjL0OwiAURt-F2ZBC-XV09xnI5XKRqoGktJPx3ZWkgw7f8p2T82IB9q2EvdMalsTOTLDT7xcBH1QHSHeot8ax1W1dIh8KP2jn15boeTncv0CBXkbWAGSMJMjOEKWX5KzHbDSomaR3zqBQMdvvJgGzlpm0NHGyAlWS6Nj7A_wvOC4:1qM3Cv:33zurAWjBB0I0N0M5qhZOBMbV_KFc2PLTl0zNA5-7-w	2023-08-02 09:10:53.248862+00
a0aullji32509otkhxc51jo0b476nikb	e30:1qM8GX:dG_gJwtSJoYTjc2wU_mY4GAKeLyxwJu4R_07T5gcB3A	2023-08-02 14:34:57.905848+00
d0lc7x2v7rcu1r8dpntmspbfbnkxwjcp	.eJxVjL0OwiAURt-F2ZBC-XV09xnI5XKRqoGktJPx3ZWkgw7f8p2T82IB9q2EvdMalsTOTLDT7xcBH1QHSHeot8ax1W1dIh8KP2jn15boeTncv0CBXkbWAGSMJMjOEKWX5KzHbDSomaR3zqBQMdvvJgGzlpm0NHGyAlWS6Nj7A_wvOC4:1qM3DH:IbiwvaOllOiSHOnUmq5iq4ANYxxJ6nm9rSsqmPUdnaQ	2023-08-02 09:11:15.528743+00
lfkacuv4qcabwenou2bpfx75gev643xy	.eJxVjL0OwiAURt-F2ZBC-XV09xnI5XKRqoGktJPx3ZWkgw7f8p2T82IB9q2EvdMalsTOTLDT7xcBH1QHSHeot8ax1W1dIh8KP2jn15boeTncv0CBXkbWAGSMJMjOEKWX5KzHbDSomaR3zqBQMdvvJgGzlpm0NHGyAlWS6Nj7A_wvOC4:1qM3R8:r8Ustf-TCnrecBan5XM-85ussi8rVeTRtOjgqWVHCFE	2023-08-02 09:25:34.173658+00
45bzkhaifcfxk8io7r0cjhsms4imy63t	.eJxVjL0OwiAURt-F2ZBC-XV09xnI5XKRqoGktJPx3ZWkgw7f8p2T82IB9q2EvdMalsTOTLDT7xcBH1QHSHeot8ax1W1dIh8KP2jn15boeTncv0CBXkbWAGSMJMjOEKWX5KzHbDSomaR3zqBQMdvvJgGzlpm0NHGyAlWS6Nj7A_wvOC4:1qM3RW:krxP-YYPvwaHP2A7EBxeBt1IutWod2-N1I_AttQdt64	2023-08-02 09:25:58.562607+00
8s9o4vdep3cvqacul7eotlc2xm8zzgsi	.eJxVjL0OwiAURt-F2ZBC-XV09xnI5XKRqoGktJPx3ZWkgw7f8p2T82IB9q2EvdMalsTOTLDT7xcBH1QHSHeot8ax1W1dIh8KP2jn15boeTncv0CBXkbWAGSMJMjOEKWX5KzHbDSomaR3zqBQMdvvJgGzlpm0NHGyAlWS6Nj7A_wvOC4:1qM3Rl:zPHSdFs7hdGJVgGyzuZlqlvuUCUvF8V7Zltlmnf9HB4	2023-08-02 09:26:13.279511+00
c48idhxxu3fa0j3etm61bc8308g2bcm9	.eJxVjL0OwiAURt-F2ZBC-XV09xnI5XKRqoGktJPx3ZWkgw7f8p2T82IB9q2EvdMalsTOTLDT7xcBH1QHSHeot8ax1W1dIh8KP2jn15boeTncv0CBXkbWAGSMJMjOEKWX5KzHbDSomaR3zqBQMdvvJgGzlpm0NHGyAlWS6Nj7A_wvOC4:1qM3k1:uzw2NL1FJ0DjJcviUKZVXLXFjfqusaUkEzan_DfTp5w	2023-08-02 09:45:05.789184+00
a6ytufqowuy8xqrsgxrhtae08kn2n0xa	.eJxVjL0OwiAURt-F2ZBC-XV09xnI5XKRqoGktJPx3ZWkgw7f8p2T82IB9q2EvdMalsTOTLDT7xcBH1QHSHeot8ax1W1dIh8KP2jn15boeTncv0CBXkbWAGSMJMjOEKWX5KzHbDSomaR3zqBQMdvvJgGzlpm0NHGyAlWS6Nj7A_wvOC4:1qM3kU:SAJ_G9jt7Kxl7_arj6OHH1aFEXQzsBNtT2RJK-w81iU	2023-08-02 09:45:34.654519+00
krhj90g5a2fh2h73cqwv8uknqbarlqdv	.eJxVjL0OwiAURt-F2ZBC-XV09xnI5XKRqoGktJPx3ZWkgw7f8p2T82IB9q2EvdMalsTOTLDT7xcBH1QHSHeot8ax1W1dIh8KP2jn15boeTncv0CBXkbWAGSMJMjOEKWX5KzHbDSomaR3zqBQMdvvJgGzlpm0NHGyAlWS6Nj7A_wvOC4:1qM3mA:jb8H_3WJk54XiEFhVNTK3HEwOve7jsyCfO1708VO6LQ	2023-08-02 09:47:18.729093+00
ltbmisqmfxs5tvzvcq0c30x6138mbwo8	.eJxVjL0OwiAURt-F2ZBC-XV09xnI5XKRqoGktJPx3ZWkgw7f8p2T82IB9q2EvdMalsTOTLDT7xcBH1QHSHeot8ax1W1dIh8KP2jn15boeTncv0CBXkbWAGSMJMjOEKWX5KzHbDSomaR3zqBQMdvvJgGzlpm0NHGyAlWS6Nj7A_wvOC4:1qM3mt:LxwKYD0wGzv_7X-4xbMZZ-iXn39JRcV3u-CcE9HzZoQ	2023-08-02 09:48:03.985351+00
38ptlkf8i3s10v41lpl3nke5av1gmgyx	.eJxVjL0OwiAURt-F2ZBC-XV09xnI5XKRqoGktJPx3ZWkgw7f8p2T82IB9q2EvdMalsTOTLDT7xcBH1QHSHeot8ax1W1dIh8KP2jn15boeTncv0CBXkbWAGSMJMjOEKWX5KzHbDSomaR3zqBQMdvvJgGzlpm0NHGyAlWS6Nj7A_wvOC4:1qM2a8:v0yzf1SAftipWuxb4-1BWVnsSFTxna8hyCnZ2WXiHJE	2023-08-02 08:30:48.793884+00
9sag1tyam1dv5osds1ezpd6x3lvjyel7	.eJxVjL0OwiAURt-F2ZBC-XV09xnI5XKRqoGktJPx3ZWkgw7f8p2T82IB9q2EvdMalsTOTLDT7xcBH1QHSHeot8ax1W1dIh8KP2jn15boeTncv0CBXkbWAGSMJMjOEKWX5KzHbDSomaR3zqBQMdvvJgGzlpm0NHGyAlWS6Nj7A_wvOC4:1qM2aY:f6EtBsTS3V-0-hR1WXonB_hchkVBoLSOkg7ZP3vV9wM	2023-08-02 08:31:14.57172+00
slrssewoh0ca8mq7hk3vwvlob5w7pbxa	.eJxVjL0OwiAURt-F2ZBC-XV09xnI5XKRqoGktJPx3ZWkgw7f8p2T82IB9q2EvdMalsTOTLDT7xcBH1QHSHeot8ax1W1dIh8KP2jn15boeTncv0CBXkbWAGSMJMjOEKWX5KzHbDSomaR3zqBQMdvvJgGzlpm0NHGyAlWS6Nj7A_wvOC4:1qM3nQ:vdEB--JqPBagHPsHRPxPWif51QjzKifKT4QWVryV7qo	2023-08-02 09:48:36.918534+00
tz69b465vbrdwqi7lailj5p6t11fm7rn	.eJxVjL0OwiAURt-F2ZBC-XV09xnI5XKRqoGktJPx3ZWkgw7f8p2T82IB9q2EvdMalsTOTLDT7xcBH1QHSHeot8ax1W1dIh8KP2jn15boeTncv0CBXkbWAGSMJMjOEKWX5KzHbDSomaR3zqBQMdvvJgGzlpm0NHGyAlWS6Nj7A_wvOC4:1qM32r:vB_Kh9XSH0KpFJdvl-4STUYX9fYseXDAE_n0IiBBG0c	2023-08-02 09:00:29.075759+00
a599r2j1zjgfxj2uweofjaeybz3fgjb3	.eJxVjL0OwiAURt-F2ZBC-XV09xnI5XKRqoGktJPx3ZWkgw7f8p2T82IB9q2EvdMalsTOTLDT7xcBH1QHSHeot8ax1W1dIh8KP2jn15boeTncv0CBXkbWAGSMJMjOEKWX5KzHbDSomaR3zqBQMdvvJgGzlpm0NHGyAlWS6Nj7A_wvOC4:1qM3v1:F0lEv_GNbSUKdwe0FccmOg9I0QbS7VpY_JDkVkWNWXc	2023-08-02 09:56:27.058387+00
na5na5iivhx2hne3xusacohuyxt1cjna	.eJxVjL0OwiAURt-F2ZBC-XV09xnI5XKRqoGktJPx3ZWkgw7f8p2T82IB9q2EvdMalsTOTLDT7xcBH1QHSHeot8ax1W1dIh8KP2jn15boeTncv0CBXkbWAGSMJMjOEKWX5KzHbDSomaR3zqBQMdvvJgGzlpm0NHGyAlWS6Nj7A_wvOC4:1qM366:ulDdQbSjx7-o4VlU0r04IqIxvUeIAhENRQYThvDphk8	2023-08-02 09:03:50.863298+00
q01cr8pyp5qynmmcjx9f5zuhlzv5gwwh	.eJxVjL0OwiAURt-F2ZBC-XV09xnI5XKRqoGktJPx3ZWkgw7f8p2T82IB9q2EvdMalsTOTLDT7xcBH1QHSHeot8ax1W1dIh8KP2jn15boeTncv0CBXkbWAGSMJMjOEKWX5KzHbDSomaR3zqBQMdvvJgGzlpm0NHGyAlWS6Nj7A_wvOC4:1qM3vA:2Hvb35I802rHms2U8hH-n2ovLyM9pHOeHZfu9GnwZtk	2023-08-02 09:56:36.835487+00
z7w85lppcn03an2z7nzpiy9nan90l02b	.eJxVjL0OwiAURt-F2ZBC-XV09xnI5XKRqoGktJPx3ZWkgw7f8p2T82IB9q2EvdMalsTOTLDT7xcBH1QHSHeot8ax1W1dIh8KP2jn15boeTncv0CBXkbWAGSMJMjOEKWX5KzHbDSomaR3zqBQMdvvJgGzlpm0NHGyAlWS6Nj7A_wvOC4:1qM3xJ:ojpJe3xD_5n6tT_6W0qQkKJ8f3sD1kO3u3eCKZ9P_HU	2023-08-02 09:58:49.459279+00
bjnp64lj1gamyfswaeaigq7pbv4pqv8b	.eJxVjL0OwiAURt-F2ZBC-XV09xnI5XKRqoGktJPx3ZWkgw7f8p2T82IB9q2EvdMalsTOTLDT7xcBH1QHSHeot8ax1W1dIh8KP2jn15boeTncv0CBXkbWAGSMJMjOEKWX5KzHbDSomaR3zqBQMdvvJgGzlpm0NHGyAlWS6Nj7A_wvOC4:1qM3xX:HdDv0xxxHUwbKr4yBnTL5mKdUy5Rx56zhOKo06r1yP4	2023-08-02 09:59:03.655415+00
r6zay3g3rxmx67smnzlkgwdeuvrqruf1	.eJxVjL0OwiAURt-F2ZBC-XV09xnI5XKRqoGktJPx3ZWkgw7f8p2T82IB9q2EvdMalsTOTLDT7xcBH1QHSHeot8ax1W1dIh8KP2jn15boeTncv0CBXkbWAGSMJMjOEKWX5KzHbDSomaR3zqBQMdvvJgGzlpm0NHGyAlWS6Nj7A_wvOC4:1qM3yJ:noKwuqEju4N293nTKeFvvwvWbJ1nn0k8-uuoRKb6BeE	2023-08-02 09:59:51.223104+00
hll00qfihneu9yrk4h3arxgl450sthgv	.eJxVjL0OwiAURt-F2ZBC-XV09xnI5XKRqoGktJPx3ZWkgw7f8p2T82IB9q2EvdMalsTOTLDT7xcBH1QHSHeot8ax1W1dIh8KP2jn15boeTncv0CBXkbWAGSMJMjOEKWX5KzHbDSomaR3zqBQMdvvJgGzlpm0NHGyAlWS6Nj7A_wvOC4:1qM3yy:gYNYNzbKved6BLMa4ot7nJWRMJpDdlDkKT_PDYyO5-8	2023-08-02 10:00:32.247548+00
tffjv8p1pljhdnsziqzl6daqancp0a74	.eJxVjL0OwiAURt-F2ZBC-XV09xnI5XKRqoGktJPx3ZWkgw7f8p2T82IB9q2EvdMalsTOTLDT7xcBH1QHSHeot8ax1W1dIh8KP2jn15boeTncv0CBXkbWAGSMJMjOEKWX5KzHbDSomaR3zqBQMdvvJgGzlpm0NHGyAlWS6Nj7A_wvOC4:1qM7AE:fkuWuJRWilwCcWUWqLruNIKEd5wgg2_GjpspFvvqn7g	2023-08-02 13:24:22.885948+00
omy7jdhokpgdu1d8ckib3pd5yv013nta	.eJxVjL0OwiAURt-F2ZBC-XV09xnI5XKRqoGktJPx3ZWkgw7f8p2T82IB9q2EvdMalsTOTLDT7xcBH1QHSHeot8ax1W1dIh8KP2jn15boeTncv0CBXkbWAGSMJMjOEKWX5KzHbDSomaR3zqBQMdvvJgGzlpm0NHGyAlWS6Nj7A_wvOC4:1qM7My:K7ObFtaRx5QZAAyGSDhgJCubGybQ1uE0PLC80o96e3Y	2023-08-02 13:37:32.215111+00
ciumwo40k57xmrlppr2hgu3aj3fkmbuf	.eJxVjEEOwiAQRe_C2pChhTJ16b5nIMMMStVAUtqV8e7apAvd_vfef6lA25rD1tISZlFn5Xt1-h0j8SOVncidyq1qrmVd5qh3RR-06alKel4O9-8gU8vf2iXGnvuRAUn8ACxkERzi4MaIAt6jRJM6TgSd4NWw68DaQUC8BYPq_QEJ3Ter:1qNokB:cFP_C7HgLB6SNaC7iVDUVrodGU-Njv7kl98T5_TULr4	2023-08-07 06:08:31.730799+00
qfbvo73gm4v3iwep9xlmqsd6f9jgkkye	.eJxVjL0OwiAURt-F2ZBC-XV09xnI5XKRqoGktJPx3ZWkgw7f8p2T82IB9q2EvdMalsTOTLDT7xcBH1QHSHeot8ax1W1dIh8KP2jn15boeTncv0CBXkbWAGSMJMjOEKWX5KzHbDSomaR3zqBQMdvvJgGzlpm0NHGyAlWS6Nj7A_wvOC4:1qM81X:OoErOf5xXIpv0is_YNiQ0RiObCa-Z3U1ssxZ_LMz6xc	2023-08-02 14:19:27.695972+00
udxym3ea1x26ckus4x0vrjp374dsad2e	.eJxVjL0OwiAURt-F2ZBC-XV09xnI5XKRqoGktJPx3ZWkgw7f8p2T82IB9q2EvdMalsTOTLDT7xcBH1QHSHeot8ax1W1dIh8KP2jn15boeTncv0CBXkbWAGSMJMjOEKWX5KzHbDSomaR3zqBQMdvvJgGzlpm0NHGyAlWS6Nj7A_wvOC4:1qM81m:ZvRjilGNHNPg2zeqfW3S-CIb8lfZP5f2cn1b-k0-sqc	2023-08-02 14:19:42.166463+00
6gcc368nj3k989y1ye8as1xz04qx303e	.eJxVjL0OwiAURt-F2ZBC-XV09xnI5XKRqoGktJPx3ZWkgw7f8p2T82IB9q2EvdMalsTOTLDT7xcBH1QHSHeot8ax1W1dIh8KP2jn15boeTncv0CBXkbWAGSMJMjOEKWX5KzHbDSomaR3zqBQMdvvJgGzlpm0NHGyAlWS6Nj7A_wvOC4:1qM820:E5uPbSeoGboaHrJN1ghqzY0C_oQZtsqPye2Yg4okoLk	2023-08-02 14:19:56.72394+00
hs6mhnartzqsw50xljq0lx80sp66dt7d	.eJxVjL0OwiAURt-F2ZBC-XV09xnI5XKRqoGktJPx3ZWkgw7f8p2T82IB9q2EvdMalsTOTLDT7xcBH1QHSHeot8ax1W1dIh8KP2jn15boeTncv0CBXkbWAGSMJMjOEKWX5KzHbDSomaR3zqBQMdvvJgGzlpm0NHGyAlWS6Nj7A_wvOC4:1qM82O:Z2dmwzM-Og9jB7aFzs50i-xcrBl9Z8B2LZYaIPRJSTk	2023-08-02 14:20:20.645689+00
8vkdhaf7ut54kw5jpqndk6a6bctmsagk	.eJxVjL0OwiAURt-F2ZBC-XV09xnI5XKRqoGktJPx3ZWkgw7f8p2T82IB9q2EvdMalsTOTLDT7xcBH1QHSHeot8ax1W1dIh8KP2jn15boeTncv0CBXkbWAGSMJMjOEKWX5KzHbDSomaR3zqBQMdvvJgGzlpm0NHGyAlWS6Nj7A_wvOC4:1qM82w:yISNhLPyDxkMJFyCBM0gyTZInliBnm7eZyUZeaks7RU	2023-08-02 14:20:54.361869+00
vjuykdvukcnraapwwrkd0wwmhk6s18yn	.eJxVjL0OwiAURt-F2ZBC-XV09xnI5XKRqoGktJPx3ZWkgw7f8p2T82IB9q2EvdMalsTOTLDT7xcBH1QHSHeot8ax1W1dIh8KP2jn15boeTncv0CBXkbWAGSMJMjOEKWX5KzHbDSomaR3zqBQMdvvJgGzlpm0NHGyAlWS6Nj7A_wvOC4:1qNpuY:Hv17T7lZxSsbh1m-Oo4jhlHk4lZzAMP8d0XWiKpOYhU	2023-08-07 07:23:18.562142+00
fzc59tix6nahn0icok444f3ts7bzdljt	e30:1qM8HR:H-qpyUwK9SCpsOUczbl1yiBKh5hkNay39ljj6NkFif0	2023-08-02 14:35:53.204726+00
um9fomzy3lzj82eqk6val5vy2daubmyn	.eJxVjL0OwiAURt-F2ZBC-XV09xnI5XKRqoGktJPx3ZWkgw7f8p2T82IB9q2EvdMalsTOTLDT7xcBH1QHSHeot8ax1W1dIh8KP2jn15boeTncv0CBXkbWAGSMJMjOEKWX5KzHbDSomaR3zqBQMdvvJgGzlpm0NHGyAlWS6Nj7A_wvOC4:1qM8Km:en2dLwBIDRbzwFbtzrZdrE1wtwiSB21o3oBVSi9hhg0	2023-08-02 14:39:20.319942+00
gzysqgpygtusc8x4c9he7ur28h4eq6mv	e30:1qM8MZ:FvrGui0PK-X7GZ6HrcUNpRibAi_gZtZhbr0IqdsaM1I	2023-08-02 14:41:11.123178+00
xwozcb5k1j6u4nxbtikscmi2tz0v5ggl	.eJxVjL0OwiAURt-F2ZBC-XV09xnI5XKRqoGktJPx3ZWkgw7f8p2T82IB9q2EvdMalsTOTLDT7xcBH1QHSHeot8ax1W1dIh8KP2jn15boeTncv0CBXkbWAGSMJMjOEKWX5KzHbDSomaR3zqBQMdvvJgGzlpm0NHGyAlWS6Nj7A_wvOC4:1qM8No:7cPUYy5i4egBz6fiOQ6FRy2M1UqVwkZFFiF12ykOZNE	2023-08-02 14:42:28.814511+00
1egg6k8x49lrrawy76d7h984ad5895wt	.eJxVkEsLwjAQhP9Lzlq2bczDmwoqitSb4iVsHrbV2oCpIoj_3VY92NPCDN_MMk-Se59Xbujx1hSJCg02joxJLaajPT52q8xelvn2QGl2n58yWG_0aSa1JwOiOkLdgruq0rYIE31Rozm7unOCNyVWyviri35qiL690eJzsknX3ucLDEULiyOAYDJ1KI3UYNORYHGSxDQGQ5FbsFoDOuRGyyPjEmMBrQ8oU0Y5l23or_8TXWFoVOXzsv57sLcBeb0Bfu5b4A:1qM8Vl:hqPcM_J8ZVHiAYOWrFi2LGNh5cBLw239Thq7PKDsN1A	2023-08-02 14:50:41.292516+00
\.


--
-- Data for Name: exchange_exchangebackend; Type: TABLE DATA; Schema: public; Owner: pavshop_user
--

COPY public.exchange_exchangebackend (name, last_update, base_currency) FROM stdin;
\.


--
-- Data for Name: exchange_rate; Type: TABLE DATA; Schema: public; Owner: pavshop_user
--

COPY public.exchange_rate (id, currency, value, backend_id) FROM stdin;
\.


--
-- Data for Name: products_brand; Type: TABLE DATA; Schema: public; Owner: pavshop_user
--

COPY public.products_brand (id, name, slug) FROM stdin;
1	Embawood	embawood
2	Adidas	adidas
3	Nike	nike
4	Shein	shein
\.


--
-- Data for Name: products_category; Type: TABLE DATA; Schema: public; Owner: pavshop_user
--

COPY public.products_category (id, name, slug, name_az, name_en, name_ru) FROM stdin;
4	Sport	sport	Idman	Sport	Спорт
3	Accessories	accessories	Aksesuarlar	Accessories	Аксессуары
2	Clothes	clothes	Geyimlər	Clothes	Одежда
1	Furniture	furniture	Mebel	Furniture	Мебель
\.


--
-- Data for Name: products_discount; Type: TABLE DATA; Schema: public; Owner: pavshop_user
--

COPY public.products_discount (id, created_at, updated_at, name, value, is_percent, is_active) FROM stdin;
3	2023-06-28 18:42:21.098713+00	2023-06-29 07:44:02.977314+00	Summer	10.00	t	t
\.


--
-- Data for Name: products_product; Type: TABLE DATA; Schema: public; Owner: pavshop_user
--

COPY public.products_product (id, created_at, updated_at, title, small_description, large_description, image, in_stock, quantity, slug, money, brand_id, category_id, small_description_az, small_description_en, small_description_ru, title_az, title_en, title_ru) FROM stdin;
8	2023-06-22 14:11:00.447213+00	2023-07-01 18:27:55.794677+00	Accessories 2	Lorem ipsum dolor sit amet, consectetur adipiscing elit, sed do eiusmod tempor incididunt ut labore et dolore magna aliqua. Porttitor leo a diam sollicitudin tempor. Non pulvinar neque laoreet suspendisse interdum consectetur libero. Feugiat nisl pretium fusce id velit ut tortor. Ornare massa eget egestas purus viverra accumsan. In massa tempor nec feugiat nisl pretium. Amet mauris commodo quis imperdiet massa tincidunt nunc pulvinar. Pellentesque sit amet porttitor eget. Donec ultrices tincidunt arcu non sodales. Maecenas pharetra convallis posuere morbi leo. Odio tempor orci dapibus ultrices in.	Lorem ipsum dolor sit amet, consectetur adipiscing elit, sed do eiusmod tempor incididunt ut labore et dolore magna aliqua. Porttitor leo a diam sollicitudin tempor. Non pulvinar neque laoreet suspendisse interdum consectetur libero. Feugiat nisl pretium fusce id velit ut tortor. Ornare massa eget egestas purus viverra accumsan. In massa tempor nec feugiat nisl pretium. Amet mauris commodo quis imperdiet massa tincidunt nunc pulvinar. Pellentesque sit amet porttitor eget. Donec ultrices tincidunt arcu non sodales. Maecenas pharetra convallis posuere morbi leo. Odio tempor orci dapibus ultrices in.	product_images/accessor_3.png	t	4	accessories-28	150.00	4	3	Tələblərə ehtiyacınız var, adipiscing elitinə diqqət yetirin, iş və hər hansı bir böyük gücə sahib ola bilərsiniz. Porttitor leo bir diam sollicitudin tempor. Non pulvinar neque laoreet suspendisse interdum consectetur libero. Feugiat nisl pretium fusce id vəlit ut tortor. Ornare massa eget egestas purus viverra accumsan. In massa tempor nec feugiat nisl pretium. Amet mauris commodo quis imperdiet massa tincidunt unc pulvinar. Pellentesque sit amet porttitor eget. Donec ultrices tincidunt arcu non sodales. Maecenas pharetra convallis posuere morbi leo. Odio tempor orci dapibus ultrices in.	Lorem ipsum dolor sit amet, consectetur adipiscing elit, sed do eiusmod tempor incididunt ut labore et dolore magna aliqua. Porttitor leo a diam sollicitudin tempor. Non pulvinar neque laoreet suspendisse interdum consectetur libero. Feugiat nisl pretium fusce id velit ut tortor. Ornare massa eget egestas purus viverra accumsan. In massa tempor nec feugiat nisl pretium. Amet mauris commodo quis imperdiet massa tincidunt nunc pulvinar. Pellentesque sit amet porttitor eget. Donec ultrices tincidunt arcu non sodales. Maecenas pharetra convallis posuere morbi leo. Odio tempor orci dapibus ultrices in.	Lorem ipsum dolor sit amet, consectetur adipiscing elit, sed do eiusmod tempor incididunt ut Labore et dolore magna aliqua. Porttitor leo a diam sollicitudin tempor. Non pulvinar neque laoreet suspendisse interdum consectetur libero. Feugiat nisl pretium fusce id velit ut tortor. Ornare massa eget egestas purus viverra accumsan. In massa tempor nec feugiat nisl pretium. Amet mauris commodo quis imperdiet massa tincidunt nunc pulvinar. Pellentesque сидеть с порттитор eget. Donec ultrices tincidunt arcu non sodales. Maecenas pharetra convallis posuere morbi leo. Odio tempor orci dapibus ultrices in.	Aksesuar 2	Accessories 2	Аксессуары 2
9	2023-06-22 14:14:34.529574+00	2023-07-01 18:28:05.60519+00	Sport 1	Lorem Ipsum is simply dummy text of the printing and typesetting industry. Lorem Ipsum has been the industry's standard dummy text ever since the 1500s, when an unknown printer took a galley of type and scrambled it to make a type specimen book. It has survived not only five centuries, but also the leap into electronic typesetting, remaining essentially unchanged.	Lorem ipsum dolor sit amet, consectetur adipiscing elit, sed do eiusmod tempor incididunt ut labore et dolore magna aliqua. Porttitor leo a diam sollicitudin tempor. Non pulvinar neque laoreet suspendisse interdum consectetur libero. Feugiat nisl pretium fusce id velit ut tortor. Ornare massa eget egestas purus viverra accumsan. In massa tempor nec feugiat nisl pretium. Amet mauris commodo quis imperdiet massa tincidunt nunc pulvinar. Pellentesque sit amet porttitor eget. Donec ultrices tincidunt arcu non sodales. Maecenas pharetra convallis posuere morbi leo. Odio tempor orci dapibus ultrices in.	product_images/sports_4.png	t	2	sport-19	70.00	3	4	Lorem Ipsum sadəcə çap və çap sənayesinin saxta mətnidir. Lorem Ipsum, 1500-cü illərdən bəri sənayenin standart dummy mətni olmuşdur, naməlum printer bir tipli qalereya götürdü və bir növ nümunə kitabı hazırlamaq üçün onu qarışdırdı. O, təkcə beş əsr ərzində deyil, həm də elektron çapa sıçrayışdan sonra, mahiyyətcə dəyişmədən sağ qaldı.	Lorem Ipsum is simply dummy text of the printing and typesetting industry. Lorem Ipsum has been the industry's standard dummy text ever since the 1500s, when an unknown printer took a galley of type and scrambled it to make a type specimen book. It has survived not only five centuries, but also the leap into electronic typesetting, remaining essentially unchanged.	Lorem Ipsum — это просто текст-пустышка полиграфической и наборной индустрии. Lorem Ipsum был стандартным фиктивным текстом в отрасли с 1500-х годов, когда неизвестный печатник взял гранку шрифта и перемешал ее, чтобы сделать книгу образцов шрифтов. Он пережил не только пять столетий, но и скачок в электронный набор текста, оставаясь практически неизменным.	Sport 1	Sport 1	Спорт 1
1	2023-06-22 13:53:59.389799+00	2023-07-01 18:25:41.991191+00	Furniture 1	Lorem Ipsum is simply dummy text of the printing and typesetting industry. Lorem Ipsum has been the industry's standard dummy text ever since the 1500s, when an unknown printer took a galley of type and scrambled it to make a type specimen book. It has survived not only five centuries, but also the leap into electronic typesetting, remaining essentially unchanged.	Lorem ipsum dolor sit amet, consectetur adipiscing elit, sed do eiusmod tempor incididunt ut labore et dolore magna aliqua. Aliquam nulla facilisi cras fermentum. Varius sit amet mattis vulputate enim. Sed turpis tincidunt id aliquet risus feugiat in ante metus. Et sollicitudin ac orci phasellus egestas. Mi tempus imperdiet nulla malesuada pellentesque elit eget. Amet facilisis magna etiam tempor orci. Integer eget aliquet nibh praesent tristique magna. Faucibus ornare suspendisse sed nisi lacus sed viverra tellus in. Posuere morbi leo urna molestie. Commodo quis imperdiet massa tincidunt nunc pulvinar sapien et ligula. Non odio euismod lacinia at quis risus sed vulputate odio. Justo eget magna fermentum iaculis eu non. Urna nunc id cursus metus. Vitae tempus quam pellentesque nec nam aliquam sem et.	product_images/furniture_1.jpg	f	\N	furniture-11	800.00	1	1	Lorem Ipsum sadəcə çap və çap sənayesinin saxta mətnidir. Lorem Ipsum, 1500-cü illərdən bəri sənayenin standart dummy mətni olmuşdur, naməlum printer bir tipli qalereya götürdü və bir növ nümunə kitabı hazırlamaq üçün onu qarışdırdı. O, təkcə beş əsr ərzində deyil, həm də elektron çapa sıçrayışdan sonra, mahiyyətcə dəyişmədən sağ qaldı.	Lorem Ipsum is simply dummy text of the printing and typesetting industry. Lorem Ipsum has been the industry's standard dummy text ever since the 1500s, when an unknown printer took a galley of type and scrambled it to make a type specimen book. It has survived not only five centuries, but also the leap into electronic typesetting, remaining essentially unchanged.	Lorem Ipsum — это просто текст-пустышка полиграфической и наборной индустрии. Lorem Ipsum был стандартным фиктивным текстом в отрасли с 1500-х годов, когда неизвестный печатник взял гранку шрифта и перемешал ее, чтобы сделать книгу образцов шрифтов. Он пережил не только пять столетий, но и скачок в электронный набор текста, оставаясь практически неизменным.	Mebel 1	Furniture 1	Мебель 1
3	2023-06-22 13:58:50.238868+00	2023-07-01 18:26:16.054897+00	Furniture 3	Lorem Ipsum is simply dummy text of the printing and typesetting industry. Lorem Ipsum has been the industry's standard dummy text ever since the 1500s, when an unknown printer took a galley of type and scrambled it to make a type specimen book. It has survived not only five centuries, but also the leap into electronic typesetting, remaining essentially unchanged.	Lorem ipsum dolor sit amet, consectetur adipiscing elit, sed do eiusmod tempor incididunt ut labore et dolore magna aliqua. Porttitor leo a diam sollicitudin tempor. Non pulvinar neque laoreet suspendisse interdum consectetur libero. Feugiat nisl pretium fusce id velit ut tortor. Ornare massa eget egestas purus viverra accumsan. In massa tempor nec feugiat nisl pretium. Amet mauris commodo quis imperdiet massa tincidunt nunc pulvinar. Pellentesque sit amet porttitor eget. Donec ultrices tincidunt arcu non sodales. Maecenas pharetra convallis posuere morbi leo. Odio tempor orci dapibus ultrices in.	product_images/furniture_3.jpg	t	3	furniture-33	680.00	1	1	Lorem Ipsum sadəcə çap və çap sənayesinin saxta mətnidir. Lorem Ipsum, 1500-cü illərdən bəri sənayenin standart dummy mətni olmuşdur, naməlum printer bir tipli qalereya götürdü və bir növ nümunə kitabı hazırlamaq üçün onu qarışdırdı. O, təkcə beş əsr ərzində deyil, həm də elektron çapa sıçrayışdan sonra, mahiyyətcə dəyişmədən sağ qaldı.	Lorem Ipsum is simply dummy text of the printing and typesetting industry. Lorem Ipsum has been the industry's standard dummy text ever since the 1500s, when an unknown printer took a galley of type and scrambled it to make a type specimen book. It has survived not only five centuries, but also the leap into electronic typesetting, remaining essentially unchanged.	Lorem Ipsum — это просто текст-пустышка полиграфической и наборной индустрии. Lorem Ipsum был стандартным фиктивным текстом в отрасли с 1500-х годов, когда неизвестный печатник взял гранку шрифта и перемешал ее, чтобы сделать книгу образцов шрифтов. Он пережил не только пять столетий, но и скачок в электронный набор текста, оставаясь практически неизменным.	Mebel 3	Furniture 3	Мебель 3
4	2023-06-22 14:03:11.081092+00	2023-07-01 18:26:44.897977+00	Clothes 1	Lorem Ipsum is simply dummy text of the printing and typesetting industry. Lorem Ipsum has been the industry's standard dummy text ever since the 1500s, when an unknown printer took a galley of type and scrambled it to make a type specimen book. It has survived not only five centuries, but also the leap into electronic typesetting, remaining essentially unchanged.	Lorem ipsum dolor sit amet, consectetur adipiscing elit, sed do eiusmod tempor incididunt ut labore et dolore magna aliqua. Porttitor leo a diam sollicitudin tempor. Non pulvinar neque laoreet suspendisse interdum consectetur libero. Feugiat nisl pretium fusce id velit ut tortor. Ornare massa eget egestas purus viverra accumsan. In massa tempor nec feugiat nisl pretium. Amet mauris commodo quis imperdiet massa tincidunt nunc pulvinar. Pellentesque sit amet porttitor eget. Donec ultrices tincidunt arcu non sodales. Maecenas pharetra convallis posuere morbi leo. Odio tempor orci dapibus ultrices in.	product_images/clothes_1.png	t	5	clothes-14	20.00	2	2	Lorem Ipsum sadəcə çap və çap sənayesinin saxta mətnidir. Lorem Ipsum, 1500-cü illərdən bəri sənayenin standart dummy mətni olmuşdur, naməlum printer bir tipli qalereya götürdü və bir növ nümunə kitabı hazırlamaq üçün onu qarışdırdı. O, təkcə beş əsr ərzində deyil, həm də elektron çapa sıçrayışdan sonra, mahiyyətcə dəyişmədən sağ qaldı.	Lorem Ipsum is simply dummy text of the printing and typesetting industry. Lorem Ipsum has been the industry's standard dummy text ever since the 1500s, when an unknown printer took a galley of type and scrambled it to make a type specimen book. It has survived not only five centuries, but also the leap into electronic typesetting, remaining essentially unchanged.	Lorem Ipsum — это просто текст-пустышка полиграфической и наборной индустрии. Lorem Ipsum был стандартным фиктивным текстом в отрасли с 1500-х годов, когда неизвестный печатник взял гранку шрифта и перемешал ее, чтобы сделать книгу образцов шрифтов. Он пережил не только пять столетий, но и скачок в электронный набор текста, оставаясь практически неизменным.	Geyim 1	Clothes 1	Одежда 1
2	2023-06-22 13:57:16.611077+00	2023-07-01 18:25:58.523721+00	Furniture 2	Lorem Ipsum is simply dummy text of the printing and typesetting industry. Lorem Ipsum has been the industry's standard dummy text ever since the 1500s, when an unknown printer took a galley of type and scrambled it to make a type specimen book. It has survived not only five centuries, but also the leap into electronic typesetting, remaining essentially unchanged.	Lorem ipsum dolor sit amet, consectetur adipiscing elit, sed do eiusmod tempor incididunt ut labore et dolore magna aliqua. Aliquam nulla facilisi cras fermentum. Varius sit amet mattis vulputate enim. Sed turpis tincidunt id aliquet risus feugiat in ante metus. Et sollicitudin ac orci phasellus egestas. Mi tempus imperdiet nulla malesuada pellentesque elit eget. Amet facilisis magna etiam tempor orci. Integer eget aliquet nibh praesent tristique magna. Faucibus ornare suspendisse sed nisi lacus sed viverra tellus in. Posuere morbi leo urna molestie. Commodo quis imperdiet massa tincidunt nunc pulvinar sapien et ligula. Non odio euismod lacinia at quis risus sed vulputate odio. Justo eget magna fermentum iaculis eu non. Urna nunc id cursus metus. Vitae tempus quam pellentesque nec nam aliquam sem et.	product_images/furniture_2.jpg	t	3	furniture-22	750.00	1	1	Lorem Ipsum sadəcə çap və çap sənayesinin saxta mətnidir. Lorem Ipsum, 1500-cü illərdən bəri sənayenin standart dummy mətni olmuşdur, naməlum printer bir tipli qalereya götürdü və bir növ nümunə kitabı hazırlamaq üçün onu qarışdırdı. O, təkcə beş əsr ərzində deyil, həm də elektron çapa sıçrayışdan sonra, mahiyyətcə dəyişmədən sağ qaldı.	Lorem Ipsum is simply dummy text of the printing and typesetting industry. Lorem Ipsum has been the industry's standard dummy text ever since the 1500s, when an unknown printer took a galley of type and scrambled it to make a type specimen book. It has survived not only five centuries, but also the leap into electronic typesetting, remaining essentially unchanged.	Lorem Ipsum — это просто текст-пустышка полиграфической и наборной индустрии. Lorem Ipsum был стандартным фиктивным текстом в отрасли с 1500-х годов, когда неизвестный печатник взял гранку шрифта и перемешал ее, чтобы сделать книгу образцов шрифтов. Он пережил не только пять столетий, но и скачок в электронный набор текста, оставаясь практически неизменным.	Mebel 2	Furniture 2	Мебель 2
5	2023-06-22 14:05:08.134583+00	2023-07-01 18:27:06.409221+00	Clothes 2	Lorem Ipsum is simply dummy text of the printing and typesetting industry. Lorem Ipsum has been the industry's standard dummy text ever since the 1500s, when an unknown printer took a galley of type and scrambled it to make a type specimen book. It has survived not only five centuries, but also the leap into electronic typesetting, remaining essentially unchanged.	Lorem ipsum dolor sit amet, consectetur adipiscing elit, sed do eiusmod tempor incididunt ut labore et dolore magna aliqua. Porttitor leo a diam sollicitudin tempor. Non pulvinar neque laoreet suspendisse interdum consectetur libero. Feugiat nisl pretium fusce id velit ut tortor. Ornare massa eget egestas purus viverra accumsan. In massa tempor nec feugiat nisl pretium. Amet mauris commodo quis imperdiet massa tincidunt nunc pulvinar. Pellentesque sit amet porttitor eget. Donec ultrices tincidunt arcu non sodales. Maecenas pharetra convallis posuere morbi leo. Odio tempor orci dapibus ultrices in.	product_images/clothes_3.png	t	2	clothes-25	30.00	2	2	Lorem Ipsum sadəcə çap və çap sənayesinin saxta mətnidir. Lorem Ipsum, 1500-cü illərdən bəri sənayenin standart dummy mətni olmuşdur, naməlum printer bir tipli qalereya götürdü və bir növ nümunə kitabı hazırlamaq üçün onu qarışdırdı. O, təkcə beş əsr ərzində deyil, həm də elektron çapa sıçrayışdan sonra, mahiyyətcə dəyişmədən sağ qaldı.	Lorem Ipsum is simply dummy text of the printing and typesetting industry. Lorem Ipsum has been the industry's standard dummy text ever since the 1500s, when an unknown printer took a galley of type and scrambled it to make a type specimen book. It has survived not only five centuries, but also the leap into electronic typesetting, remaining essentially unchanged.	Lorem Ipsum — это просто текст-пустышка полиграфической и наборной индустрии. Lorem Ipsum был стандартным фиктивным текстом в отрасли с 1500-х годов, когда неизвестный печатник взял гранку шрифта и перемешал ее, чтобы сделать книгу образцов шрифтов. Он пережил не только пять столетий, но и скачок в электронный набор текста, оставаясь практически неизменным.	Geyim 2	Clothes 2	Одежда 2
6	2023-06-22 14:07:02.95692+00	2023-07-01 18:27:19.89602+00	Clothes 3	Lorem Ipsum is simply dummy text of the printing and typesetting industry. Lorem Ipsum has been the industry's standard dummy text ever since the 1500s, when an unknown printer took a galley of type and scrambled it to make a type specimen book. It has survived not only five centuries, but also the leap into electronic typesetting, remaining essentially unchanged.	Lorem ipsum dolor sit amet, consectetur adipiscing elit, sed do eiusmod tempor incididunt ut labore et dolore magna aliqua. Porttitor leo a diam sollicitudin tempor. Non pulvinar neque laoreet suspendisse interdum consectetur libero. Feugiat nisl pretium fusce id velit ut tortor. Ornare massa eget egestas purus viverra accumsan. In massa tempor nec feugiat nisl pretium. Amet mauris commodo quis imperdiet massa tincidunt nunc pulvinar. Pellentesque sit amet porttitor eget. Donec ultrices tincidunt arcu non sodales. Maecenas pharetra convallis posuere morbi leo. Odio tempor orci dapibus ultrices in.	product_images/clothes_4.png	t	2	clothes-36	8.00	3	2	Lorem Ipsum sadəcə çap və çap sənayesinin saxta mətnidir. Lorem Ipsum, 1500-cü illərdən bəri sənayenin standart dummy mətni olmuşdur, naməlum printer bir tipli qalereya götürdü və bir növ nümunə kitabı hazırlamaq üçün onu qarışdırdı. O, təkcə beş əsr ərzində deyil, həm də elektron çapa sıçrayışdan sonra, mahiyyətcə dəyişmədən sağ qaldı.	Lorem Ipsum is simply dummy text of the printing and typesetting industry. Lorem Ipsum has been the industry's standard dummy text ever since the 1500s, when an unknown printer took a galley of type and scrambled it to make a type specimen book. It has survived not only five centuries, but also the leap into electronic typesetting, remaining essentially unchanged.	Lorem Ipsum — это просто текст-пустышка полиграфической и наборной индустрии. Lorem Ipsum был стандартным фиктивным текстом в отрасли с 1500-х годов, когда неизвестный печатник взял гранку шрифта и перемешал ее, чтобы сделать книгу образцов шрифтов. Он пережил не только пять столетий, но и скачок в электронный набор текста, оставаясь практически неизменным.	Geyim 3	Clothes 3	Одежда 3
10	2023-06-22 14:16:04.960941+00	2023-07-01 18:28:19.59695+00	Sport 2	Lorem Ipsum is simply dummy text of the printing and typesetting industry. Lorem Ipsum has been the industry's standard dummy text ever since the 1500s, when an unknown printer took a galley of type and scrambled it to make a type specimen book. It has survived not only five centuries, but also the leap into electronic typesetting, remaining essentially unchanged.	Lorem ipsum dolor sit amet, consectetur adipiscing elit, sed do eiusmod tempor incididunt ut labore et dolore magna aliqua. Porttitor leo a diam sollicitudin tempor. Non pulvinar neque laoreet suspendisse interdum consectetur libero. Feugiat nisl pretium fusce id velit ut tortor. Ornare massa eget egestas purus viverra accumsan. In massa tempor nec feugiat nisl pretium. Amet mauris commodo quis imperdiet massa tincidunt nunc pulvinar. Pellentesque sit amet porttitor eget. Donec ultrices tincidunt arcu non sodales. Maecenas pharetra convallis posuere morbi leo. Odio tempor orci dapibus ultrices in.	product_images/sport_3.png	t	4	sport-210	280.00	3	4	Lorem Ipsum sadəcə çap və çap sənayesinin saxta mətnidir. Lorem Ipsum, 1500-cü illərdən bəri sənayenin standart dummy mətni olmuşdur, naməlum printer bir tipli qalereya götürdü və bir növ nümunə kitabı hazırlamaq üçün onu qarışdırdı. O, təkcə beş əsr ərzində deyil, həm də elektron çapa sıçrayışdan sonra, mahiyyətcə dəyişmədən sağ qaldı.	Lorem Ipsum is simply dummy text of the printing and typesetting industry. Lorem Ipsum has been the industry's standard dummy text ever since the 1500s, when an unknown printer took a galley of type and scrambled it to make a type specimen book. It has survived not only five centuries, but also the leap into electronic typesetting, remaining essentially unchanged.	Lorem Ipsum — это просто текст-пустышка полиграфической и наборной индустрии. Lorem Ipsum был стандартным фиктивным текстом в отрасли с 1500-х годов, когда неизвестный печатник взял гранку шрифта и перемешал ее, чтобы сделать книгу образцов шрифтов. Он пережил не только пять столетий, но и скачок в электронный набор текста, оставаясь практически неизменным.	Sport 2	Sport 2	Спорт 2
7	2023-06-22 14:08:49.713365+00	2023-07-14 09:01:28.936787+00	Accessories 1	Lorem Ipsum is simply dummy text of the printing and typesetting industry. Lorem Ipsum has been the industry's standard dummy text ever since the 1500s, when an unknown printer took a galley of type and scrambled it to make a type specimen book. It has survived not only five centuries, but also the leap into electronic typesetting, remaining essentially unchanged.	Lorem ipsum dolor sit amet, consectetur adipiscing elit, sed do eiusmod tempor incididunt ut labore et dolore magna aliqua. Porttitor leo a diam sollicitudin tempor. Non pulvinar neque laoreet suspendisse interdum consectetur libero. Feugiat nisl pretium fusce id velit ut tortor. Ornare massa eget egestas purus viverra accumsan. In massa tempor nec feugiat nisl pretium. Amet mauris commodo quis imperdiet massa tincidunt nunc pulvinar. Pellentesque sit amet porttitor eget. Donec ultrices tincidunt arcu non sodales. Maecenas pharetra convallis posuere morbi leo. Odio tempor orci dapibus ultrices in.	product_images/accessor_1.png	t	3	accessories-17	5.00	4	3	Lorem Ipsum sadəcə çap və çap sənayesinin saxta mətnidir. Lorem Ipsum, 1500-cü illərdən bəri sənayenin standart dummy mətni olmuşdur, naməlum printer bir tipli qalereya götürdü və bir növ nümunə kitabı hazırlamaq üçün onu qarışdırdı. O, təkcə beş əsr ərzində deyil, həm də elektron çapa sıçrayışdan sonra, mahiyyətcə dəyişmədən sağ qaldı.	Lorem Ipsum is simply dummy text of the printing and typesetting industry. Lorem Ipsum has been the industry's standard dummy text ever since the 1500s, when an unknown printer took a galley of type and scrambled it to make a type specimen book. It has survived not only five centuries, but also the leap into electronic typesetting, remaining essentially unchanged.	Lorem Ipsum — это просто текст-пустышка полиграфической и наборной индустрии. Lorem Ipsum был стандартным фиктивным текстом в отрасли с 1500-х годов, когда неизвестный печатник взял гранку шрифта и перемешал ее, чтобы сделать книгу образцов шрифтов. Он пережил не только пять столетий, но и скачок в электронный набор текста, оставаясь практически неизменным.	Aksesuar 1	Accessories 1	Аксессуары 1
\.


--
-- Data for Name: products_product_discount; Type: TABLE DATA; Schema: public; Owner: pavshop_user
--

COPY public.products_product_discount (id, product_id, discount_id) FROM stdin;
1	1	3
2	2	3
3	3	3
4	4	3
5	5	3
6	6	3
7	7	3
8	8	3
9	9	3
10	10	3
\.


--
-- Data for Name: products_product_property_values; Type: TABLE DATA; Schema: public; Owner: pavshop_user
--

COPY public.products_product_property_values (id, product_id, propertyvalue_id) FROM stdin;
2	2	7
4	4	4
5	5	6
6	6	2
7	7	7
8	8	1
9	9	8
10	10	4
11	3	3
12	1	7
\.


--
-- Data for Name: products_product_tag; Type: TABLE DATA; Schema: public; Owner: pavshop_user
--

COPY public.products_product_tag (id, product_id, tag_id) FROM stdin;
1	1	1
2	2	1
3	3	1
4	4	2
5	5	2
6	6	2
7	7	4
8	8	4
9	9	3
10	10	3
\.


--
-- Data for Name: products_productimages; Type: TABLE DATA; Schema: public; Owner: pavshop_user
--

COPY public.products_productimages (id, image, product_id) FROM stdin;
1	products_images/f-slider1.png	1
2	products_images/f-slider2.png	1
3	products_images/f-slider3.png	1
4	products_images/f2-slider1.png	2
5	products_images/f2-slider2.png	2
6	products_images/f2-slider3.png	2
7	products_images/f3-slider1.png	3
8	products_images/f3-slider2.png	3
9	products_images/f3-slider3.png	3
10	products_images/c-slider1.png	4
11	products_images/c-slider2.png	4
12	products_images/c-slider2_28Ym58z.png	4
13	products_images/c3-slider1g.png	5
14	products_images/c3-slider2g.png	5
15	products_images/c3-slider3g.png	5
16	products_images/c3-slider1.png	6
17	products_images/c3-slider2.png	6
18	products_images/c3-slider3.png	6
19	products_images/a-slider1.png	7
20	products_images/a-slider2.png	7
21	products_images/a-slider3.png	7
22	products_images/a2-slider1r.png	8
23	products_images/a2-slider2r.png	8
24	products_images/a2-slider3r.png	8
25	products_images/s4-slider1.png	9
26	products_images/s4-slider2.png	9
27	products_images/s4-slider3.png	9
28	products_images/s3-slider1.png	10
29	products_images/s3-slider2.png	10
30	products_images/s3-slider3.png	10
\.


--
-- Data for Name: products_property; Type: TABLE DATA; Schema: public; Owner: pavshop_user
--

COPY public.products_property (id, name) FROM stdin;
1	Color
\.


--
-- Data for Name: products_propertyvalue; Type: TABLE DATA; Schema: public; Owner: pavshop_user
--

COPY public.products_propertyvalue (id, name, property_id) FROM stdin;
1	Red	1
2	Yellow	1
3	Brown	1
4	Blue	1
5	Black	1
6	Green	1
7	White	1
8	Purple	1
9	Grey	1
\.


--
-- Data for Name: products_rating; Type: TABLE DATA; Schema: public; Owner: pavshop_user
--

COPY public.products_rating (id, rate) FROM stdin;
\.


--
-- Data for Name: products_review; Type: TABLE DATA; Schema: public; Owner: pavshop_user
--

COPY public.products_review (id, created_at, updated_at, review, rating, is_active, author_id, product_id) FROM stdin;
69	2023-07-18 15:42:57.24757+00	2023-07-18 15:42:57.24757+00	Super!	3	t	1	3
2	2023-06-22 21:24:07.279993+00	2023-06-22 21:24:07.279993+00	Ooops :(	1	t	1	1
3	2023-06-22 21:51:11.054892+00	2023-06-22 21:51:11.054892+00	Perfecto!	1	t	1	5
70	2023-07-18 15:59:11.89571+00	2023-07-18 15:59:11.89571+00	super	2	t	1	8
71	2023-07-19 16:19:14.236343+00	2023-07-19 16:19:14.236343+00	super	2	t	1	1
72	2023-07-22 05:35:58.57837+00	2023-07-22 05:35:58.57837+00	Very quality!	4	t	1	6
10	2023-06-23 07:58:08.282141+00	2023-06-23 07:58:08.282141+00	Super!	1	t	1	6
41	2023-06-27 20:19:59.85715+00	2023-06-27 20:19:59.85715+00	OMG!	1	t	1	2
51	2023-07-08 06:38:50.049032+00	2023-07-08 06:38:50.049032+00	Super!	1	t	1	5
66	2023-07-17 18:43:39.95451+00	2023-07-17 18:43:39.95451+00	Nice!	3	t	1	5
67	2023-07-17 19:25:59.789647+00	2023-07-17 19:25:59.789647+00	Woow!!	5	t	1	2
\.


--
-- Data for Name: products_tag; Type: TABLE DATA; Schema: public; Owner: pavshop_user
--

COPY public.products_tag (id, name, slug, name_az, name_en, name_ru) FROM stdin;
3	Sport	sports	Sport	Sports	Спорт
2	Geyimlər	clothes	Geyimlər	Clothes	Одежда
1	Mebel	furniture	Mebel	Furniture	Мебель
4	Аксессуары	accessories	Aksesuarlar	Accessories	Аксессуары
\.


--
-- Data for Name: shopping_cart_billing_address; Type: TABLE DATA; Schema: public; Owner: pavshop_user
--

COPY public.shopping_cart_billing_address (id, created_at, updated_at, company, address, country, city, phone, shipping_address_id, user_id) FROM stdin;
1	2023-06-24 10:12:27.70608+00	2023-06-24 10:12:27.70608+00	company	address 2	AZ	Baku	tel:+994-77-899-00-00	\N	1
2	2023-06-24 10:18:26.165019+00	2023-06-24 10:18:26.17098+00	company 3	address 3	AZ	Baku	tel:+994-77-899-00-00	\N	1
3	2023-06-24 10:19:21.056157+00	2023-06-24 10:19:21.062172+00	ship company	ship address	AZ	Baku	tel:+994-77-899-00-00	\N	1
4	2023-06-24 10:20:41.376782+00	2023-06-24 10:20:41.381754+00	bill company	bill adddress	AZ	Baku	tel:+994-77-899-00-00	\N	1
\.


--
-- Data for Name: shopping_cart_customer; Type: TABLE DATA; Schema: public; Owner: pavshop_user
--

COPY public.shopping_cart_customer (id, name, email, user_id) FROM stdin;
1	Peri	peri@gmail.com	1
4	Feride	\N	71
5	\N	\N	70
9	\N	\N	72
10	\N	\N	73
11	\N	\N	68
\.


--
-- Data for Name: shopping_cart_order; Type: TABLE DATA; Schema: public; Owner: pavshop_user
--

COPY public.shopping_cart_order (id, complete, date_ordered, transaction_id, customer_id) FROM stdin;
93	t	2023-07-24 05:32:02.288041+00	1690177878.193208	5
96	t	2023-07-24 05:53:07.143761+00	1690178050.565616	1
95	t	2023-07-24 05:51:24.579617+00	1690178153.481652	5
98	f	2023-07-24 05:57:04.586672+00	\N	1
97	t	2023-07-24 05:55:59.487732+00	1690178285.99381	5
99	t	2023-07-24 05:58:11.864103+00	1690178512.493726	5
100	t	2023-07-24 06:04:46.793129+00	1690178728.460135	9
101	f	2023-07-24 06:05:33.970821+00	\N	9
102	t	2023-07-24 06:09:02.648269+00	1690178988.57575	10
103	f	2023-07-24 06:09:53.965097+00	\N	10
104	t	2023-07-24 07:22:01.550986+00	1690183382.350939	11
105	f	2023-07-24 07:23:08.213302+00	\N	11
73	t	2023-07-10 08:10:28.621208+00	1689075857.12095	1
75	t	2023-07-11 11:45:03.814347+00	1689076155.826434	1
76	t	2023-07-11 11:49:49.618849+00	1689077518.368761	1
77	t	2023-07-11 14:00:17.938381+00	1689175197.504246	1
79	t	2023-07-12 15:26:50.099615+00	1689187591.44419	1
80	t	2023-07-12 18:46:56.452451+00	1689188177.679845	1
81	t	2023-07-12 18:58:47.211228+00	1689189474.986386	1
82	t	2023-07-13 11:31:29.185872+00	1689273417.81773	1
83	t	2023-07-13 18:37:06.165825+00	1689274314.733592	1
84	t	2023-07-13 18:52:00.893015+00	1689274622.872147	1
85	t	2023-07-13 19:05:36.378019+00	1689275214.84103	1
86	t	2023-07-13 19:07:01.717227+00	1689364873.530663	1
88	t	2023-07-15 17:43:55.410002+00	1689879056.85674	1
87	t	2023-07-14 20:01:20.846083+00	1689443339.067374	1
89	t	2023-07-15 17:49:05.675907+00	1689696070.367114	1
90	t	2023-07-18 16:01:16.455901+00	1690008136.943171	1
74	t	2023-07-10 08:10:45.922695+00	1689174956.189521	\N
78	t	2023-07-12 15:16:03.836855+00	1689175443.817859	\N
92	f	2023-07-23 12:32:06.577866+00	\N	4
91	t	2023-07-22 06:42:25.066443+00	1690177104.486253	1
94	t	2023-07-24 05:38:30.613919+00	1690177715.318022	1
\.


--
-- Data for Name: shopping_cart_orderitem; Type: TABLE DATA; Schema: public; Owner: pavshop_user
--

COPY public.shopping_cart_orderitem (id, quantity, date_added, order_id, product_id) FROM stdin;
22	1	2023-07-22 06:21:49.341095+00	90	2
24	2	2023-07-24 05:34:37.30969+00	91	3
25	2	2023-07-24 05:47:49.972411+00	94	6
26	1	2023-07-24 05:49:31.562813+00	93	5
4	2	2023-07-10 16:49:58.061397+00	73	5
27	1	2023-07-24 05:53:24.293711+00	96	4
1	1	2023-07-10 08:11:45.130212+00	73	3
5	1	2023-07-11 11:47:29.892456+00	75	3
6	1	2023-07-11 11:47:39.145134+00	75	6
7	2	2023-07-11 11:52:18.623504+00	76	2
8	2	2023-07-12 15:14:29.875379+00	74	3
9	1	2023-07-12 15:19:37.333867+00	77	3
10	1	2023-07-12 15:23:06.597886+00	78	5
28	1	2023-07-24 05:55:09.288558+00	95	4
11	2	2023-07-12 18:45:47.940403+00	79	9
12	1	2023-07-12 18:50:12.035418+00	80	7
29	1	2023-07-24 05:57:29.406531+00	97	5
14	1	2023-07-12 19:13:50.178829+00	81	2
15	1	2023-07-13 11:48:36.195799+00	82	3
16	1	2023-07-13 18:48:55.081394+00	83	7
17	1	2023-07-13 18:54:34.22002+00	84	6
18	2	2023-07-13 19:05:36.400289+00	85	5
19	1	2023-07-14 17:03:34.588459+00	86	3
20	2	2023-07-15 17:46:08.617042+00	87	5
30	1	2023-07-24 06:01:10.000892+00	99	6
21	2	2023-07-18 15:59:38.69479+00	89	8
31	2	2023-07-24 06:04:46.808666+00	100	3
32	1	2023-07-24 06:09:02.673449+00	102	5
33	1	2023-07-24 07:22:18.846575+00	104	2
\.


--
-- Data for Name: shopping_cart_shipping_address; Type: TABLE DATA; Schema: public; Owner: pavshop_user
--

COPY public.shopping_cart_shipping_address (id, created_at, updated_at, company, address, country, city, phone, user_id) FROM stdin;
23	2023-06-24 10:12:27.642317+00	2023-06-24 10:12:27.642317+00	company	address 2	AZ	Baku	tel:+994-77-899-00-00	1
24	2023-06-24 10:34:28.351796+00	2023-06-24 10:34:28.351796+00	ship 4	ship 4	AZ	Baku	tel:+994-70-444-55-55	1
25	2023-07-02 19:54:09.70199+00	2023-07-02 19:54:09.70199+00	azersun	adres 3	AZ	Baku	tel:+994-77-909-09-09	1
\.


--
-- Data for Name: social_auth_association; Type: TABLE DATA; Schema: public; Owner: pavshop_user
--

COPY public.social_auth_association (id, server_url, handle, secret, issued, lifetime, assoc_type) FROM stdin;
\.


--
-- Data for Name: social_auth_code; Type: TABLE DATA; Schema: public; Owner: pavshop_user
--

COPY public.social_auth_code (id, email, code, verified, "timestamp") FROM stdin;
\.


--
-- Data for Name: social_auth_nonce; Type: TABLE DATA; Schema: public; Owner: pavshop_user
--

COPY public.social_auth_nonce (id, server_url, "timestamp", salt) FROM stdin;
\.


--
-- Data for Name: social_auth_partial; Type: TABLE DATA; Schema: public; Owner: pavshop_user
--

COPY public.social_auth_partial (id, token, next_step, backend, data, "timestamp") FROM stdin;
\.


--
-- Data for Name: social_auth_usersocialauth; Type: TABLE DATA; Schema: public; Owner: pavshop_user
--

COPY public.social_auth_usersocialauth (id, provider, uid, extra_data, user_id, created, modified) FROM stdin;
4	facebook	1687254948399027	{"auth_time": 1689778230, "id": "1687254948399027", "expires": 5183998, "granted_scopes": ["user_link", "email", "public_profile"], "denied_scopes": null, "name": "P\\u0259rvan\\u0259 Yusibova", "email": "perisyva@gmail.com", "picture": {"data": {"height": 200, "is_silhouette": false, "url": "https://platform-lookaside.fbsbx.com/platform/profilepic/?asid=1687254948399027&height=200&width=200&ext=1692370231&hash=AeTaMOnwAbBff41TbbY", "width": 200}}, "profile_url": "https://www.facebook.com/app_scoped_user_id/YXNpZADpBWEdHM2pTWmFTSkQyS2pSV19XNkUtUUJCbGZA2bGRlMEp0bXN0NDE0dE5fY1JYd0NmcGRsZAkRpLTd5bW1Scnh1Mkh3MDkzNmJjQkl2azhZAS2sxS0tMblpzbFNwWWIzQ09Wb3lOODVUb2lHLVFOUEta/", "access_token": "EAAJZA356ZBtgoBAHKOdOZAK4eoK9kqgLs6ZAIy0VBiU04Lwm7dVDEjaZAo4ZAy7UDoA9eWd0Si0i7qIkQZAdDgetv1ZCYd2jG5gaKAR9QrEI9UYVNVT9wa9oTpYVOJvxnLbm5LwaQn2veM8sh43GXOOYIRgTV6QPDbaD62tkXoM8HmbKpJJFMU9JplIdYgCLZAqGROamWT6M7kx0TQhMqzezV3bUDFLXeFCuK0p82VbYRc8fUG6EgEYhZCRGa3RpI9DyQZD", "token_type": null}	67	2023-07-09 18:02:26.381799+00	2023-07-19 14:50:30.897741+00
6	twitter	1668962916228276224	{"auth_time": 1690105653, "id": 1668962916228276224, "access_token": {"oauth_token": "1668962916228276224-e6Vl0kLU0NKj4KgeSW8UUi2pRuYdM3", "oauth_token_secret": "jufJXkf5Y98vY8KiynHtpOYzWGxdCtE3hKfWZ5p2QmTwJ", "user_id": "1668962916228276224", "screen_name": "Parvana2323"}}	69	2023-07-09 20:49:27.38603+00	2023-07-23 09:47:33.64186+00
5	google-oauth2	parvanayva@gmail.com	{"auth_time": 1690183313, "expires": 3599, "token_type": "Bearer", "access_token": "ya29.a0AbVbY6MsSAH04zhDUF0ArYfq48VL2PYHtPPjWtF_tYZR5MulWS1_cUIU9RWhGE8BzuAAqwtNhAv97WIwkWRjSMjHdYmgA5xhu4Wd0YHdEm4KvFloaLdPxW9RTy2igkWSp0qvcn-KbwQfwLfmG9e4oQeVMAFE_TwaCgYKAR4SARISFQFWKvPlYAFQaUTLOC_WviKmDcyIbw0166"}	68	2023-07-09 19:08:35.71248+00	2023-07-24 07:21:53.832121+00
\.


--
-- Name: auth_group_id_seq; Type: SEQUENCE SET; Schema: public; Owner: pavshop_user
--

SELECT pg_catalog.setval('public.auth_group_id_seq', 1, false);


--
-- Name: auth_group_permissions_id_seq; Type: SEQUENCE SET; Schema: public; Owner: pavshop_user
--

SELECT pg_catalog.setval('public.auth_group_permissions_id_seq', 1, false);


--
-- Name: auth_permission_id_seq; Type: SEQUENCE SET; Schema: public; Owner: pavshop_user
--

SELECT pg_catalog.setval('public.auth_permission_id_seq', 192, true);


--
-- Name: authentication_user_groups_id_seq; Type: SEQUENCE SET; Schema: public; Owner: pavshop_user
--

SELECT pg_catalog.setval('public.authentication_user_groups_id_seq', 1, false);


--
-- Name: authentication_user_id_seq; Type: SEQUENCE SET; Schema: public; Owner: pavshop_user
--

SELECT pg_catalog.setval('public.authentication_user_id_seq', 73, true);


--
-- Name: authentication_user_user_permissions_id_seq; Type: SEQUENCE SET; Schema: public; Owner: pavshop_user
--

SELECT pg_catalog.setval('public.authentication_user_user_permissions_id_seq', 1, false);


--
-- Name: base_blockedips_id_seq; Type: SEQUENCE SET; Schema: public; Owner: pavshop_user
--

SELECT pg_catalog.setval('public.base_blockedips_id_seq', 1, true);


--
-- Name: base_contact_id_seq; Type: SEQUENCE SET; Schema: public; Owner: pavshop_user
--

SELECT pg_catalog.setval('public.base_contact_id_seq', 23, true);


--
-- Name: base_newsletter_id_seq; Type: SEQUENCE SET; Schema: public; Owner: pavshop_user
--

SELECT pg_catalog.setval('public.base_newsletter_id_seq', 109, true);


--
-- Name: base_sponsor_id_seq; Type: SEQUENCE SET; Schema: public; Owner: pavshop_user
--

SELECT pg_catalog.setval('public.base_sponsor_id_seq', 12, true);


--
-- Name: base_team_id_seq; Type: SEQUENCE SET; Schema: public; Owner: pavshop_user
--

SELECT pg_catalog.setval('public.base_team_id_seq', 51, true);


--
-- Name: blogs_category_id_seq; Type: SEQUENCE SET; Schema: public; Owner: pavshop_user
--

SELECT pg_catalog.setval('public.blogs_category_id_seq', 9, true);


--
-- Name: blogs_comment_id_seq; Type: SEQUENCE SET; Schema: public; Owner: pavshop_user
--

SELECT pg_catalog.setval('public.blogs_comment_id_seq', 28, true);


--
-- Name: blogs_story_id_seq; Type: SEQUENCE SET; Schema: public; Owner: pavshop_user
--

SELECT pg_catalog.setval('public.blogs_story_id_seq', 151, true);


--
-- Name: blogs_story_tag_id_seq; Type: SEQUENCE SET; Schema: public; Owner: pavshop_user
--

SELECT pg_catalog.setval('public.blogs_story_tag_id_seq', 132, true);


--
-- Name: blogs_tag_id_seq; Type: SEQUENCE SET; Schema: public; Owner: pavshop_user
--

SELECT pg_catalog.setval('public.blogs_tag_id_seq', 10, true);


--
-- Name: django_admin_log_id_seq; Type: SEQUENCE SET; Schema: public; Owner: pavshop_user
--

SELECT pg_catalog.setval('public.django_admin_log_id_seq', 973, true);


--
-- Name: django_celery_beat_clockedschedule_id_seq; Type: SEQUENCE SET; Schema: public; Owner: pavshop_user
--

SELECT pg_catalog.setval('public.django_celery_beat_clockedschedule_id_seq', 1, false);


--
-- Name: django_celery_beat_crontabschedule_id_seq; Type: SEQUENCE SET; Schema: public; Owner: pavshop_user
--

SELECT pg_catalog.setval('public.django_celery_beat_crontabschedule_id_seq', 5, true);


--
-- Name: django_celery_beat_intervalschedule_id_seq; Type: SEQUENCE SET; Schema: public; Owner: pavshop_user
--

SELECT pg_catalog.setval('public.django_celery_beat_intervalschedule_id_seq', 1, false);


--
-- Name: django_celery_beat_periodictask_id_seq; Type: SEQUENCE SET; Schema: public; Owner: pavshop_user
--

SELECT pg_catalog.setval('public.django_celery_beat_periodictask_id_seq', 5, true);


--
-- Name: django_celery_beat_solarschedule_id_seq; Type: SEQUENCE SET; Schema: public; Owner: pavshop_user
--

SELECT pg_catalog.setval('public.django_celery_beat_solarschedule_id_seq', 1, false);


--
-- Name: django_content_type_id_seq; Type: SEQUENCE SET; Schema: public; Owner: pavshop_user
--

SELECT pg_catalog.setval('public.django_content_type_id_seq', 48, true);


--
-- Name: django_migrations_id_seq; Type: SEQUENCE SET; Schema: public; Owner: pavshop_user
--

SELECT pg_catalog.setval('public.django_migrations_id_seq', 93, true);


--
-- Name: exchange_rate_id_seq; Type: SEQUENCE SET; Schema: public; Owner: pavshop_user
--

SELECT pg_catalog.setval('public.exchange_rate_id_seq', 1, false);


--
-- Name: products_brand_id_seq; Type: SEQUENCE SET; Schema: public; Owner: pavshop_user
--

SELECT pg_catalog.setval('public.products_brand_id_seq', 4, true);


--
-- Name: products_category_id_seq; Type: SEQUENCE SET; Schema: public; Owner: pavshop_user
--

SELECT pg_catalog.setval('public.products_category_id_seq', 7, true);


--
-- Name: products_discount_id_seq; Type: SEQUENCE SET; Schema: public; Owner: pavshop_user
--

SELECT pg_catalog.setval('public.products_discount_id_seq', 3, true);


--
-- Name: products_product_discount_id_seq; Type: SEQUENCE SET; Schema: public; Owner: pavshop_user
--

SELECT pg_catalog.setval('public.products_product_discount_id_seq', 21, true);


--
-- Name: products_product_id_seq; Type: SEQUENCE SET; Schema: public; Owner: pavshop_user
--

SELECT pg_catalog.setval('public.products_product_id_seq', 21, true);


--
-- Name: products_product_property_values_id_seq; Type: SEQUENCE SET; Schema: public; Owner: pavshop_user
--

SELECT pg_catalog.setval('public.products_product_property_values_id_seq', 24, true);


--
-- Name: products_product_tag_id_seq; Type: SEQUENCE SET; Schema: public; Owner: pavshop_user
--

SELECT pg_catalog.setval('public.products_product_tag_id_seq', 17, true);


--
-- Name: products_productimages_id_seq; Type: SEQUENCE SET; Schema: public; Owner: pavshop_user
--

SELECT pg_catalog.setval('public.products_productimages_id_seq', 33, true);


--
-- Name: products_property_id_seq; Type: SEQUENCE SET; Schema: public; Owner: pavshop_user
--

SELECT pg_catalog.setval('public.products_property_id_seq', 1, true);


--
-- Name: products_propertyvalue_id_seq; Type: SEQUENCE SET; Schema: public; Owner: pavshop_user
--

SELECT pg_catalog.setval('public.products_propertyvalue_id_seq', 12, true);


--
-- Name: products_rating_id_seq; Type: SEQUENCE SET; Schema: public; Owner: pavshop_user
--

SELECT pg_catalog.setval('public.products_rating_id_seq', 2, true);


--
-- Name: products_review_id_seq; Type: SEQUENCE SET; Schema: public; Owner: pavshop_user
--

SELECT pg_catalog.setval('public.products_review_id_seq', 73, true);


--
-- Name: products_tag_id_seq; Type: SEQUENCE SET; Schema: public; Owner: pavshop_user
--

SELECT pg_catalog.setval('public.products_tag_id_seq', 6, true);


--
-- Name: shopping_cart_billing_address_id_seq; Type: SEQUENCE SET; Schema: public; Owner: pavshop_user
--

SELECT pg_catalog.setval('public.shopping_cart_billing_address_id_seq', 36, true);


--
-- Name: shopping_cart_customer_id_seq; Type: SEQUENCE SET; Schema: public; Owner: pavshop_user
--

SELECT pg_catalog.setval('public.shopping_cart_customer_id_seq', 11, true);


--
-- Name: shopping_cart_order_id_seq; Type: SEQUENCE SET; Schema: public; Owner: pavshop_user
--

SELECT pg_catalog.setval('public.shopping_cart_order_id_seq', 105, true);


--
-- Name: shopping_cart_orderitem_id_seq; Type: SEQUENCE SET; Schema: public; Owner: pavshop_user
--

SELECT pg_catalog.setval('public.shopping_cart_orderitem_id_seq', 33, true);


--
-- Name: shopping_cart_shipping_address_id_seq; Type: SEQUENCE SET; Schema: public; Owner: pavshop_user
--

SELECT pg_catalog.setval('public.shopping_cart_shipping_address_id_seq', 45, true);


--
-- Name: social_auth_association_id_seq; Type: SEQUENCE SET; Schema: public; Owner: pavshop_user
--

SELECT pg_catalog.setval('public.social_auth_association_id_seq', 1, false);


--
-- Name: social_auth_code_id_seq; Type: SEQUENCE SET; Schema: public; Owner: pavshop_user
--

SELECT pg_catalog.setval('public.social_auth_code_id_seq', 1, false);


--
-- Name: social_auth_nonce_id_seq; Type: SEQUENCE SET; Schema: public; Owner: pavshop_user
--

SELECT pg_catalog.setval('public.social_auth_nonce_id_seq', 1, false);


--
-- Name: social_auth_partial_id_seq; Type: SEQUENCE SET; Schema: public; Owner: pavshop_user
--

SELECT pg_catalog.setval('public.social_auth_partial_id_seq', 1, false);


--
-- Name: social_auth_usersocialauth_id_seq; Type: SEQUENCE SET; Schema: public; Owner: pavshop_user
--

SELECT pg_catalog.setval('public.social_auth_usersocialauth_id_seq', 6, true);


--
-- Name: auth_group auth_group_name_key; Type: CONSTRAINT; Schema: public; Owner: pavshop_user
--

ALTER TABLE ONLY public.auth_group
    ADD CONSTRAINT auth_group_name_key UNIQUE (name);


--
-- Name: auth_group_permissions auth_group_permissions_group_id_permission_id_0cd325b0_uniq; Type: CONSTRAINT; Schema: public; Owner: pavshop_user
--

ALTER TABLE ONLY public.auth_group_permissions
    ADD CONSTRAINT auth_group_permissions_group_id_permission_id_0cd325b0_uniq UNIQUE (group_id, permission_id);


--
-- Name: auth_group_permissions auth_group_permissions_pkey; Type: CONSTRAINT; Schema: public; Owner: pavshop_user
--

ALTER TABLE ONLY public.auth_group_permissions
    ADD CONSTRAINT auth_group_permissions_pkey PRIMARY KEY (id);


--
-- Name: auth_group auth_group_pkey; Type: CONSTRAINT; Schema: public; Owner: pavshop_user
--

ALTER TABLE ONLY public.auth_group
    ADD CONSTRAINT auth_group_pkey PRIMARY KEY (id);


--
-- Name: auth_permission auth_permission_content_type_id_codename_01ab375a_uniq; Type: CONSTRAINT; Schema: public; Owner: pavshop_user
--

ALTER TABLE ONLY public.auth_permission
    ADD CONSTRAINT auth_permission_content_type_id_codename_01ab375a_uniq UNIQUE (content_type_id, codename);


--
-- Name: auth_permission auth_permission_pkey; Type: CONSTRAINT; Schema: public; Owner: pavshop_user
--

ALTER TABLE ONLY public.auth_permission
    ADD CONSTRAINT auth_permission_pkey PRIMARY KEY (id);


--
-- Name: authentication_user_groups authentication_user_groups_pkey; Type: CONSTRAINT; Schema: public; Owner: pavshop_user
--

ALTER TABLE ONLY public.authentication_user_groups
    ADD CONSTRAINT authentication_user_groups_pkey PRIMARY KEY (id);


--
-- Name: authentication_user_groups authentication_user_groups_user_id_group_id_8af031ac_uniq; Type: CONSTRAINT; Schema: public; Owner: pavshop_user
--

ALTER TABLE ONLY public.authentication_user_groups
    ADD CONSTRAINT authentication_user_groups_user_id_group_id_8af031ac_uniq UNIQUE (user_id, group_id);


--
-- Name: authentication_user authentication_user_pkey; Type: CONSTRAINT; Schema: public; Owner: pavshop_user
--

ALTER TABLE ONLY public.authentication_user
    ADD CONSTRAINT authentication_user_pkey PRIMARY KEY (id);


--
-- Name: authentication_user_user_permissions authentication_user_user_permissions_pkey; Type: CONSTRAINT; Schema: public; Owner: pavshop_user
--

ALTER TABLE ONLY public.authentication_user_user_permissions
    ADD CONSTRAINT authentication_user_user_permissions_pkey PRIMARY KEY (id);


--
-- Name: authentication_user_user_permissions authentication_user_user_user_id_permission_id_ec51b09f_uniq; Type: CONSTRAINT; Schema: public; Owner: pavshop_user
--

ALTER TABLE ONLY public.authentication_user_user_permissions
    ADD CONSTRAINT authentication_user_user_user_id_permission_id_ec51b09f_uniq UNIQUE (user_id, permission_id);


--
-- Name: authentication_user authentication_user_username_key; Type: CONSTRAINT; Schema: public; Owner: pavshop_user
--

ALTER TABLE ONLY public.authentication_user
    ADD CONSTRAINT authentication_user_username_key UNIQUE (username);


--
-- Name: base_blockedips base_blockedips_pkey; Type: CONSTRAINT; Schema: public; Owner: pavshop_user
--

ALTER TABLE ONLY public.base_blockedips
    ADD CONSTRAINT base_blockedips_pkey PRIMARY KEY (id);


--
-- Name: base_contact base_contact_pkey; Type: CONSTRAINT; Schema: public; Owner: pavshop_user
--

ALTER TABLE ONLY public.base_contact
    ADD CONSTRAINT base_contact_pkey PRIMARY KEY (id);


--
-- Name: base_newsletter base_newsletter_email_38d5d5fc_uniq; Type: CONSTRAINT; Schema: public; Owner: pavshop_user
--

ALTER TABLE ONLY public.base_newsletter
    ADD CONSTRAINT base_newsletter_email_38d5d5fc_uniq UNIQUE (email);


--
-- Name: base_newsletter base_newsletter_pkey; Type: CONSTRAINT; Schema: public; Owner: pavshop_user
--

ALTER TABLE ONLY public.base_newsletter
    ADD CONSTRAINT base_newsletter_pkey PRIMARY KEY (id);


--
-- Name: base_sponsor base_sponsor_pkey; Type: CONSTRAINT; Schema: public; Owner: pavshop_user
--

ALTER TABLE ONLY public.base_sponsor
    ADD CONSTRAINT base_sponsor_pkey PRIMARY KEY (id);


--
-- Name: base_team base_team_pkey; Type: CONSTRAINT; Schema: public; Owner: pavshop_user
--

ALTER TABLE ONLY public.base_team
    ADD CONSTRAINT base_team_pkey PRIMARY KEY (id);


--
-- Name: blogs_category blogs_category_pkey; Type: CONSTRAINT; Schema: public; Owner: pavshop_user
--

ALTER TABLE ONLY public.blogs_category
    ADD CONSTRAINT blogs_category_pkey PRIMARY KEY (id);


--
-- Name: blogs_comment blogs_comment_pkey; Type: CONSTRAINT; Schema: public; Owner: pavshop_user
--

ALTER TABLE ONLY public.blogs_comment
    ADD CONSTRAINT blogs_comment_pkey PRIMARY KEY (id);


--
-- Name: blogs_story blogs_story_pkey; Type: CONSTRAINT; Schema: public; Owner: pavshop_user
--

ALTER TABLE ONLY public.blogs_story
    ADD CONSTRAINT blogs_story_pkey PRIMARY KEY (id);


--
-- Name: blogs_story_tag blogs_story_tag_pkey; Type: CONSTRAINT; Schema: public; Owner: pavshop_user
--

ALTER TABLE ONLY public.blogs_story_tag
    ADD CONSTRAINT blogs_story_tag_pkey PRIMARY KEY (id);


--
-- Name: blogs_story_tag blogs_story_tag_story_id_tag_id_45c1bea0_uniq; Type: CONSTRAINT; Schema: public; Owner: pavshop_user
--

ALTER TABLE ONLY public.blogs_story_tag
    ADD CONSTRAINT blogs_story_tag_story_id_tag_id_45c1bea0_uniq UNIQUE (story_id, tag_id);


--
-- Name: blogs_tag blogs_tag_pkey; Type: CONSTRAINT; Schema: public; Owner: pavshop_user
--

ALTER TABLE ONLY public.blogs_tag
    ADD CONSTRAINT blogs_tag_pkey PRIMARY KEY (id);


--
-- Name: django_admin_log django_admin_log_pkey; Type: CONSTRAINT; Schema: public; Owner: pavshop_user
--

ALTER TABLE ONLY public.django_admin_log
    ADD CONSTRAINT django_admin_log_pkey PRIMARY KEY (id);


--
-- Name: django_celery_beat_clockedschedule django_celery_beat_clockedschedule_pkey; Type: CONSTRAINT; Schema: public; Owner: pavshop_user
--

ALTER TABLE ONLY public.django_celery_beat_clockedschedule
    ADD CONSTRAINT django_celery_beat_clockedschedule_pkey PRIMARY KEY (id);


--
-- Name: django_celery_beat_crontabschedule django_celery_beat_crontabschedule_pkey; Type: CONSTRAINT; Schema: public; Owner: pavshop_user
--

ALTER TABLE ONLY public.django_celery_beat_crontabschedule
    ADD CONSTRAINT django_celery_beat_crontabschedule_pkey PRIMARY KEY (id);


--
-- Name: django_celery_beat_intervalschedule django_celery_beat_intervalschedule_pkey; Type: CONSTRAINT; Schema: public; Owner: pavshop_user
--

ALTER TABLE ONLY public.django_celery_beat_intervalschedule
    ADD CONSTRAINT django_celery_beat_intervalschedule_pkey PRIMARY KEY (id);


--
-- Name: django_celery_beat_periodictask django_celery_beat_periodictask_name_key; Type: CONSTRAINT; Schema: public; Owner: pavshop_user
--

ALTER TABLE ONLY public.django_celery_beat_periodictask
    ADD CONSTRAINT django_celery_beat_periodictask_name_key UNIQUE (name);


--
-- Name: django_celery_beat_periodictask django_celery_beat_periodictask_pkey; Type: CONSTRAINT; Schema: public; Owner: pavshop_user
--

ALTER TABLE ONLY public.django_celery_beat_periodictask
    ADD CONSTRAINT django_celery_beat_periodictask_pkey PRIMARY KEY (id);


--
-- Name: django_celery_beat_periodictasks django_celery_beat_periodictasks_pkey; Type: CONSTRAINT; Schema: public; Owner: pavshop_user
--

ALTER TABLE ONLY public.django_celery_beat_periodictasks
    ADD CONSTRAINT django_celery_beat_periodictasks_pkey PRIMARY KEY (ident);


--
-- Name: django_celery_beat_solarschedule django_celery_beat_solar_event_latitude_longitude_ba64999a_uniq; Type: CONSTRAINT; Schema: public; Owner: pavshop_user
--

ALTER TABLE ONLY public.django_celery_beat_solarschedule
    ADD CONSTRAINT django_celery_beat_solar_event_latitude_longitude_ba64999a_uniq UNIQUE (event, latitude, longitude);


--
-- Name: django_celery_beat_solarschedule django_celery_beat_solarschedule_pkey; Type: CONSTRAINT; Schema: public; Owner: pavshop_user
--

ALTER TABLE ONLY public.django_celery_beat_solarschedule
    ADD CONSTRAINT django_celery_beat_solarschedule_pkey PRIMARY KEY (id);


--
-- Name: django_content_type django_content_type_app_label_model_76bd3d3b_uniq; Type: CONSTRAINT; Schema: public; Owner: pavshop_user
--

ALTER TABLE ONLY public.django_content_type
    ADD CONSTRAINT django_content_type_app_label_model_76bd3d3b_uniq UNIQUE (app_label, model);


--
-- Name: django_content_type django_content_type_pkey; Type: CONSTRAINT; Schema: public; Owner: pavshop_user
--

ALTER TABLE ONLY public.django_content_type
    ADD CONSTRAINT django_content_type_pkey PRIMARY KEY (id);


--
-- Name: django_migrations django_migrations_pkey; Type: CONSTRAINT; Schema: public; Owner: pavshop_user
--

ALTER TABLE ONLY public.django_migrations
    ADD CONSTRAINT django_migrations_pkey PRIMARY KEY (id);


--
-- Name: django_session django_session_pkey; Type: CONSTRAINT; Schema: public; Owner: pavshop_user
--

ALTER TABLE ONLY public.django_session
    ADD CONSTRAINT django_session_pkey PRIMARY KEY (session_key);


--
-- Name: exchange_exchangebackend exchange_exchangebackend_pkey; Type: CONSTRAINT; Schema: public; Owner: pavshop_user
--

ALTER TABLE ONLY public.exchange_exchangebackend
    ADD CONSTRAINT exchange_exchangebackend_pkey PRIMARY KEY (name);


--
-- Name: exchange_rate exchange_rate_currency_backend_id_c6037b21_uniq; Type: CONSTRAINT; Schema: public; Owner: pavshop_user
--

ALTER TABLE ONLY public.exchange_rate
    ADD CONSTRAINT exchange_rate_currency_backend_id_c6037b21_uniq UNIQUE (currency, backend_id);


--
-- Name: exchange_rate exchange_rate_pkey; Type: CONSTRAINT; Schema: public; Owner: pavshop_user
--

ALTER TABLE ONLY public.exchange_rate
    ADD CONSTRAINT exchange_rate_pkey PRIMARY KEY (id);


--
-- Name: products_brand products_brand_pkey; Type: CONSTRAINT; Schema: public; Owner: pavshop_user
--

ALTER TABLE ONLY public.products_brand
    ADD CONSTRAINT products_brand_pkey PRIMARY KEY (id);


--
-- Name: products_category products_category_pkey; Type: CONSTRAINT; Schema: public; Owner: pavshop_user
--

ALTER TABLE ONLY public.products_category
    ADD CONSTRAINT products_category_pkey PRIMARY KEY (id);


--
-- Name: products_discount products_discount_pkey; Type: CONSTRAINT; Schema: public; Owner: pavshop_user
--

ALTER TABLE ONLY public.products_discount
    ADD CONSTRAINT products_discount_pkey PRIMARY KEY (id);


--
-- Name: products_product_discount products_product_discount_pkey; Type: CONSTRAINT; Schema: public; Owner: pavshop_user
--

ALTER TABLE ONLY public.products_product_discount
    ADD CONSTRAINT products_product_discount_pkey PRIMARY KEY (id);


--
-- Name: products_product_discount products_product_discount_product_id_discount_id_44f41e9c_uniq; Type: CONSTRAINT; Schema: public; Owner: pavshop_user
--

ALTER TABLE ONLY public.products_product_discount
    ADD CONSTRAINT products_product_discount_product_id_discount_id_44f41e9c_uniq UNIQUE (product_id, discount_id);


--
-- Name: products_product products_product_pkey; Type: CONSTRAINT; Schema: public; Owner: pavshop_user
--

ALTER TABLE ONLY public.products_product
    ADD CONSTRAINT products_product_pkey PRIMARY KEY (id);


--
-- Name: products_product_property_values products_product_propert_product_id_propertyvalue_7b60da19_uniq; Type: CONSTRAINT; Schema: public; Owner: pavshop_user
--

ALTER TABLE ONLY public.products_product_property_values
    ADD CONSTRAINT products_product_propert_product_id_propertyvalue_7b60da19_uniq UNIQUE (product_id, propertyvalue_id);


--
-- Name: products_product_property_values products_product_property_values_pkey; Type: CONSTRAINT; Schema: public; Owner: pavshop_user
--

ALTER TABLE ONLY public.products_product_property_values
    ADD CONSTRAINT products_product_property_values_pkey PRIMARY KEY (id);


--
-- Name: products_product_tag products_product_tag_pkey; Type: CONSTRAINT; Schema: public; Owner: pavshop_user
--

ALTER TABLE ONLY public.products_product_tag
    ADD CONSTRAINT products_product_tag_pkey PRIMARY KEY (id);


--
-- Name: products_product_tag products_product_tag_product_id_tag_id_a36bff8d_uniq; Type: CONSTRAINT; Schema: public; Owner: pavshop_user
--

ALTER TABLE ONLY public.products_product_tag
    ADD CONSTRAINT products_product_tag_product_id_tag_id_a36bff8d_uniq UNIQUE (product_id, tag_id);


--
-- Name: products_productimages products_productimages_pkey; Type: CONSTRAINT; Schema: public; Owner: pavshop_user
--

ALTER TABLE ONLY public.products_productimages
    ADD CONSTRAINT products_productimages_pkey PRIMARY KEY (id);


--
-- Name: products_property products_property_pkey; Type: CONSTRAINT; Schema: public; Owner: pavshop_user
--

ALTER TABLE ONLY public.products_property
    ADD CONSTRAINT products_property_pkey PRIMARY KEY (id);


--
-- Name: products_propertyvalue products_propertyvalue_pkey; Type: CONSTRAINT; Schema: public; Owner: pavshop_user
--

ALTER TABLE ONLY public.products_propertyvalue
    ADD CONSTRAINT products_propertyvalue_pkey PRIMARY KEY (id);


--
-- Name: products_rating products_rating_pkey; Type: CONSTRAINT; Schema: public; Owner: pavshop_user
--

ALTER TABLE ONLY public.products_rating
    ADD CONSTRAINT products_rating_pkey PRIMARY KEY (id);


--
-- Name: products_review products_review_pkey; Type: CONSTRAINT; Schema: public; Owner: pavshop_user
--

ALTER TABLE ONLY public.products_review
    ADD CONSTRAINT products_review_pkey PRIMARY KEY (id);


--
-- Name: products_tag products_tag_pkey; Type: CONSTRAINT; Schema: public; Owner: pavshop_user
--

ALTER TABLE ONLY public.products_tag
    ADD CONSTRAINT products_tag_pkey PRIMARY KEY (id);


--
-- Name: shopping_cart_billing_address shopping_cart_billing_address_pkey; Type: CONSTRAINT; Schema: public; Owner: pavshop_user
--

ALTER TABLE ONLY public.shopping_cart_billing_address
    ADD CONSTRAINT shopping_cart_billing_address_pkey PRIMARY KEY (id);


--
-- Name: shopping_cart_customer shopping_cart_customer_pkey; Type: CONSTRAINT; Schema: public; Owner: pavshop_user
--

ALTER TABLE ONLY public.shopping_cart_customer
    ADD CONSTRAINT shopping_cart_customer_pkey PRIMARY KEY (id);


--
-- Name: shopping_cart_customer shopping_cart_customer_user_id_key; Type: CONSTRAINT; Schema: public; Owner: pavshop_user
--

ALTER TABLE ONLY public.shopping_cart_customer
    ADD CONSTRAINT shopping_cart_customer_user_id_key UNIQUE (user_id);


--
-- Name: shopping_cart_order shopping_cart_order_pkey; Type: CONSTRAINT; Schema: public; Owner: pavshop_user
--

ALTER TABLE ONLY public.shopping_cart_order
    ADD CONSTRAINT shopping_cart_order_pkey PRIMARY KEY (id);


--
-- Name: shopping_cart_orderitem shopping_cart_orderitem_pkey; Type: CONSTRAINT; Schema: public; Owner: pavshop_user
--

ALTER TABLE ONLY public.shopping_cart_orderitem
    ADD CONSTRAINT shopping_cart_orderitem_pkey PRIMARY KEY (id);


--
-- Name: shopping_cart_shipping_address shopping_cart_shipping_address_pkey; Type: CONSTRAINT; Schema: public; Owner: pavshop_user
--

ALTER TABLE ONLY public.shopping_cart_shipping_address
    ADD CONSTRAINT shopping_cart_shipping_address_pkey PRIMARY KEY (id);


--
-- Name: social_auth_association social_auth_association_pkey; Type: CONSTRAINT; Schema: public; Owner: pavshop_user
--

ALTER TABLE ONLY public.social_auth_association
    ADD CONSTRAINT social_auth_association_pkey PRIMARY KEY (id);


--
-- Name: social_auth_association social_auth_association_server_url_handle_078befa2_uniq; Type: CONSTRAINT; Schema: public; Owner: pavshop_user
--

ALTER TABLE ONLY public.social_auth_association
    ADD CONSTRAINT social_auth_association_server_url_handle_078befa2_uniq UNIQUE (server_url, handle);


--
-- Name: social_auth_code social_auth_code_email_code_801b2d02_uniq; Type: CONSTRAINT; Schema: public; Owner: pavshop_user
--

ALTER TABLE ONLY public.social_auth_code
    ADD CONSTRAINT social_auth_code_email_code_801b2d02_uniq UNIQUE (email, code);


--
-- Name: social_auth_code social_auth_code_pkey; Type: CONSTRAINT; Schema: public; Owner: pavshop_user
--

ALTER TABLE ONLY public.social_auth_code
    ADD CONSTRAINT social_auth_code_pkey PRIMARY KEY (id);


--
-- Name: social_auth_nonce social_auth_nonce_pkey; Type: CONSTRAINT; Schema: public; Owner: pavshop_user
--

ALTER TABLE ONLY public.social_auth_nonce
    ADD CONSTRAINT social_auth_nonce_pkey PRIMARY KEY (id);


--
-- Name: social_auth_nonce social_auth_nonce_server_url_timestamp_salt_f6284463_uniq; Type: CONSTRAINT; Schema: public; Owner: pavshop_user
--

ALTER TABLE ONLY public.social_auth_nonce
    ADD CONSTRAINT social_auth_nonce_server_url_timestamp_salt_f6284463_uniq UNIQUE (server_url, "timestamp", salt);


--
-- Name: social_auth_partial social_auth_partial_pkey; Type: CONSTRAINT; Schema: public; Owner: pavshop_user
--

ALTER TABLE ONLY public.social_auth_partial
    ADD CONSTRAINT social_auth_partial_pkey PRIMARY KEY (id);


--
-- Name: social_auth_usersocialauth social_auth_usersocialauth_pkey; Type: CONSTRAINT; Schema: public; Owner: pavshop_user
--

ALTER TABLE ONLY public.social_auth_usersocialauth
    ADD CONSTRAINT social_auth_usersocialauth_pkey PRIMARY KEY (id);


--
-- Name: social_auth_usersocialauth social_auth_usersocialauth_provider_uid_e6b5e668_uniq; Type: CONSTRAINT; Schema: public; Owner: pavshop_user
--

ALTER TABLE ONLY public.social_auth_usersocialauth
    ADD CONSTRAINT social_auth_usersocialauth_provider_uid_e6b5e668_uniq UNIQUE (provider, uid);


--
-- Name: auth_group_name_a6ea08ec_like; Type: INDEX; Schema: public; Owner: pavshop_user
--

CREATE INDEX auth_group_name_a6ea08ec_like ON public.auth_group USING btree (name varchar_pattern_ops);


--
-- Name: auth_group_permissions_group_id_b120cbf9; Type: INDEX; Schema: public; Owner: pavshop_user
--

CREATE INDEX auth_group_permissions_group_id_b120cbf9 ON public.auth_group_permissions USING btree (group_id);


--
-- Name: auth_group_permissions_permission_id_84c5c92e; Type: INDEX; Schema: public; Owner: pavshop_user
--

CREATE INDEX auth_group_permissions_permission_id_84c5c92e ON public.auth_group_permissions USING btree (permission_id);


--
-- Name: auth_permission_content_type_id_2f476e4b; Type: INDEX; Schema: public; Owner: pavshop_user
--

CREATE INDEX auth_permission_content_type_id_2f476e4b ON public.auth_permission USING btree (content_type_id);


--
-- Name: authentication_user_groups_group_id_6b5c44b7; Type: INDEX; Schema: public; Owner: pavshop_user
--

CREATE INDEX authentication_user_groups_group_id_6b5c44b7 ON public.authentication_user_groups USING btree (group_id);


--
-- Name: authentication_user_groups_user_id_30868577; Type: INDEX; Schema: public; Owner: pavshop_user
--

CREATE INDEX authentication_user_groups_user_id_30868577 ON public.authentication_user_groups USING btree (user_id);


--
-- Name: authentication_user_user_permissions_permission_id_ea6be19a; Type: INDEX; Schema: public; Owner: pavshop_user
--

CREATE INDEX authentication_user_user_permissions_permission_id_ea6be19a ON public.authentication_user_user_permissions USING btree (permission_id);


--
-- Name: authentication_user_user_permissions_user_id_736ebf7e; Type: INDEX; Schema: public; Owner: pavshop_user
--

CREATE INDEX authentication_user_user_permissions_user_id_736ebf7e ON public.authentication_user_user_permissions USING btree (user_id);


--
-- Name: authentication_user_username_a09a089e_like; Type: INDEX; Schema: public; Owner: pavshop_user
--

CREATE INDEX authentication_user_username_a09a089e_like ON public.authentication_user USING btree (username varchar_pattern_ops);


--
-- Name: base_newsletter_email_38d5d5fc_like; Type: INDEX; Schema: public; Owner: pavshop_user
--

CREATE INDEX base_newsletter_email_38d5d5fc_like ON public.base_newsletter USING btree (email varchar_pattern_ops);


--
-- Name: blogs_category_slug_daea88ea; Type: INDEX; Schema: public; Owner: pavshop_user
--

CREATE INDEX blogs_category_slug_daea88ea ON public.blogs_category USING btree (slug);


--
-- Name: blogs_category_slug_daea88ea_like; Type: INDEX; Schema: public; Owner: pavshop_user
--

CREATE INDEX blogs_category_slug_daea88ea_like ON public.blogs_category USING btree (slug varchar_pattern_ops);


--
-- Name: blogs_comment_author_id_cf100e65; Type: INDEX; Schema: public; Owner: pavshop_user
--

CREATE INDEX blogs_comment_author_id_cf100e65 ON public.blogs_comment USING btree (author_id);


--
-- Name: blogs_comment_parent_id_b9fe3052; Type: INDEX; Schema: public; Owner: pavshop_user
--

CREATE INDEX blogs_comment_parent_id_b9fe3052 ON public.blogs_comment USING btree (parent_id);


--
-- Name: blogs_comment_story_id_b4baeeeb; Type: INDEX; Schema: public; Owner: pavshop_user
--

CREATE INDEX blogs_comment_story_id_b4baeeeb ON public.blogs_comment USING btree (story_id);


--
-- Name: blogs_story_author_id_3e982e5b; Type: INDEX; Schema: public; Owner: pavshop_user
--

CREATE INDEX blogs_story_author_id_3e982e5b ON public.blogs_story USING btree (author_id);


--
-- Name: blogs_story_category_id_089405a6; Type: INDEX; Schema: public; Owner: pavshop_user
--

CREATE INDEX blogs_story_category_id_089405a6 ON public.blogs_story USING btree (category_id);


--
-- Name: blogs_story_slug_f9eee1df; Type: INDEX; Schema: public; Owner: pavshop_user
--

CREATE INDEX blogs_story_slug_f9eee1df ON public.blogs_story USING btree (slug);


--
-- Name: blogs_story_slug_f9eee1df_like; Type: INDEX; Schema: public; Owner: pavshop_user
--

CREATE INDEX blogs_story_slug_f9eee1df_like ON public.blogs_story USING btree (slug varchar_pattern_ops);


--
-- Name: blogs_story_tag_story_id_3d7b1fcb; Type: INDEX; Schema: public; Owner: pavshop_user
--

CREATE INDEX blogs_story_tag_story_id_3d7b1fcb ON public.blogs_story_tag USING btree (story_id);


--
-- Name: blogs_story_tag_tag_id_60a38862; Type: INDEX; Schema: public; Owner: pavshop_user
--

CREATE INDEX blogs_story_tag_tag_id_60a38862 ON public.blogs_story_tag USING btree (tag_id);


--
-- Name: blogs_tag_slug_8d1308d9; Type: INDEX; Schema: public; Owner: pavshop_user
--

CREATE INDEX blogs_tag_slug_8d1308d9 ON public.blogs_tag USING btree (slug);


--
-- Name: blogs_tag_slug_8d1308d9_like; Type: INDEX; Schema: public; Owner: pavshop_user
--

CREATE INDEX blogs_tag_slug_8d1308d9_like ON public.blogs_tag USING btree (slug varchar_pattern_ops);


--
-- Name: django_admin_log_content_type_id_c4bce8eb; Type: INDEX; Schema: public; Owner: pavshop_user
--

CREATE INDEX django_admin_log_content_type_id_c4bce8eb ON public.django_admin_log USING btree (content_type_id);


--
-- Name: django_admin_log_user_id_c564eba6; Type: INDEX; Schema: public; Owner: pavshop_user
--

CREATE INDEX django_admin_log_user_id_c564eba6 ON public.django_admin_log USING btree (user_id);


--
-- Name: django_celery_beat_periodictask_clocked_id_47a69f82; Type: INDEX; Schema: public; Owner: pavshop_user
--

CREATE INDEX django_celery_beat_periodictask_clocked_id_47a69f82 ON public.django_celery_beat_periodictask USING btree (clocked_id);


--
-- Name: django_celery_beat_periodictask_crontab_id_d3cba168; Type: INDEX; Schema: public; Owner: pavshop_user
--

CREATE INDEX django_celery_beat_periodictask_crontab_id_d3cba168 ON public.django_celery_beat_periodictask USING btree (crontab_id);


--
-- Name: django_celery_beat_periodictask_interval_id_a8ca27da; Type: INDEX; Schema: public; Owner: pavshop_user
--

CREATE INDEX django_celery_beat_periodictask_interval_id_a8ca27da ON public.django_celery_beat_periodictask USING btree (interval_id);


--
-- Name: django_celery_beat_periodictask_name_265a36b7_like; Type: INDEX; Schema: public; Owner: pavshop_user
--

CREATE INDEX django_celery_beat_periodictask_name_265a36b7_like ON public.django_celery_beat_periodictask USING btree (name varchar_pattern_ops);


--
-- Name: django_celery_beat_periodictask_solar_id_a87ce72c; Type: INDEX; Schema: public; Owner: pavshop_user
--

CREATE INDEX django_celery_beat_periodictask_solar_id_a87ce72c ON public.django_celery_beat_periodictask USING btree (solar_id);


--
-- Name: django_session_expire_date_a5c62663; Type: INDEX; Schema: public; Owner: pavshop_user
--

CREATE INDEX django_session_expire_date_a5c62663 ON public.django_session USING btree (expire_date);


--
-- Name: django_session_session_key_c0390e0f_like; Type: INDEX; Schema: public; Owner: pavshop_user
--

CREATE INDEX django_session_session_key_c0390e0f_like ON public.django_session USING btree (session_key varchar_pattern_ops);


--
-- Name: exchange_exchangebackend_name_8f97aa6b_like; Type: INDEX; Schema: public; Owner: pavshop_user
--

CREATE INDEX exchange_exchangebackend_name_8f97aa6b_like ON public.exchange_exchangebackend USING btree (name varchar_pattern_ops);


--
-- Name: exchange_rate_backend_id_d57e3a62; Type: INDEX; Schema: public; Owner: pavshop_user
--

CREATE INDEX exchange_rate_backend_id_d57e3a62 ON public.exchange_rate USING btree (backend_id);


--
-- Name: exchange_rate_backend_id_d57e3a62_like; Type: INDEX; Schema: public; Owner: pavshop_user
--

CREATE INDEX exchange_rate_backend_id_d57e3a62_like ON public.exchange_rate USING btree (backend_id varchar_pattern_ops);


--
-- Name: products_brand_slug_925fd11b; Type: INDEX; Schema: public; Owner: pavshop_user
--

CREATE INDEX products_brand_slug_925fd11b ON public.products_brand USING btree (slug);


--
-- Name: products_brand_slug_925fd11b_like; Type: INDEX; Schema: public; Owner: pavshop_user
--

CREATE INDEX products_brand_slug_925fd11b_like ON public.products_brand USING btree (slug varchar_pattern_ops);


--
-- Name: products_category_slug_c558efae; Type: INDEX; Schema: public; Owner: pavshop_user
--

CREATE INDEX products_category_slug_c558efae ON public.products_category USING btree (slug);


--
-- Name: products_category_slug_c558efae_like; Type: INDEX; Schema: public; Owner: pavshop_user
--

CREATE INDEX products_category_slug_c558efae_like ON public.products_category USING btree (slug varchar_pattern_ops);


--
-- Name: products_product_brand_id_3e2e8fd1; Type: INDEX; Schema: public; Owner: pavshop_user
--

CREATE INDEX products_product_brand_id_3e2e8fd1 ON public.products_product USING btree (brand_id);


--
-- Name: products_product_category_id_9b594869; Type: INDEX; Schema: public; Owner: pavshop_user
--

CREATE INDEX products_product_category_id_9b594869 ON public.products_product USING btree (category_id);


--
-- Name: products_product_discount_discount_id_b5e9ae34; Type: INDEX; Schema: public; Owner: pavshop_user
--

CREATE INDEX products_product_discount_discount_id_b5e9ae34 ON public.products_product_discount USING btree (discount_id);


--
-- Name: products_product_discount_product_id_3ed26e85; Type: INDEX; Schema: public; Owner: pavshop_user
--

CREATE INDEX products_product_discount_product_id_3ed26e85 ON public.products_product_discount USING btree (product_id);


--
-- Name: products_product_property_values_product_id_f6a7f903; Type: INDEX; Schema: public; Owner: pavshop_user
--

CREATE INDEX products_product_property_values_product_id_f6a7f903 ON public.products_product_property_values USING btree (product_id);


--
-- Name: products_product_property_values_propertyvalue_id_2a0d3372; Type: INDEX; Schema: public; Owner: pavshop_user
--

CREATE INDEX products_product_property_values_propertyvalue_id_2a0d3372 ON public.products_product_property_values USING btree (propertyvalue_id);


--
-- Name: products_product_slug_70d3148d; Type: INDEX; Schema: public; Owner: pavshop_user
--

CREATE INDEX products_product_slug_70d3148d ON public.products_product USING btree (slug);


--
-- Name: products_product_slug_70d3148d_like; Type: INDEX; Schema: public; Owner: pavshop_user
--

CREATE INDEX products_product_slug_70d3148d_like ON public.products_product USING btree (slug varchar_pattern_ops);


--
-- Name: products_product_tag_product_id_df3b2f29; Type: INDEX; Schema: public; Owner: pavshop_user
--

CREATE INDEX products_product_tag_product_id_df3b2f29 ON public.products_product_tag USING btree (product_id);


--
-- Name: products_product_tag_tag_id_d99e66b5; Type: INDEX; Schema: public; Owner: pavshop_user
--

CREATE INDEX products_product_tag_tag_id_d99e66b5 ON public.products_product_tag USING btree (tag_id);


--
-- Name: products_productimages_product_id_24647d74; Type: INDEX; Schema: public; Owner: pavshop_user
--

CREATE INDEX products_productimages_product_id_24647d74 ON public.products_productimages USING btree (product_id);


--
-- Name: products_propertyvalue_property_id_2633dac9; Type: INDEX; Schema: public; Owner: pavshop_user
--

CREATE INDEX products_propertyvalue_property_id_2633dac9 ON public.products_propertyvalue USING btree (property_id);


--
-- Name: products_review_author_id_cca533e8; Type: INDEX; Schema: public; Owner: pavshop_user
--

CREATE INDEX products_review_author_id_cca533e8 ON public.products_review USING btree (author_id);


--
-- Name: products_review_product_id_d933ffa7; Type: INDEX; Schema: public; Owner: pavshop_user
--

CREATE INDEX products_review_product_id_d933ffa7 ON public.products_review USING btree (product_id);


--
-- Name: products_tag_slug_5def095b; Type: INDEX; Schema: public; Owner: pavshop_user
--

CREATE INDEX products_tag_slug_5def095b ON public.products_tag USING btree (slug);


--
-- Name: products_tag_slug_5def095b_like; Type: INDEX; Schema: public; Owner: pavshop_user
--

CREATE INDEX products_tag_slug_5def095b_like ON public.products_tag USING btree (slug varchar_pattern_ops);


--
-- Name: shopping_cart_billing_address_shipping_address_id_b2373fa9; Type: INDEX; Schema: public; Owner: pavshop_user
--

CREATE INDEX shopping_cart_billing_address_shipping_address_id_b2373fa9 ON public.shopping_cart_billing_address USING btree (shipping_address_id);


--
-- Name: shopping_cart_billing_address_user_id_3e359955; Type: INDEX; Schema: public; Owner: pavshop_user
--

CREATE INDEX shopping_cart_billing_address_user_id_3e359955 ON public.shopping_cart_billing_address USING btree (user_id);


--
-- Name: shopping_cart_order_customer_id_1a7d15e4; Type: INDEX; Schema: public; Owner: pavshop_user
--

CREATE INDEX shopping_cart_order_customer_id_1a7d15e4 ON public.shopping_cart_order USING btree (customer_id);


--
-- Name: shopping_cart_orderitem_order_id_24beb63e; Type: INDEX; Schema: public; Owner: pavshop_user
--

CREATE INDEX shopping_cart_orderitem_order_id_24beb63e ON public.shopping_cart_orderitem USING btree (order_id);


--
-- Name: shopping_cart_orderitem_product_id_db898c30; Type: INDEX; Schema: public; Owner: pavshop_user
--

CREATE INDEX shopping_cart_orderitem_product_id_db898c30 ON public.shopping_cart_orderitem USING btree (product_id);


--
-- Name: shopping_cart_shipping_address_user_id_e233add1; Type: INDEX; Schema: public; Owner: pavshop_user
--

CREATE INDEX shopping_cart_shipping_address_user_id_e233add1 ON public.shopping_cart_shipping_address USING btree (user_id);


--
-- Name: social_auth_code_code_a2393167; Type: INDEX; Schema: public; Owner: pavshop_user
--

CREATE INDEX social_auth_code_code_a2393167 ON public.social_auth_code USING btree (code);


--
-- Name: social_auth_code_code_a2393167_like; Type: INDEX; Schema: public; Owner: pavshop_user
--

CREATE INDEX social_auth_code_code_a2393167_like ON public.social_auth_code USING btree (code varchar_pattern_ops);


--
-- Name: social_auth_code_timestamp_176b341f; Type: INDEX; Schema: public; Owner: pavshop_user
--

CREATE INDEX social_auth_code_timestamp_176b341f ON public.social_auth_code USING btree ("timestamp");


--
-- Name: social_auth_partial_timestamp_50f2119f; Type: INDEX; Schema: public; Owner: pavshop_user
--

CREATE INDEX social_auth_partial_timestamp_50f2119f ON public.social_auth_partial USING btree ("timestamp");


--
-- Name: social_auth_partial_token_3017fea3; Type: INDEX; Schema: public; Owner: pavshop_user
--

CREATE INDEX social_auth_partial_token_3017fea3 ON public.social_auth_partial USING btree (token);


--
-- Name: social_auth_partial_token_3017fea3_like; Type: INDEX; Schema: public; Owner: pavshop_user
--

CREATE INDEX social_auth_partial_token_3017fea3_like ON public.social_auth_partial USING btree (token varchar_pattern_ops);


--
-- Name: social_auth_usersocialauth_uid_796e51dc; Type: INDEX; Schema: public; Owner: pavshop_user
--

CREATE INDEX social_auth_usersocialauth_uid_796e51dc ON public.social_auth_usersocialauth USING btree (uid);


--
-- Name: social_auth_usersocialauth_uid_796e51dc_like; Type: INDEX; Schema: public; Owner: pavshop_user
--

CREATE INDEX social_auth_usersocialauth_uid_796e51dc_like ON public.social_auth_usersocialauth USING btree (uid varchar_pattern_ops);


--
-- Name: social_auth_usersocialauth_user_id_17d28448; Type: INDEX; Schema: public; Owner: pavshop_user
--

CREATE INDEX social_auth_usersocialauth_user_id_17d28448 ON public.social_auth_usersocialauth USING btree (user_id);


--
-- Name: auth_group_permissions auth_group_permissio_permission_id_84c5c92e_fk_auth_perm; Type: FK CONSTRAINT; Schema: public; Owner: pavshop_user
--

ALTER TABLE ONLY public.auth_group_permissions
    ADD CONSTRAINT auth_group_permissio_permission_id_84c5c92e_fk_auth_perm FOREIGN KEY (permission_id) REFERENCES public.auth_permission(id) DEFERRABLE INITIALLY DEFERRED;


--
-- Name: auth_group_permissions auth_group_permissions_group_id_b120cbf9_fk_auth_group_id; Type: FK CONSTRAINT; Schema: public; Owner: pavshop_user
--

ALTER TABLE ONLY public.auth_group_permissions
    ADD CONSTRAINT auth_group_permissions_group_id_b120cbf9_fk_auth_group_id FOREIGN KEY (group_id) REFERENCES public.auth_group(id) DEFERRABLE INITIALLY DEFERRED;


--
-- Name: auth_permission auth_permission_content_type_id_2f476e4b_fk_django_co; Type: FK CONSTRAINT; Schema: public; Owner: pavshop_user
--

ALTER TABLE ONLY public.auth_permission
    ADD CONSTRAINT auth_permission_content_type_id_2f476e4b_fk_django_co FOREIGN KEY (content_type_id) REFERENCES public.django_content_type(id) DEFERRABLE INITIALLY DEFERRED;


--
-- Name: authentication_user_user_permissions authentication_user__permission_id_ea6be19a_fk_auth_perm; Type: FK CONSTRAINT; Schema: public; Owner: pavshop_user
--

ALTER TABLE ONLY public.authentication_user_user_permissions
    ADD CONSTRAINT authentication_user__permission_id_ea6be19a_fk_auth_perm FOREIGN KEY (permission_id) REFERENCES public.auth_permission(id) DEFERRABLE INITIALLY DEFERRED;


--
-- Name: authentication_user_groups authentication_user__user_id_30868577_fk_authentic; Type: FK CONSTRAINT; Schema: public; Owner: pavshop_user
--

ALTER TABLE ONLY public.authentication_user_groups
    ADD CONSTRAINT authentication_user__user_id_30868577_fk_authentic FOREIGN KEY (user_id) REFERENCES public.authentication_user(id) DEFERRABLE INITIALLY DEFERRED;


--
-- Name: authentication_user_user_permissions authentication_user__user_id_736ebf7e_fk_authentic; Type: FK CONSTRAINT; Schema: public; Owner: pavshop_user
--

ALTER TABLE ONLY public.authentication_user_user_permissions
    ADD CONSTRAINT authentication_user__user_id_736ebf7e_fk_authentic FOREIGN KEY (user_id) REFERENCES public.authentication_user(id) DEFERRABLE INITIALLY DEFERRED;


--
-- Name: authentication_user_groups authentication_user_groups_group_id_6b5c44b7_fk_auth_group_id; Type: FK CONSTRAINT; Schema: public; Owner: pavshop_user
--

ALTER TABLE ONLY public.authentication_user_groups
    ADD CONSTRAINT authentication_user_groups_group_id_6b5c44b7_fk_auth_group_id FOREIGN KEY (group_id) REFERENCES public.auth_group(id) DEFERRABLE INITIALLY DEFERRED;


--
-- Name: blogs_comment blogs_comment_author_id_cf100e65_fk_authentication_user_id; Type: FK CONSTRAINT; Schema: public; Owner: pavshop_user
--

ALTER TABLE ONLY public.blogs_comment
    ADD CONSTRAINT blogs_comment_author_id_cf100e65_fk_authentication_user_id FOREIGN KEY (author_id) REFERENCES public.authentication_user(id) DEFERRABLE INITIALLY DEFERRED;


--
-- Name: blogs_comment blogs_comment_parent_id_b9fe3052_fk_blogs_comment_id; Type: FK CONSTRAINT; Schema: public; Owner: pavshop_user
--

ALTER TABLE ONLY public.blogs_comment
    ADD CONSTRAINT blogs_comment_parent_id_b9fe3052_fk_blogs_comment_id FOREIGN KEY (parent_id) REFERENCES public.blogs_comment(id) DEFERRABLE INITIALLY DEFERRED;


--
-- Name: blogs_comment blogs_comment_story_id_b4baeeeb_fk_blogs_story_id; Type: FK CONSTRAINT; Schema: public; Owner: pavshop_user
--

ALTER TABLE ONLY public.blogs_comment
    ADD CONSTRAINT blogs_comment_story_id_b4baeeeb_fk_blogs_story_id FOREIGN KEY (story_id) REFERENCES public.blogs_story(id) DEFERRABLE INITIALLY DEFERRED;


--
-- Name: blogs_story blogs_story_author_id_3e982e5b_fk_authentication_user_id; Type: FK CONSTRAINT; Schema: public; Owner: pavshop_user
--

ALTER TABLE ONLY public.blogs_story
    ADD CONSTRAINT blogs_story_author_id_3e982e5b_fk_authentication_user_id FOREIGN KEY (author_id) REFERENCES public.authentication_user(id) DEFERRABLE INITIALLY DEFERRED;


--
-- Name: blogs_story blogs_story_category_id_089405a6_fk_blogs_category_id; Type: FK CONSTRAINT; Schema: public; Owner: pavshop_user
--

ALTER TABLE ONLY public.blogs_story
    ADD CONSTRAINT blogs_story_category_id_089405a6_fk_blogs_category_id FOREIGN KEY (category_id) REFERENCES public.blogs_category(id) DEFERRABLE INITIALLY DEFERRED;


--
-- Name: blogs_story_tag blogs_story_tag_story_id_3d7b1fcb_fk_blogs_story_id; Type: FK CONSTRAINT; Schema: public; Owner: pavshop_user
--

ALTER TABLE ONLY public.blogs_story_tag
    ADD CONSTRAINT blogs_story_tag_story_id_3d7b1fcb_fk_blogs_story_id FOREIGN KEY (story_id) REFERENCES public.blogs_story(id) DEFERRABLE INITIALLY DEFERRED;


--
-- Name: blogs_story_tag blogs_story_tag_tag_id_60a38862_fk_blogs_tag_id; Type: FK CONSTRAINT; Schema: public; Owner: pavshop_user
--

ALTER TABLE ONLY public.blogs_story_tag
    ADD CONSTRAINT blogs_story_tag_tag_id_60a38862_fk_blogs_tag_id FOREIGN KEY (tag_id) REFERENCES public.blogs_tag(id) DEFERRABLE INITIALLY DEFERRED;


--
-- Name: django_admin_log django_admin_log_content_type_id_c4bce8eb_fk_django_co; Type: FK CONSTRAINT; Schema: public; Owner: pavshop_user
--

ALTER TABLE ONLY public.django_admin_log
    ADD CONSTRAINT django_admin_log_content_type_id_c4bce8eb_fk_django_co FOREIGN KEY (content_type_id) REFERENCES public.django_content_type(id) DEFERRABLE INITIALLY DEFERRED;


--
-- Name: django_admin_log django_admin_log_user_id_c564eba6_fk_authentication_user_id; Type: FK CONSTRAINT; Schema: public; Owner: pavshop_user
--

ALTER TABLE ONLY public.django_admin_log
    ADD CONSTRAINT django_admin_log_user_id_c564eba6_fk_authentication_user_id FOREIGN KEY (user_id) REFERENCES public.authentication_user(id) DEFERRABLE INITIALLY DEFERRED;


--
-- Name: django_celery_beat_periodictask django_celery_beat_p_clocked_id_47a69f82_fk_django_ce; Type: FK CONSTRAINT; Schema: public; Owner: pavshop_user
--

ALTER TABLE ONLY public.django_celery_beat_periodictask
    ADD CONSTRAINT django_celery_beat_p_clocked_id_47a69f82_fk_django_ce FOREIGN KEY (clocked_id) REFERENCES public.django_celery_beat_clockedschedule(id) DEFERRABLE INITIALLY DEFERRED;


--
-- Name: django_celery_beat_periodictask django_celery_beat_p_crontab_id_d3cba168_fk_django_ce; Type: FK CONSTRAINT; Schema: public; Owner: pavshop_user
--

ALTER TABLE ONLY public.django_celery_beat_periodictask
    ADD CONSTRAINT django_celery_beat_p_crontab_id_d3cba168_fk_django_ce FOREIGN KEY (crontab_id) REFERENCES public.django_celery_beat_crontabschedule(id) DEFERRABLE INITIALLY DEFERRED;


--
-- Name: django_celery_beat_periodictask django_celery_beat_p_interval_id_a8ca27da_fk_django_ce; Type: FK CONSTRAINT; Schema: public; Owner: pavshop_user
--

ALTER TABLE ONLY public.django_celery_beat_periodictask
    ADD CONSTRAINT django_celery_beat_p_interval_id_a8ca27da_fk_django_ce FOREIGN KEY (interval_id) REFERENCES public.django_celery_beat_intervalschedule(id) DEFERRABLE INITIALLY DEFERRED;


--
-- Name: django_celery_beat_periodictask django_celery_beat_p_solar_id_a87ce72c_fk_django_ce; Type: FK CONSTRAINT; Schema: public; Owner: pavshop_user
--

ALTER TABLE ONLY public.django_celery_beat_periodictask
    ADD CONSTRAINT django_celery_beat_p_solar_id_a87ce72c_fk_django_ce FOREIGN KEY (solar_id) REFERENCES public.django_celery_beat_solarschedule(id) DEFERRABLE INITIALLY DEFERRED;


--
-- Name: exchange_rate exchange_rate_backend_id_d57e3a62_fk_exchange_; Type: FK CONSTRAINT; Schema: public; Owner: pavshop_user
--

ALTER TABLE ONLY public.exchange_rate
    ADD CONSTRAINT exchange_rate_backend_id_d57e3a62_fk_exchange_ FOREIGN KEY (backend_id) REFERENCES public.exchange_exchangebackend(name) DEFERRABLE INITIALLY DEFERRED;


--
-- Name: products_product products_product_brand_id_3e2e8fd1_fk_products_brand_id; Type: FK CONSTRAINT; Schema: public; Owner: pavshop_user
--

ALTER TABLE ONLY public.products_product
    ADD CONSTRAINT products_product_brand_id_3e2e8fd1_fk_products_brand_id FOREIGN KEY (brand_id) REFERENCES public.products_brand(id) DEFERRABLE INITIALLY DEFERRED;


--
-- Name: products_product products_product_category_id_9b594869_fk_products_category_id; Type: FK CONSTRAINT; Schema: public; Owner: pavshop_user
--

ALTER TABLE ONLY public.products_product
    ADD CONSTRAINT products_product_category_id_9b594869_fk_products_category_id FOREIGN KEY (category_id) REFERENCES public.products_category(id) DEFERRABLE INITIALLY DEFERRED;


--
-- Name: products_product_discount products_product_dis_discount_id_b5e9ae34_fk_products_; Type: FK CONSTRAINT; Schema: public; Owner: pavshop_user
--

ALTER TABLE ONLY public.products_product_discount
    ADD CONSTRAINT products_product_dis_discount_id_b5e9ae34_fk_products_ FOREIGN KEY (discount_id) REFERENCES public.products_discount(id) DEFERRABLE INITIALLY DEFERRED;


--
-- Name: products_product_discount products_product_dis_product_id_3ed26e85_fk_products_; Type: FK CONSTRAINT; Schema: public; Owner: pavshop_user
--

ALTER TABLE ONLY public.products_product_discount
    ADD CONSTRAINT products_product_dis_product_id_3ed26e85_fk_products_ FOREIGN KEY (product_id) REFERENCES public.products_product(id) DEFERRABLE INITIALLY DEFERRED;


--
-- Name: products_product_property_values products_product_pro_product_id_f6a7f903_fk_products_; Type: FK CONSTRAINT; Schema: public; Owner: pavshop_user
--

ALTER TABLE ONLY public.products_product_property_values
    ADD CONSTRAINT products_product_pro_product_id_f6a7f903_fk_products_ FOREIGN KEY (product_id) REFERENCES public.products_product(id) DEFERRABLE INITIALLY DEFERRED;


--
-- Name: products_product_property_values products_product_pro_propertyvalue_id_2a0d3372_fk_products_; Type: FK CONSTRAINT; Schema: public; Owner: pavshop_user
--

ALTER TABLE ONLY public.products_product_property_values
    ADD CONSTRAINT products_product_pro_propertyvalue_id_2a0d3372_fk_products_ FOREIGN KEY (propertyvalue_id) REFERENCES public.products_propertyvalue(id) DEFERRABLE INITIALLY DEFERRED;


--
-- Name: products_product_tag products_product_tag_product_id_df3b2f29_fk_products_product_id; Type: FK CONSTRAINT; Schema: public; Owner: pavshop_user
--

ALTER TABLE ONLY public.products_product_tag
    ADD CONSTRAINT products_product_tag_product_id_df3b2f29_fk_products_product_id FOREIGN KEY (product_id) REFERENCES public.products_product(id) DEFERRABLE INITIALLY DEFERRED;


--
-- Name: products_product_tag products_product_tag_tag_id_d99e66b5_fk_products_tag_id; Type: FK CONSTRAINT; Schema: public; Owner: pavshop_user
--

ALTER TABLE ONLY public.products_product_tag
    ADD CONSTRAINT products_product_tag_tag_id_d99e66b5_fk_products_tag_id FOREIGN KEY (tag_id) REFERENCES public.products_tag(id) DEFERRABLE INITIALLY DEFERRED;


--
-- Name: products_productimages products_productimag_product_id_24647d74_fk_products_; Type: FK CONSTRAINT; Schema: public; Owner: pavshop_user
--

ALTER TABLE ONLY public.products_productimages
    ADD CONSTRAINT products_productimag_product_id_24647d74_fk_products_ FOREIGN KEY (product_id) REFERENCES public.products_product(id) DEFERRABLE INITIALLY DEFERRED;


--
-- Name: products_propertyvalue products_propertyval_property_id_2633dac9_fk_products_; Type: FK CONSTRAINT; Schema: public; Owner: pavshop_user
--

ALTER TABLE ONLY public.products_propertyvalue
    ADD CONSTRAINT products_propertyval_property_id_2633dac9_fk_products_ FOREIGN KEY (property_id) REFERENCES public.products_property(id) DEFERRABLE INITIALLY DEFERRED;


--
-- Name: products_review products_review_author_id_cca533e8_fk_authentication_user_id; Type: FK CONSTRAINT; Schema: public; Owner: pavshop_user
--

ALTER TABLE ONLY public.products_review
    ADD CONSTRAINT products_review_author_id_cca533e8_fk_authentication_user_id FOREIGN KEY (author_id) REFERENCES public.authentication_user(id) DEFERRABLE INITIALLY DEFERRED;


--
-- Name: products_review products_review_product_id_d933ffa7_fk_products_product_id; Type: FK CONSTRAINT; Schema: public; Owner: pavshop_user
--

ALTER TABLE ONLY public.products_review
    ADD CONSTRAINT products_review_product_id_d933ffa7_fk_products_product_id FOREIGN KEY (product_id) REFERENCES public.products_product(id) DEFERRABLE INITIALLY DEFERRED;


--
-- Name: shopping_cart_billing_address shopping_cart_billin_shipping_address_id_b2373fa9_fk_shopping_; Type: FK CONSTRAINT; Schema: public; Owner: pavshop_user
--

ALTER TABLE ONLY public.shopping_cart_billing_address
    ADD CONSTRAINT shopping_cart_billin_shipping_address_id_b2373fa9_fk_shopping_ FOREIGN KEY (shipping_address_id) REFERENCES public.shopping_cart_shipping_address(id) DEFERRABLE INITIALLY DEFERRED;


--
-- Name: shopping_cart_billing_address shopping_cart_billin_user_id_3e359955_fk_authentic; Type: FK CONSTRAINT; Schema: public; Owner: pavshop_user
--

ALTER TABLE ONLY public.shopping_cart_billing_address
    ADD CONSTRAINT shopping_cart_billin_user_id_3e359955_fk_authentic FOREIGN KEY (user_id) REFERENCES public.authentication_user(id) DEFERRABLE INITIALLY DEFERRED;


--
-- Name: shopping_cart_customer shopping_cart_custom_user_id_bd791f2c_fk_authentic; Type: FK CONSTRAINT; Schema: public; Owner: pavshop_user
--

ALTER TABLE ONLY public.shopping_cart_customer
    ADD CONSTRAINT shopping_cart_custom_user_id_bd791f2c_fk_authentic FOREIGN KEY (user_id) REFERENCES public.authentication_user(id) DEFERRABLE INITIALLY DEFERRED;


--
-- Name: shopping_cart_order shopping_cart_order_customer_id_1a7d15e4_fk_shopping_; Type: FK CONSTRAINT; Schema: public; Owner: pavshop_user
--

ALTER TABLE ONLY public.shopping_cart_order
    ADD CONSTRAINT shopping_cart_order_customer_id_1a7d15e4_fk_shopping_ FOREIGN KEY (customer_id) REFERENCES public.shopping_cart_customer(id) DEFERRABLE INITIALLY DEFERRED;


--
-- Name: shopping_cart_orderitem shopping_cart_orderi_order_id_24beb63e_fk_shopping_; Type: FK CONSTRAINT; Schema: public; Owner: pavshop_user
--

ALTER TABLE ONLY public.shopping_cart_orderitem
    ADD CONSTRAINT shopping_cart_orderi_order_id_24beb63e_fk_shopping_ FOREIGN KEY (order_id) REFERENCES public.shopping_cart_order(id) DEFERRABLE INITIALLY DEFERRED;


--
-- Name: shopping_cart_orderitem shopping_cart_orderi_product_id_db898c30_fk_products_; Type: FK CONSTRAINT; Schema: public; Owner: pavshop_user
--

ALTER TABLE ONLY public.shopping_cart_orderitem
    ADD CONSTRAINT shopping_cart_orderi_product_id_db898c30_fk_products_ FOREIGN KEY (product_id) REFERENCES public.products_product(id) DEFERRABLE INITIALLY DEFERRED;


--
-- Name: shopping_cart_shipping_address shopping_cart_shippi_user_id_e233add1_fk_authentic; Type: FK CONSTRAINT; Schema: public; Owner: pavshop_user
--

ALTER TABLE ONLY public.shopping_cart_shipping_address
    ADD CONSTRAINT shopping_cart_shippi_user_id_e233add1_fk_authentic FOREIGN KEY (user_id) REFERENCES public.authentication_user(id) DEFERRABLE INITIALLY DEFERRED;


--
-- Name: social_auth_usersocialauth social_auth_usersoci_user_id_17d28448_fk_authentic; Type: FK CONSTRAINT; Schema: public; Owner: pavshop_user
--

ALTER TABLE ONLY public.social_auth_usersocialauth
    ADD CONSTRAINT social_auth_usersoci_user_id_17d28448_fk_authentic FOREIGN KEY (user_id) REFERENCES public.authentication_user(id) DEFERRABLE INITIALLY DEFERRED;


--
-- PostgreSQL database dump complete
--

