--
-- PostgreSQL database dump
--

-- Dumped from database version 15.3 (Debian 15.3-1.pgdg110+1)
-- Dumped by pg_dump version 15.3 (Debian 15.3-1.pgdg110+1)

SET statement_timeout = 0;
SET lock_timeout = 0;
SET idle_in_transaction_session_timeout = 0;
SET client_encoding = 'UTF8';
SET standard_conforming_strings = on;
SELECT pg_catalog.set_config('search_path', '', false);
SET check_function_bodies = false;
SET xmloption = content;
SET client_min_messages = warning;
SET row_security = off;

SET default_tablespace = '';

SET default_table_access_method = heap;

--
-- Name: auth_group; Type: TABLE; Schema: public; Owner: pavshop_user
--

CREATE TABLE public.auth_group (
    id integer NOT NULL,
    name character varying(150) NOT NULL
);


ALTER TABLE public.auth_group OWNER TO pavshop_user;

--
-- Name: auth_group_id_seq; Type: SEQUENCE; Schema: public; Owner: pavshop_user
--

ALTER TABLE public.auth_group ALTER COLUMN id ADD GENERATED BY DEFAULT AS IDENTITY (
    SEQUENCE NAME public.auth_group_id_seq
    START WITH 1
    INCREMENT BY 1
    NO MINVALUE
    NO MAXVALUE
    CACHE 1
);


--
-- Name: auth_group_permissions; Type: TABLE; Schema: public; Owner: pavshop_user
--

CREATE TABLE public.auth_group_permissions (
    id bigint NOT NULL,
    group_id integer NOT NULL,
    permission_id integer NOT NULL
);


ALTER TABLE public.auth_group_permissions OWNER TO pavshop_user;

--
-- Name: auth_group_permissions_id_seq; Type: SEQUENCE; Schema: public; Owner: pavshop_user
--

ALTER TABLE public.auth_group_permissions ALTER COLUMN id ADD GENERATED BY DEFAULT AS IDENTITY (
    SEQUENCE NAME public.auth_group_permissions_id_seq
    START WITH 1
    INCREMENT BY 1
    NO MINVALUE
    NO MAXVALUE
    CACHE 1
);


--
-- Name: auth_permission; Type: TABLE; Schema: public; Owner: pavshop_user
--

CREATE TABLE public.auth_permission (
    id integer NOT NULL,
    name character varying(255) NOT NULL,
    content_type_id integer NOT NULL,
    codename character varying(100) NOT NULL
);


ALTER TABLE public.auth_permission OWNER TO pavshop_user;

--
-- Name: auth_permission_id_seq; Type: SEQUENCE; Schema: public; Owner: pavshop_user
--

ALTER TABLE public.auth_permission ALTER COLUMN id ADD GENERATED BY DEFAULT AS IDENTITY (
    SEQUENCE NAME public.auth_permission_id_seq
    START WITH 1
    INCREMENT BY 1
    NO MINVALUE
    NO MAXVALUE
    CACHE 1
);


--
-- Name: authentication_user; Type: TABLE; Schema: public; Owner: pavshop_user
--

CREATE TABLE public.authentication_user (
    id bigint NOT NULL,
    password character varying(128) NOT NULL,
    last_login timestamp with time zone,
    is_superuser boolean NOT NULL,
    username character varying(150) NOT NULL,
    first_name character varying(150) NOT NULL,
    last_name character varying(150) NOT NULL,
    email character varying(254) NOT NULL,
    is_staff boolean NOT NULL,
    is_active boolean NOT NULL,
    date_joined timestamp with time zone NOT NULL,
    bio text,
    image character varying(100),
    major character varying(255),
    gender integer,
    ips inet[]
);


ALTER TABLE public.authentication_user OWNER TO pavshop_user;

--
-- Name: authentication_user_groups; Type: TABLE; Schema: public; Owner: pavshop_user
--

CREATE TABLE public.authentication_user_groups (
    id bigint NOT NULL,
    user_id bigint NOT NULL,
    group_id integer NOT NULL
);


ALTER TABLE public.authentication_user_groups OWNER TO pavshop_user;

--
-- Name: authentication_user_groups_id_seq; Type: SEQUENCE; Schema: public; Owner: pavshop_user
--

ALTER TABLE public.authentication_user_groups ALTER COLUMN id ADD GENERATED BY DEFAULT AS IDENTITY (
    SEQUENCE NAME public.authentication_user_groups_id_seq
    START WITH 1
    INCREMENT BY 1
    NO MINVALUE
    NO MAXVALUE
    CACHE 1
);


--
-- Name: authentication_user_id_seq; Type: SEQUENCE; Schema: public; Owner: pavshop_user
--

ALTER TABLE public.authentication_user ALTER COLUMN id ADD GENERATED BY DEFAULT AS IDENTITY (
    SEQUENCE NAME public.authentication_user_id_seq
    START WITH 1
    INCREMENT BY 1
    NO MINVALUE
    NO MAXVALUE
    CACHE 1
);


--
-- Name: authentication_user_user_permissions; Type: TABLE; Schema: public; Owner: pavshop_user
--

CREATE TABLE public.authentication_user_user_permissions (
    id bigint NOT NULL,
    user_id bigint NOT NULL,
    permission_id integer NOT NULL
);


ALTER TABLE public.authentication_user_user_permissions OWNER TO pavshop_user;

--
-- Name: authentication_user_user_permissions_id_seq; Type: SEQUENCE; Schema: public; Owner: pavshop_user
--

ALTER TABLE public.authentication_user_user_permissions ALTER COLUMN id ADD GENERATED BY DEFAULT AS IDENTITY (
    SEQUENCE NAME public.authentication_user_user_permissions_id_seq
    START WITH 1
    INCREMENT BY 1
    NO MINVALUE
    NO MAXVALUE
    CACHE 1
);


--
-- Name: base_blockedips; Type: TABLE; Schema: public; Owner: pavshop_user
--

CREATE TABLE public.base_blockedips (
    id bigint NOT NULL,
    ip_address inet NOT NULL
);


ALTER TABLE public.base_blockedips OWNER TO pavshop_user;

--
-- Name: base_blockedips_id_seq; Type: SEQUENCE; Schema: public; Owner: pavshop_user
--

ALTER TABLE public.base_blockedips ALTER COLUMN id ADD GENERATED BY DEFAULT AS IDENTITY (
    SEQUENCE NAME public.base_blockedips_id_seq
    START WITH 1
    INCREMENT BY 1
    NO MINVALUE
    NO MAXVALUE
    CACHE 1
);


--
-- Name: base_contact; Type: TABLE; Schema: public; Owner: pavshop_user
--

CREATE TABLE public.base_contact (
    id bigint NOT NULL,
    created_at timestamp with time zone NOT NULL,
    updated_at timestamp with time zone NOT NULL,
    full_name character varying(255) NOT NULL,
    email character varying(254) NOT NULL,
    phone character varying(128) NOT NULL,
    subject character varying(100) NOT NULL,
    message text NOT NULL
);


ALTER TABLE public.base_contact OWNER TO pavshop_user;

--
-- Name: base_contact_id_seq; Type: SEQUENCE; Schema: public; Owner: pavshop_user
--

ALTER TABLE public.base_contact ALTER COLUMN id ADD GENERATED BY DEFAULT AS IDENTITY (
    SEQUENCE NAME public.base_contact_id_seq
    START WITH 1
    INCREMENT BY 1
    NO MINVALUE
    NO MAXVALUE
    CACHE 1
);


--
-- Name: base_newsletter; Type: TABLE; Schema: public; Owner: pavshop_user
--

CREATE TABLE public.base_newsletter (
    id bigint NOT NULL,
    created_at timestamp with time zone NOT NULL,
    updated_at timestamp with time zone NOT NULL,
    email character varying(255) NOT NULL,
    is_active boolean NOT NULL
);


ALTER TABLE public.base_newsletter OWNER TO pavshop_user;

--
-- Name: base_newsletter_id_seq; Type: SEQUENCE; Schema: public; Owner: pavshop_user
--

ALTER TABLE public.base_newsletter ALTER COLUMN id ADD GENERATED BY DEFAULT AS IDENTITY (
    SEQUENCE NAME public.base_newsletter_id_seq
    START WITH 1
    INCREMENT BY 1
    NO MINVALUE
    NO MAXVALUE
    CACHE 1
);


--
-- Name: base_sponsor; Type: TABLE; Schema: public; Owner: pavshop_user
--

CREATE TABLE public.base_sponsor (
    id bigint NOT NULL,
    created_at timestamp with time zone NOT NULL,
    updated_at timestamp with time zone NOT NULL,
    image character varying(100) NOT NULL
);


ALTER TABLE public.base_sponsor OWNER TO pavshop_user;

--
-- Name: base_sponsor_id_seq; Type: SEQUENCE; Schema: public; Owner: pavshop_user
--

ALTER TABLE public.base_sponsor ALTER COLUMN id ADD GENERATED BY DEFAULT AS IDENTITY (
    SEQUENCE NAME public.base_sponsor_id_seq
    START WITH 1
    INCREMENT BY 1
    NO MINVALUE
    NO MAXVALUE
    CACHE 1
);


--
-- Name: base_team; Type: TABLE; Schema: public; Owner: pavshop_user
--

CREATE TABLE public.base_team (
    id bigint NOT NULL,
    created_at timestamp with time zone NOT NULL,
    updated_at timestamp with time zone NOT NULL,
    image character varying(100),
    full_name character varying(255),
    major character varying(255)
);


ALTER TABLE public.base_team OWNER TO pavshop_user;

--
-- Name: base_team_id_seq; Type: SEQUENCE; Schema: public; Owner: pavshop_user
--

ALTER TABLE public.base_team ALTER COLUMN id ADD GENERATED BY DEFAULT AS IDENTITY (
    SEQUENCE NAME public.base_team_id_seq
    START WITH 1
    INCREMENT BY 1
    NO MINVALUE
    NO MAXVALUE
    CACHE 1
);


--
-- Name: blogs_category; Type: TABLE; Schema: public; Owner: pavshop_user
--

CREATE TABLE public.blogs_category (
    id bigint NOT NULL,
    created_at timestamp with time zone NOT NULL,
    updated_at timestamp with time zone NOT NULL,
    name character varying(150) NOT NULL,
    slug character varying(255),
    name_az character varying(150),
    name_en character varying(150),
    name_ru character varying(150)
);


ALTER TABLE public.blogs_category OWNER TO pavshop_user;

--
-- Name: blogs_category_id_seq; Type: SEQUENCE; Schema: public; Owner: pavshop_user
--

ALTER TABLE public.blogs_category ALTER COLUMN id ADD GENERATED BY DEFAULT AS IDENTITY (
    SEQUENCE NAME public.blogs_category_id_seq
    START WITH 1
    INCREMENT BY 1
    NO MINVALUE
    NO MAXVALUE
    CACHE 1
);


--
-- Name: blogs_comment; Type: TABLE; Schema: public; Owner: pavshop_user
--

CREATE TABLE public.blogs_comment (
    id bigint NOT NULL,
    created_at timestamp with time zone NOT NULL,
    updated_at timestamp with time zone NOT NULL,
    message text NOT NULL,
    active boolean NOT NULL,
    author_id bigint NOT NULL,
    parent_id bigint,
    story_id bigint NOT NULL
);


ALTER TABLE public.blogs_comment OWNER TO pavshop_user;

--
-- Name: blogs_comment_id_seq; Type: SEQUENCE; Schema: public; Owner: pavshop_user
--

ALTER TABLE public.blogs_comment ALTER COLUMN id ADD GENERATED BY DEFAULT AS IDENTITY (
    SEQUENCE NAME public.blogs_comment_id_seq
    START WITH 1
    INCREMENT BY 1
    NO MINVALUE
    NO MAXVALUE
    CACHE 1
);


--
-- Name: blogs_story; Type: TABLE; Schema: public; Owner: pavshop_user
--

CREATE TABLE public.blogs_story (
    id bigint NOT NULL,
    created_at timestamp with time zone NOT NULL,
    updated_at timestamp with time zone NOT NULL,
    title character varying(255) NOT NULL,
    description text NOT NULL,
    image character varying(100) NOT NULL,
    is_archive boolean NOT NULL,
    slug character varying(255),
    content text,
    author_id bigint NOT NULL,
    category_id bigint NOT NULL,
    description_az text,
    description_en text,
    description_ru text,
    title_az character varying(255),
    title_en character varying(255),
    title_ru character varying(255)
);


ALTER TABLE public.blogs_story OWNER TO pavshop_user;

--
-- Name: blogs_story_id_seq; Type: SEQUENCE; Schema: public; Owner: pavshop_user
--

ALTER TABLE public.blogs_story ALTER COLUMN id ADD GENERATED BY DEFAULT AS IDENTITY (
    SEQUENCE NAME public.blogs_story_id_seq
    START WITH 1
    INCREMENT BY 1
    NO MINVALUE
    NO MAXVALUE
    CACHE 1
);


--
-- Name: blogs_story_tag; Type: TABLE; Schema: public; Owner: pavshop_user
--

CREATE TABLE public.blogs_story_tag (
    id bigint NOT NULL,
    story_id bigint NOT NULL,
    tag_id bigint NOT NULL
);


ALTER TABLE public.blogs_story_tag OWNER TO pavshop_user;

--
-- Name: blogs_story_tag_id_seq; Type: SEQUENCE; Schema: public; Owner: pavshop_user
--

ALTER TABLE public.blogs_story_tag ALTER COLUMN id ADD GENERATED BY DEFAULT AS IDENTITY (
    SEQUENCE NAME public.blogs_story_tag_id_seq
    START WITH 1
    INCREMENT BY 1
    NO MINVALUE
    NO MAXVALUE
    CACHE 1
);


--
-- Name: blogs_tag; Type: TABLE; Schema: public; Owner: pavshop_user
--

CREATE TABLE public.blogs_tag (
    id bigint NOT NULL,
    created_at timestamp with time zone NOT NULL,
    updated_at timestamp with time zone NOT NULL,
    name character varying(50) NOT NULL,
    slug character varying(255),
    name_az character varying(50),
    name_en character varying(50),
    name_ru character varying(50)
);


ALTER TABLE public.blogs_tag OWNER TO pavshop_user;

--
-- Name: blogs_tag_id_seq; Type: SEQUENCE; Schema: public; Owner: pavshop_user
--

ALTER TABLE public.blogs_tag ALTER COLUMN id ADD GENERATED BY DEFAULT AS IDENTITY (
    SEQUENCE NAME public.blogs_tag_id_seq
    START WITH 1
    INCREMENT BY 1
    NO MINVALUE
    NO MAXVALUE
    CACHE 1
);


--
-- Name: django_admin_log; Type: TABLE; Schema: public; Owner: pavshop_user
--

CREATE TABLE public.django_admin_log (
    id integer NOT NULL,
    action_time timestamp with time zone NOT NULL,
    object_id text,
    object_repr character varying(200) NOT NULL,
    action_flag smallint NOT NULL,
    change_message text NOT NULL,
    content_type_id integer,
    user_id bigint NOT NULL,
    CONSTRAINT django_admin_log_action_flag_check CHECK ((action_flag >= 0))
);


ALTER TABLE public.django_admin_log OWNER TO pavshop_user;

--
-- Name: django_admin_log_id_seq; Type: SEQUENCE; Schema: public; Owner: pavshop_user
--

ALTER TABLE public.django_admin_log ALTER COLUMN id ADD GENERATED BY DEFAULT AS IDENTITY (
    SEQUENCE NAME public.django_admin_log_id_seq
    START WITH 1
    INCREMENT BY 1
    NO MINVALUE
    NO MAXVALUE
    CACHE 1
);


--
-- Name: django_celery_beat_clockedschedule; Type: TABLE; Schema: public; Owner: pavshop_user
--

CREATE TABLE public.django_celery_beat_clockedschedule (
    id integer NOT NULL,
    clocked_time timestamp with time zone NOT NULL
);


ALTER TABLE public.django_celery_beat_clockedschedule OWNER TO pavshop_user;

--
-- Name: django_celery_beat_clockedschedule_id_seq; Type: SEQUENCE; Schema: public; Owner: pavshop_user
--

ALTER TABLE public.django_celery_beat_clockedschedule ALTER COLUMN id ADD GENERATED BY DEFAULT AS IDENTITY (
    SEQUENCE NAME public.django_celery_beat_clockedschedule_id_seq
    START WITH 1
    INCREMENT BY 1
    NO MINVALUE
    NO MAXVALUE
    CACHE 1
);


--
-- Name: django_celery_beat_crontabschedule; Type: TABLE; Schema: public; Owner: pavshop_user
--

CREATE TABLE public.django_celery_beat_crontabschedule (
    id integer NOT NULL,
    minute character varying(240) NOT NULL,
    hour character varying(96) NOT NULL,
    day_of_week character varying(64) NOT NULL,
    day_of_month character varying(124) NOT NULL,
    month_of_year character varying(64) NOT NULL,
    timezone character varying(63) NOT NULL
);


ALTER TABLE public.django_celery_beat_crontabschedule OWNER TO pavshop_user;

--
-- Name: django_celery_beat_crontabschedule_id_seq; Type: SEQUENCE; Schema: public; Owner: pavshop_user
--

ALTER TABLE public.django_celery_beat_crontabschedule ALTER COLUMN id ADD GENERATED BY DEFAULT AS IDENTITY (
    SEQUENCE NAME public.django_celery_beat_crontabschedule_id_seq
    START WITH 1
    INCREMENT BY 1
    NO MINVALUE
    NO MAXVALUE
    CACHE 1
);


--
-- Name: django_celery_beat_intervalschedule; Type: TABLE; Schema: public; Owner: pavshop_user
--

CREATE TABLE public.django_celery_beat_intervalschedule (
    id integer NOT NULL,
    every integer NOT NULL,
    period character varying(24) NOT NULL
);


ALTER TABLE public.django_celery_beat_intervalschedule OWNER TO pavshop_user;

--
-- Name: django_celery_beat_intervalschedule_id_seq; Type: SEQUENCE; Schema: public; Owner: pavshop_user
--

ALTER TABLE public.django_celery_beat_intervalschedule ALTER COLUMN id ADD GENERATED BY DEFAULT AS IDENTITY (
    SEQUENCE NAME public.django_celery_beat_intervalschedule_id_seq
    START WITH 1
    INCREMENT BY 1
    NO MINVALUE
    NO MAXVALUE
    CACHE 1
);


--
-- Name: django_celery_beat_periodictask; Type: TABLE; Schema: public; Owner: pavshop_user
--

CREATE TABLE public.django_celery_beat_periodictask (
    id integer NOT NULL,
    name character varying(200) NOT NULL,
    task character varying(200) NOT NULL,
    args text NOT NULL,
    kwargs text NOT NULL,
    queue character varying(200),
    exchange character varying(200),
    routing_key character varying(200),
    expires timestamp with time zone,
    enabled boolean NOT NULL,
    last_run_at timestamp with time zone,
    total_run_count integer NOT NULL,
    date_changed timestamp with time zone NOT NULL,
    description text NOT NULL,
    crontab_id integer,
    interval_id integer,
    solar_id integer,
    one_off boolean NOT NULL,
    start_time timestamp with time zone,
    priority integer,
    headers text NOT NULL,
    clocked_id integer,
    expire_seconds integer,
    CONSTRAINT django_celery_beat_periodictask_expire_seconds_check CHECK ((expire_seconds >= 0)),
    CONSTRAINT django_celery_beat_periodictask_priority_check CHECK ((priority >= 0)),
    CONSTRAINT django_celery_beat_periodictask_total_run_count_check CHECK ((total_run_count >= 0))
);


ALTER TABLE public.django_celery_beat_periodictask OWNER TO pavshop_user;

--
-- Name: django_celery_beat_periodictask_id_seq; Type: SEQUENCE; Schema: public; Owner: pavshop_user
--

ALTER TABLE public.django_celery_beat_periodictask ALTER COLUMN id ADD GENERATED BY DEFAULT AS IDENTITY (
    SEQUENCE NAME public.django_celery_beat_periodictask_id_seq
    START WITH 1
    INCREMENT BY 1
    NO MINVALUE
    NO MAXVALUE
    CACHE 1
);


--
-- Name: django_celery_beat_periodictasks; Type: TABLE; Schema: public; Owner: pavshop_user
--

CREATE TABLE public.django_celery_beat_periodictasks (
    ident smallint NOT NULL,
    last_update timestamp with time zone NOT NULL
);


ALTER TABLE public.django_celery_beat_periodictasks OWNER TO pavshop_user;

--
-- Name: django_celery_beat_solarschedule; Type: TABLE; Schema: public; Owner: pavshop_user
--

CREATE TABLE public.django_celery_beat_solarschedule (
    id integer NOT NULL,
    event character varying(24) NOT NULL,
    latitude numeric(9,6) NOT NULL,
    longitude numeric(9,6) NOT NULL
);


ALTER TABLE public.django_celery_beat_solarschedule OWNER TO pavshop_user;

--
-- Name: django_celery_beat_solarschedule_id_seq; Type: SEQUENCE; Schema: public; Owner: pavshop_user
--

ALTER TABLE public.django_celery_beat_solarschedule ALTER COLUMN id ADD GENERATED BY DEFAULT AS IDENTITY (
    SEQUENCE NAME public.django_celery_beat_solarschedule_id_seq
    START WITH 1
    INCREMENT BY 1
    NO MINVALUE
    NO MAXVALUE
    CACHE 1
);


--
-- Name: django_content_type; Type: TABLE; Schema: public; Owner: pavshop_user
--

CREATE TABLE public.django_content_type (
    id integer NOT NULL,
    app_label character varying(100) NOT NULL,
    model character varying(100) NOT NULL
);


ALTER TABLE public.django_content_type OWNER TO pavshop_user;

--
-- Name: django_content_type_id_seq; Type: SEQUENCE; Schema: public; Owner: pavshop_user
--

ALTER TABLE public.django_content_type ALTER COLUMN id ADD GENERATED BY DEFAULT AS IDENTITY (
    SEQUENCE NAME public.django_content_type_id_seq
    START WITH 1
    INCREMENT BY 1
    NO MINVALUE
    NO MAXVALUE
    CACHE 1
);


--
-- Name: django_migrations; Type: TABLE; Schema: public; Owner: pavshop_user
--

CREATE TABLE public.django_migrations (
    id bigint NOT NULL,
    app character varying(255) NOT NULL,
    name character varying(255) NOT NULL,
    applied timestamp with time zone NOT NULL
);


ALTER TABLE public.django_migrations OWNER TO pavshop_user;

--
-- Name: django_migrations_id_seq; Type: SEQUENCE; Schema: public; Owner: pavshop_user
--

ALTER TABLE public.django_migrations ALTER COLUMN id ADD GENERATED BY DEFAULT AS IDENTITY (
    SEQUENCE NAME public.django_migrations_id_seq
    START WITH 1
    INCREMENT BY 1
    NO MINVALUE
    NO MAXVALUE
    CACHE 1
);


--
-- Name: django_session; Type: TABLE; Schema: public; Owner: pavshop_user
--

CREATE TABLE public.django_session (
    session_key character varying(40) NOT NULL,
    session_data text NOT NULL,
    expire_date timestamp with time zone NOT NULL
);


ALTER TABLE public.django_session OWNER TO pavshop_user;

--
-- Name: exchange_exchangebackend; Type: TABLE; Schema: public; Owner: pavshop_user
--

CREATE TABLE public.exchange_exchangebackend (
    name character varying(255) NOT NULL,
    last_update timestamp with time zone NOT NULL,
    base_currency character varying(3) NOT NULL
);


ALTER TABLE public.exchange_exchangebackend OWNER TO pavshop_user;

--
-- Name: exchange_rate; Type: TABLE; Schema: public; Owner: pavshop_user
--

CREATE TABLE public.exchange_rate (
    id bigint NOT NULL,
    currency character varying(3) NOT NULL,
    value numeric(20,6) NOT NULL,
    backend_id character varying(255) NOT NULL
);


ALTER TABLE public.exchange_rate OWNER TO pavshop_user;

--
-- Name: exchange_rate_id_seq; Type: SEQUENCE; Schema: public; Owner: pavshop_user
--

ALTER TABLE public.exchange_rate ALTER COLUMN id ADD GENERATED BY DEFAULT AS IDENTITY (
    SEQUENCE NAME public.exchange_rate_id_seq
    START WITH 1
    INCREMENT BY 1
    NO MINVALUE
    NO MAXVALUE
    CACHE 1
);


--
-- Name: products_brand; Type: TABLE; Schema: public; Owner: pavshop_user
--

CREATE TABLE public.products_brand (
    id bigint NOT NULL,
    name character varying(255) NOT NULL,
    slug character varying(255)
);


ALTER TABLE public.products_brand OWNER TO pavshop_user;

--
-- Name: products_brand_id_seq; Type: SEQUENCE; Schema: public; Owner: pavshop_user
--

ALTER TABLE public.products_brand ALTER COLUMN id ADD GENERATED BY DEFAULT AS IDENTITY (
    SEQUENCE NAME public.products_brand_id_seq
    START WITH 1
    INCREMENT BY 1
    NO MINVALUE
    NO MAXVALUE
    CACHE 1
);


--
-- Name: products_category; Type: TABLE; Schema: public; Owner: pavshop_user
--

CREATE TABLE public.products_category (
    id bigint NOT NULL,
    name character varying(255) NOT NULL,
    slug character varying(255),
    name_az character varying(255),
    name_en character varying(255),
    name_ru character varying(255)
);


ALTER TABLE public.products_category OWNER TO pavshop_user;

--
-- Name: products_category_id_seq; Type: SEQUENCE; Schema: public; Owner: pavshop_user
--

ALTER TABLE public.products_category ALTER COLUMN id ADD GENERATED BY DEFAULT AS IDENTITY (
    SEQUENCE NAME public.products_category_id_seq
    START WITH 1
    INCREMENT BY 1
    NO MINVALUE
    NO MAXVALUE
    CACHE 1
);


--
-- Name: products_discount; Type: TABLE; Schema: public; Owner: pavshop_user
--

CREATE TABLE public.products_discount (
    id bigint NOT NULL,
    created_at timestamp with time zone NOT NULL,
    updated_at timestamp with time zone NOT NULL,
    name character varying(255) NOT NULL,
    value numeric(6,2) NOT NULL,
    is_percent boolean NOT NULL,
    is_active boolean NOT NULL
);


ALTER TABLE public.products_discount OWNER TO pavshop_user;

--
-- Name: products_discount_id_seq; Type: SEQUENCE; Schema: public; Owner: pavshop_user
--

ALTER TABLE public.products_discount ALTER COLUMN id ADD GENERATED BY DEFAULT AS IDENTITY (
    SEQUENCE NAME public.products_discount_id_seq
    START WITH 1
    INCREMENT BY 1
    NO MINVALUE
    NO MAXVALUE
    CACHE 1
);


--
-- Name: products_product; Type: TABLE; Schema: public; Owner: pavshop_user
--

CREATE TABLE public.products_product (
    id bigint NOT NULL,
    created_at timestamp with time zone NOT NULL,
    updated_at timestamp with time zone NOT NULL,
    title character varying(255) NOT NULL,
    small_description text,
    large_description text,
    image character varying(100) NOT NULL,
    in_stock boolean NOT NULL,
    quantity integer,
    slug character varying(255),
    money numeric(5,2) NOT NULL,
    brand_id bigint,
    category_id bigint NOT NULL,
    small_description_az text,
    small_description_en text,
    small_description_ru text,
    title_az character varying(255),
    title_en character varying(255),
    title_ru character varying(255)
);


ALTER TABLE public.products_product OWNER TO pavshop_user;

--
-- Name: products_product_discount; Type: TABLE; Schema: public; Owner: pavshop_user
--

CREATE TABLE public.products_product_discount (
    id bigint NOT NULL,
    product_id bigint NOT NULL,
    discount_id bigint NOT NULL
);


ALTER TABLE public.products_product_discount OWNER TO pavshop_user;

--
-- Name: products_product_discount_id_seq; Type: SEQUENCE; Schema: public; Owner: pavshop_user
--

ALTER TABLE public.products_product_discount ALTER COLUMN id ADD GENERATED BY DEFAULT AS IDENTITY (
    SEQUENCE NAME public.products_product_discount_id_seq
    START WITH 1
    INCREMENT BY 1
    NO MINVALUE
    NO MAXVALUE
    CACHE 1
);


--
-- Name: products_product_id_seq; Type: SEQUENCE; Schema: public; Owner: pavshop_user
--

ALTER TABLE public.products_product ALTER COLUMN id ADD GENERATED BY DEFAULT AS IDENTITY (
    SEQUENCE NAME public.products_product_id_seq
    START WITH 1
    INCREMENT BY 1
    NO MINVALUE
    NO MAXVALUE
    CACHE 1
);


--
-- Name: products_product_property_values; Type: TABLE; Schema: public; Owner: pavshop_user
--

CREATE TABLE public.products_product_property_values (
    id bigint NOT NULL,
    product_id bigint NOT NULL,
    propertyvalue_id bigint NOT NULL
);


ALTER TABLE public.products_product_property_values OWNER TO pavshop_user;

--
-- Name: products_product_property_values_id_seq; Type: SEQUENCE; Schema: public; Owner: pavshop_user
--

ALTER TABLE public.products_product_property_values ALTER COLUMN id ADD GENERATED BY DEFAULT AS IDENTITY (
    SEQUENCE NAME public.products_product_property_values_id_seq
    START WITH 1
    INCREMENT BY 1
    NO MINVALUE
    NO MAXVALUE
    CACHE 1
);


--
-- Name: products_product_tag; Type: TABLE; Schema: public; Owner: pavshop_user
--

CREATE TABLE public.products_product_tag (
    id bigint NOT NULL,
    product_id bigint NOT NULL,
    tag_id bigint NOT NULL
);


ALTER TABLE public.products_product_tag OWNER TO pavshop_user;

--
-- Name: products_product_tag_id_seq; Type: SEQUENCE; Schema: public; Owner: pavshop_user
--

ALTER TABLE public.products_product_tag ALTER COLUMN id ADD GENERATED BY DEFAULT AS IDENTITY (
    SEQUENCE NAME public.products_product_tag_id_seq
    START WITH 1
    INCREMENT BY 1
    NO MINVALUE
    NO MAXVALUE
    CACHE 1
);


--
-- Name: products_productimages; Type: TABLE; Schema: public; Owner: pavshop_user
--

CREATE TABLE public.products_productimages (
    id bigint NOT NULL,
    image character varying(100) NOT NULL,
    product_id bigint NOT NULL
);


ALTER TABLE public.products_productimages OWNER TO pavshop_user;

--
-- Name: products_productimages_id_seq; Type: SEQUENCE; Schema: public; Owner: pavshop_user
--

ALTER TABLE public.products_productimages ALTER COLUMN id ADD GENERATED BY DEFAULT AS IDENTITY (
    SEQUENCE NAME public.products_productimages_id_seq
    START WITH 1
    INCREMENT BY 1
    NO MINVALUE
    NO MAXVALUE
    CACHE 1
);


--
-- Name: products_property; Type: TABLE; Schema: public; Owner: pavshop_user
--

CREATE TABLE public.products_property (
    id bigint NOT NULL,
    name character varying(255) NOT NULL
);


ALTER TABLE public.products_property OWNER TO pavshop_user;

--
-- Name: products_property_id_seq; Type: SEQUENCE; Schema: public; Owner: pavshop_user
--

ALTER TABLE public.products_property ALTER COLUMN id ADD GENERATED BY DEFAULT AS IDENTITY (
    SEQUENCE NAME public.products_property_id_seq
    START WITH 1
    INCREMENT BY 1
    NO MINVALUE
    NO MAXVALUE
    CACHE 1
);


--
-- Name: products_propertyvalue; Type: TABLE; Schema: public; Owner: pavshop_user
--

CREATE TABLE public.products_propertyvalue (
    id bigint NOT NULL,
    name character varying(255) NOT NULL,
    property_id bigint NOT NULL
);


ALTER TABLE public.products_propertyvalue OWNER TO pavshop_user;

--
-- Name: products_propertyvalue_id_seq; Type: SEQUENCE; Schema: public; Owner: pavshop_user
--

ALTER TABLE public.products_propertyvalue ALTER COLUMN id ADD GENERATED BY DEFAULT AS IDENTITY (
    SEQUENCE NAME public.products_propertyvalue_id_seq
    START WITH 1
    INCREMENT BY 1
    NO MINVALUE
    NO MAXVALUE
    CACHE 1
);


--
-- Name: products_rating; Type: TABLE; Schema: public; Owner: pavshop_user
--

CREATE TABLE public.products_rating (
    id bigint NOT NULL,
    rate integer NOT NULL
);


ALTER TABLE public.products_rating OWNER TO pavshop_user;

--
-- Name: products_rating_id_seq; Type: SEQUENCE; Schema: public; Owner: pavshop_user
--

ALTER TABLE public.products_rating ALTER COLUMN id ADD GENERATED BY DEFAULT AS IDENTITY (
    SEQUENCE NAME public.products_rating_id_seq
    START WITH 1
    INCREMENT BY 1
    NO MINVALUE
    NO MAXVALUE
    CACHE 1
);


--
-- Name: products_review; Type: TABLE; Schema: public; Owner: pavshop_user
--

CREATE TABLE public.products_review (
    id bigint NOT NULL,
    created_at timestamp with time zone NOT NULL,
    updated_at timestamp with time zone NOT NULL,
    review text NOT NULL,
    rating integer NOT NULL,
    is_active boolean NOT NULL,
    author_id bigint,
    product_id bigint NOT NULL
);


ALTER TABLE public.products_review OWNER TO pavshop_user;

--
-- Name: products_review_id_seq; Type: SEQUENCE; Schema: public; Owner: pavshop_user
--

ALTER TABLE public.products_review ALTER COLUMN id ADD GENERATED BY DEFAULT AS IDENTITY (
    SEQUENCE NAME public.products_review_id_seq
    START WITH 1
    INCREMENT BY 1
    NO MINVALUE
    NO MAXVALUE
    CACHE 1
);


--
-- Name: products_tag; Type: TABLE; Schema: public; Owner: pavshop_user
--

CREATE TABLE public.products_tag (
    id bigint NOT NULL,
    name character varying(255) NOT NULL,
    slug character varying(255),
    name_az character varying(255),
    name_en character varying(255),
    name_ru character varying(255)
);


ALTER TABLE public.products_tag OWNER TO pavshop_user;

--
-- Name: products_tag_id_seq; Type: SEQUENCE; Schema: public; Owner: pavshop_user
--

ALTER TABLE public.products_tag ALTER COLUMN id ADD GENERATED BY DEFAULT AS IDENTITY (
    SEQUENCE NAME public.products_tag_id_seq
    START WITH 1
    INCREMENT BY 1
    NO MINVALUE
    NO MAXVALUE
    CACHE 1
);


--
-- Name: shopping_cart_billing_address; Type: TABLE; Schema: public; Owner: pavshop_user
--

CREATE TABLE public.shopping_cart_billing_address (
    id bigint NOT NULL,
    created_at timestamp with time zone NOT NULL,
    updated_at timestamp with time zone NOT NULL,
    company character varying(255) NOT NULL,
    address text NOT NULL,
    country character varying(2) NOT NULL,
    city character varying(255) NOT NULL,
    phone character varying(128) NOT NULL,
    shipping_address_id bigint,
    user_id bigint NOT NULL
);


ALTER TABLE public.shopping_cart_billing_address OWNER TO pavshop_user;

--
-- Name: shopping_cart_billing_address_id_seq; Type: SEQUENCE; Schema: public; Owner: pavshop_user
--

ALTER TABLE public.shopping_cart_billing_address ALTER COLUMN id ADD GENERATED BY DEFAULT AS IDENTITY (
    SEQUENCE NAME public.shopping_cart_billing_address_id_seq
    START WITH 1
    INCREMENT BY 1
    NO MINVALUE
    NO MAXVALUE
    CACHE 1
);


--
-- Name: shopping_cart_customer; Type: TABLE; Schema: public; Owner: pavshop_user
--

CREATE TABLE public.shopping_cart_customer (
    id bigint NOT NULL,
    name character varying(255),
    email character varying(255),
    user_id bigint
);


ALTER TABLE public.shopping_cart_customer OWNER TO pavshop_user;

--
-- Name: shopping_cart_customer_id_seq; Type: SEQUENCE; Schema: public; Owner: pavshop_user
--

ALTER TABLE public.shopping_cart_customer ALTER COLUMN id ADD GENERATED BY DEFAULT AS IDENTITY (
    SEQUENCE NAME public.shopping_cart_customer_id_seq
    START WITH 1
    INCREMENT BY 1
    NO MINVALUE
    NO MAXVALUE
    CACHE 1
);


--
-- Name: shopping_cart_order; Type: TABLE; Schema: public; Owner: pavshop_user
--

CREATE TABLE public.shopping_cart_order (
    id bigint NOT NULL,
    complete boolean,
    date_ordered timestamp with time zone NOT NULL,
    transaction_id character varying(100),
    customer_id bigint
);


ALTER TABLE public.shopping_cart_order OWNER TO pavshop_user;

--
-- Name: shopping_cart_order_id_seq; Type: SEQUENCE; Schema: public; Owner: pavshop_user
--

ALTER TABLE public.shopping_cart_order ALTER COLUMN id ADD GENERATED BY DEFAULT AS IDENTITY (
    SEQUENCE NAME public.shopping_cart_order_id_seq
    START WITH 1
    INCREMENT BY 1
    NO MINVALUE
    NO MAXVALUE
    CACHE 1
);


--
-- Name: shopping_cart_orderitem; Type: TABLE; Schema: public; Owner: pavshop_user
--

CREATE TABLE public.shopping_cart_orderitem (
    id bigint NOT NULL,
    quantity integer,
    date_added timestamp with time zone NOT NULL,
    order_id bigint,
    product_id bigint
);


ALTER TABLE public.shopping_cart_orderitem OWNER TO pavshop_user;

--
-- Name: shopping_cart_orderitem_id_seq; Type: SEQUENCE; Schema: public; Owner: pavshop_user
--

ALTER TABLE public.shopping_cart_orderitem ALTER COLUMN id ADD GENERATED BY DEFAULT AS IDENTITY (
    SEQUENCE NAME public.shopping_cart_orderitem_id_seq
    START WITH 1
    INCREMENT BY 1
    NO MINVALUE
    NO MAXVALUE
    CACHE 1
);


--
-- Name: shopping_cart_shipping_address; Type: TABLE; Schema: public; Owner: pavshop_user
--

CREATE TABLE public.shopping_cart_shipping_address (
    id bigint NOT NULL,
    created_at timestamp with time zone NOT NULL,
    updated_at timestamp with time zone NOT NULL,
    company character varying(255) NOT NULL,
    address text NOT NULL,
    country character varying(2) NOT NULL,
    city character varying(255) NOT NULL,
    phone character varying(128) NOT NULL,
    user_id bigint NOT NULL
);


ALTER TABLE public.shopping_cart_shipping_address OWNER TO pavshop_user;

--
-- Name: shopping_cart_shipping_address_id_seq; Type: SEQUENCE; Schema: public; Owner: pavshop_user
--

ALTER TABLE public.shopping_cart_shipping_address ALTER COLUMN id ADD GENERATED BY DEFAULT AS IDENTITY (
    SEQUENCE NAME public.shopping_cart_shipping_address_id_seq
    START WITH 1
    INCREMENT BY 1
    NO MINVALUE
    NO MAXVALUE
    CACHE 1
);


--
-- Name: social_auth_association; Type: TABLE; Schema: public; Owner: pavshop_user
--

CREATE TABLE public.social_auth_association (
    id bigint NOT NULL,
    server_url character varying(255) NOT NULL,
    handle character varying(255) NOT NULL,
    secret character varying(255) NOT NULL,
    issued integer NOT NULL,
    lifetime integer NOT NULL,
    assoc_type character varying(64) NOT NULL
);


ALTER TABLE public.social_auth_association OWNER TO pavshop_user;

--
-- Name: social_auth_association_id_seq; Type: SEQUENCE; Schema: public; Owner: pavshop_user
--

ALTER TABLE public.social_auth_association ALTER COLUMN id ADD GENERATED BY DEFAULT AS IDENTITY (
    SEQUENCE NAME public.social_auth_association_id_seq
    START WITH 1
    INCREMENT BY 1
    NO MINVALUE
    NO MAXVALUE
    CACHE 1
);


--
-- Name: social_auth_code; Type: TABLE; Schema: public; Owner: pavshop_user
--

CREATE TABLE public.social_auth_code (
    id bigint NOT NULL,
    email character varying(254) NOT NULL,
    code character varying(32) NOT NULL,
    verified boolean NOT NULL,
    "timestamp" timestamp with time zone NOT NULL
);


ALTER TABLE public.social_auth_code OWNER TO pavshop_user;

--
-- Name: social_auth_code_id_seq; Type: SEQUENCE; Schema: public; Owner: pavshop_user
--

ALTER TABLE public.social_auth_code ALTER COLUMN id ADD GENERATED BY DEFAULT AS IDENTITY (
    SEQUENCE NAME public.social_auth_code_id_seq
    START WITH 1
    INCREMENT BY 1
    NO MINVALUE
    NO MAXVALUE
    CACHE 1
);


--
-- Name: social_auth_nonce; Type: TABLE; Schema: public; Owner: pavshop_user
--

CREATE TABLE public.social_auth_nonce (
    id bigint NOT NULL,
    server_url character varying(255) NOT NULL,
    "timestamp" integer NOT NULL,
    salt character varying(65) NOT NULL
);


ALTER TABLE public.social_auth_nonce OWNER TO pavshop_user;

--
-- Name: social_auth_nonce_id_seq; Type: SEQUENCE; Schema: public; Owner: pavshop_user
--

ALTER TABLE public.social_auth_nonce ALTER COLUMN id ADD GENERATED BY DEFAULT AS IDENTITY (
    SEQUENCE NAME public.social_auth_nonce_id_seq
    START WITH 1
    INCREMENT BY 1
    NO MINVALUE
    NO MAXVALUE
    CACHE 1
);


--
-- Name: social_auth_partial; Type: TABLE; Schema: public; Owner: pavshop_user
--

CREATE TABLE public.social_auth_partial (
    id bigint NOT NULL,
    token character varying(32) NOT NULL,
    next_step smallint NOT NULL,
    backend character varying(32) NOT NULL,
    data text NOT NULL,
    "timestamp" timestamp with time zone NOT NULL,
    CONSTRAINT social_auth_partial_next_step_check CHECK ((next_step >= 0))
);


ALTER TABLE public.social_auth_partial OWNER TO pavshop_user;

--
-- Name: social_auth_partial_id_seq; Type: SEQUENCE; Schema: public; Owner: pavshop_user
--

ALTER TABLE public.social_auth_partial ALTER COLUMN id ADD GENERATED BY DEFAULT AS IDENTITY (
    SEQUENCE NAME public.social_auth_partial_id_seq
    START WITH 1
    INCREMENT BY 1
    NO MINVALUE
    NO MAXVALUE
    CACHE 1
);


--
-- Name: social_auth_usersocialauth; Type: TABLE; Schema: public; Owner: pavshop_user
--

CREATE TABLE public.social_auth_usersocialauth (
    id bigint NOT NULL,
    provider character varying(32) NOT NULL,
    uid character varying(255) NOT NULL,
    extra_data text NOT NULL,
    user_id bigint NOT NULL,
    created timestamp with time zone NOT NULL,
    modified timestamp with time zone NOT NULL
);


ALTER TABLE public.social_auth_usersocialauth OWNER TO pavshop_user;

--
-- Name: social_auth_usersocialauth_id_seq; Type: SEQUENCE; Schema: public; Owner: pavshop_user
--

ALTER TABLE public.social_auth_usersocialauth ALTER COLUMN id ADD GENERATED BY DEFAULT AS IDENTITY (
    SEQUENCE NAME public.social_auth_usersocialauth_id_seq
    START WITH 1
    INCREMENT BY 1
    NO MINVALUE
    NO MAXVALUE
    CACHE 1
);


--
-- Data for Name: auth_group; Type: TABLE DATA; Schema: public; Owner: pavshop_user
--

COPY public.auth_group (id, name) FROM stdin;
\.


--
-- Data for Name: auth_group_permissions; Type: TABLE DATA; Schema: public; Owner: pavshop_user
--

COPY public.auth_group_permissions (id, group_id, permission_id) FROM stdin;
\.


--
-- Data for Name: auth_permission; Type: TABLE DATA; Schema: public; Owner: pavshop_user
--

COPY public.auth_permission (id, name, content_type_id, codename) FROM stdin;
1	Can add log entry	1	add_logentry
2	Can change log entry	1	change_logentry
3	Can delete log entry	1	delete_logentry
4	Can view log entry	1	view_logentry
5	Can add permission	2	add_permission
6	Can change permission	2	change_permission
7	Can delete permission	2	delete_permission
8	Can view permission	2	view_permission
9	Can add group	3	add_group
10	Can change group	3	change_group
11	Can delete group	3	delete_group
12	Can view group	3	view_group
13	Can add content type	4	add_contenttype
14	Can change content type	4	change_contenttype
15	Can delete content type	4	delete_contenttype
16	Can view content type	4	view_contenttype
17	Can add session	5	add_session
18	Can change session	5	change_session
19	Can delete session	5	delete_session
20	Can view session	5	view_session
21	Can add user	6	add_user
22	Can change user	6	change_user
23	Can delete user	6	delete_user
24	Can view user	6	view_user
25	Can add category	7	add_category
26	Can change category	7	change_category
27	Can delete category	7	delete_category
28	Can view category	7	view_category
29	Can add story	8	add_story
30	Can change story	8	change_story
31	Can delete story	8	delete_story
32	Can view story	8	view_story
33	Can add tag	9	add_tag
34	Can change tag	9	change_tag
35	Can delete tag	9	delete_tag
36	Can view tag	9	view_tag
37	Can add comment	10	add_comment
38	Can change comment	10	change_comment
39	Can delete comment	10	delete_comment
40	Can view comment	10	view_comment
41	Can add brand	11	add_brand
42	Can change brand	11	change_brand
43	Can delete brand	11	delete_brand
44	Can view brand	11	view_brand
45	Can add category	12	add_category
46	Can change category	12	change_category
47	Can delete category	12	delete_category
48	Can view category	12	view_category
49	Can add product	13	add_product
50	Can change product	13	change_product
51	Can delete product	13	delete_product
52	Can view product	13	view_product
53	Can add Property	14	add_property
54	Can change Property	14	change_property
55	Can delete Property	14	delete_property
56	Can view Property	14	view_property
57	Can add rating	15	add_rating
58	Can change rating	15	change_rating
59	Can delete rating	15	delete_rating
60	Can view rating	15	view_rating
61	Can add tag	16	add_tag
62	Can change tag	16	change_tag
63	Can delete tag	16	delete_tag
64	Can view tag	16	view_tag
65	Can add review	17	add_review
66	Can change review	17	change_review
67	Can delete review	17	delete_review
68	Can view review	17	view_review
69	Can add Property Value	18	add_propertyvalue
70	Can change Property Value	18	change_propertyvalue
71	Can delete Property Value	18	delete_propertyvalue
72	Can view Property Value	18	view_propertyvalue
73	Can add product images	19	add_productimages
74	Can change product images	19	change_productimages
75	Can delete product images	19	delete_productimages
76	Can view product images	19	view_productimages
77	Can add discount	20	add_discount
78	Can change discount	20	change_discount
79	Can delete discount	20	delete_discount
80	Can view discount	20	view_discount
81	Can add shipping_address	21	add_shipping_address
82	Can change shipping_address	21	change_shipping_address
83	Can delete shipping_address	21	delete_shipping_address
84	Can view shipping_address	21	view_shipping_address
85	Can add order	22	add_order
86	Can change order	22	change_order
87	Can delete order	22	delete_order
88	Can view order	22	view_order
89	Can add billing_address	23	add_billing_address
90	Can change billing_address	23	change_billing_address
91	Can delete billing_address	23	delete_billing_address
92	Can view billing_address	23	view_billing_address
93	Can add customer	24	add_customer
94	Can change customer	24	change_customer
95	Can delete customer	24	delete_customer
96	Can view customer	24	view_customer
97	Can add order item	25	add_orderitem
98	Can change order item	25	change_orderitem
99	Can delete order item	25	delete_orderitem
100	Can view order item	25	view_orderitem
101	Can add contact	26	add_contact
102	Can change contact	26	change_contact
103	Can delete contact	26	delete_contact
104	Can view contact	26	view_contact
105	Can add newsletter	27	add_newsletter
106	Can change newsletter	27	change_newsletter
107	Can delete newsletter	27	delete_newsletter
108	Can view newsletter	27	view_newsletter
109	Can add blocked ips	28	add_blockedips
110	Can change blocked ips	28	change_blockedips
111	Can delete blocked ips	28	delete_blockedips
112	Can view blocked ips	28	view_blockedips
113	Can add sponsor	29	add_sponsor
114	Can change sponsor	29	change_sponsor
115	Can delete sponsor	29	delete_sponsor
116	Can view sponsor	29	view_sponsor
117	Can add team	30	add_team
118	Can change team	30	change_team
119	Can delete team	30	delete_team
120	Can view team	30	view_team
121	Can add exchange backend	31	add_exchangebackend
122	Can change exchange backend	31	change_exchangebackend
123	Can delete exchange backend	31	delete_exchangebackend
124	Can view exchange backend	31	view_exchangebackend
125	Can add rate	32	add_rate
126	Can change rate	32	change_rate
127	Can delete rate	32	delete_rate
128	Can view rate	32	view_rate
129	Can add association	33	add_association
130	Can change association	33	change_association
131	Can delete association	33	delete_association
132	Can view association	33	view_association
133	Can add code	34	add_code
134	Can change code	34	change_code
135	Can delete code	34	delete_code
136	Can view code	34	view_code
137	Can add nonce	35	add_nonce
138	Can change nonce	35	change_nonce
139	Can delete nonce	35	delete_nonce
140	Can view nonce	35	view_nonce
141	Can add user social auth	36	add_usersocialauth
142	Can change user social auth	36	change_usersocialauth
143	Can delete user social auth	36	delete_usersocialauth
144	Can view user social auth	36	view_usersocialauth
145	Can add partial	37	add_partial
146	Can change partial	37	change_partial
147	Can delete partial	37	delete_partial
148	Can view partial	37	view_partial
149	Can add crontab	38	add_crontabschedule
150	Can change crontab	38	change_crontabschedule
151	Can delete crontab	38	delete_crontabschedule
152	Can view crontab	38	view_crontabschedule
153	Can add interval	39	add_intervalschedule
154	Can change interval	39	change_intervalschedule
155	Can delete interval	39	delete_intervalschedule
156	Can view interval	39	view_intervalschedule
157	Can add periodic task	40	add_periodictask
158	Can change periodic task	40	change_periodictask
159	Can delete periodic task	40	delete_periodictask
160	Can view periodic task	40	view_periodictask
161	Can add periodic tasks	41	add_periodictasks
162	Can change periodic tasks	41	change_periodictasks
163	Can delete periodic tasks	41	delete_periodictasks
164	Can view periodic tasks	41	view_periodictasks
165	Can add solar event	42	add_solarschedule
166	Can change solar event	42	change_solarschedule
167	Can delete solar event	42	delete_solarschedule
168	Can view solar event	42	view_solarschedule
169	Can add clocked	43	add_clockedschedule
170	Can change clocked	43	change_clockedschedule
171	Can delete clocked	43	delete_clockedschedule
172	Can view clocked	43	view_clockedschedule
\.


--
-- Data for Name: authentication_user; Type: TABLE DATA; Schema: public; Owner: pavshop_user
--

COPY public.authentication_user (id, password, last_login, is_superuser, username, first_name, last_name, email, is_staff, is_active, date_joined, bio, image, major, gender, ips) FROM stdin;
\.


--
-- Data for Name: authentication_user_groups; Type: TABLE DATA; Schema: public; Owner: pavshop_user
--

COPY public.authentication_user_groups (id, user_id, group_id) FROM stdin;
\.


--
-- Data for Name: authentication_user_user_permissions; Type: TABLE DATA; Schema: public; Owner: pavshop_user
--

COPY public.authentication_user_user_permissions (id, user_id, permission_id) FROM stdin;
\.


--
-- Data for Name: base_blockedips; Type: TABLE DATA; Schema: public; Owner: pavshop_user
--

COPY public.base_blockedips (id, ip_address) FROM stdin;
\.


--
-- Data for Name: base_contact; Type: TABLE DATA; Schema: public; Owner: pavshop_user
--

COPY public.base_contact (id, created_at, updated_at, full_name, email, phone, subject, message) FROM stdin;
\.


--
-- Data for Name: base_newsletter; Type: TABLE DATA; Schema: public; Owner: pavshop_user
--

COPY public.base_newsletter (id, created_at, updated_at, email, is_active) FROM stdin;
\.


--
-- Data for Name: base_sponsor; Type: TABLE DATA; Schema: public; Owner: pavshop_user
--

COPY public.base_sponsor (id, created_at, updated_at, image) FROM stdin;
\.


--
-- Data for Name: base_team; Type: TABLE DATA; Schema: public; Owner: pavshop_user
--

COPY public.base_team (id, created_at, updated_at, image, full_name, major) FROM stdin;
\.


--
-- Data for Name: blogs_category; Type: TABLE DATA; Schema: public; Owner: pavshop_user
--

COPY public.blogs_category (id, created_at, updated_at, name, slug, name_az, name_en, name_ru) FROM stdin;
\.


--
-- Data for Name: blogs_comment; Type: TABLE DATA; Schema: public; Owner: pavshop_user
--

COPY public.blogs_comment (id, created_at, updated_at, message, active, author_id, parent_id, story_id) FROM stdin;
\.


--
-- Data for Name: blogs_story; Type: TABLE DATA; Schema: public; Owner: pavshop_user
--

COPY public.blogs_story (id, created_at, updated_at, title, description, image, is_archive, slug, content, author_id, category_id, description_az, description_en, description_ru, title_az, title_en, title_ru) FROM stdin;
\.


--
-- Data for Name: blogs_story_tag; Type: TABLE DATA; Schema: public; Owner: pavshop_user
--

COPY public.blogs_story_tag (id, story_id, tag_id) FROM stdin;
\.


--
-- Data for Name: blogs_tag; Type: TABLE DATA; Schema: public; Owner: pavshop_user
--

COPY public.blogs_tag (id, created_at, updated_at, name, slug, name_az, name_en, name_ru) FROM stdin;
\.


--
-- Data for Name: django_admin_log; Type: TABLE DATA; Schema: public; Owner: pavshop_user
--

COPY public.django_admin_log (id, action_time, object_id, object_repr, action_flag, change_message, content_type_id, user_id) FROM stdin;
\.


--
-- Data for Name: django_celery_beat_clockedschedule; Type: TABLE DATA; Schema: public; Owner: pavshop_user
--

COPY public.django_celery_beat_clockedschedule (id, clocked_time) FROM stdin;
\.


--
-- Data for Name: django_celery_beat_crontabschedule; Type: TABLE DATA; Schema: public; Owner: pavshop_user
--

COPY public.django_celery_beat_crontabschedule (id, minute, hour, day_of_week, day_of_month, month_of_year, timezone) FROM stdin;
\.


--
-- Data for Name: django_celery_beat_intervalschedule; Type: TABLE DATA; Schema: public; Owner: pavshop_user
--

COPY public.django_celery_beat_intervalschedule (id, every, period) FROM stdin;
\.


--
-- Data for Name: django_celery_beat_periodictask; Type: TABLE DATA; Schema: public; Owner: pavshop_user
--

COPY public.django_celery_beat_periodictask (id, name, task, args, kwargs, queue, exchange, routing_key, expires, enabled, last_run_at, total_run_count, date_changed, description, crontab_id, interval_id, solar_id, one_off, start_time, priority, headers, clocked_id, expire_seconds) FROM stdin;
\.


--
-- Data for Name: django_celery_beat_periodictasks; Type: TABLE DATA; Schema: public; Owner: pavshop_user
--

COPY public.django_celery_beat_periodictasks (ident, last_update) FROM stdin;
\.


--
-- Data for Name: django_celery_beat_solarschedule; Type: TABLE DATA; Schema: public; Owner: pavshop_user
--

COPY public.django_celery_beat_solarschedule (id, event, latitude, longitude) FROM stdin;
\.


--
-- Data for Name: django_content_type; Type: TABLE DATA; Schema: public; Owner: pavshop_user
--

COPY public.django_content_type (id, app_label, model) FROM stdin;
1	admin	logentry
2	auth	permission
3	auth	group
4	contenttypes	contenttype
5	sessions	session
6	authentication	user
7	blogs	category
8	blogs	story
9	blogs	tag
10	blogs	comment
11	products	brand
12	products	category
13	products	product
14	products	property
15	products	rating
16	products	tag
17	products	review
18	products	propertyvalue
19	products	productimages
20	products	discount
21	shopping_cart	shipping_address
22	shopping_cart	order
23	shopping_cart	billing_address
24	shopping_cart	customer
25	shopping_cart	orderitem
26	base	contact
27	base	newsletter
28	base	blockedips
29	base	sponsor
30	base	team
31	exchange	exchangebackend
32	exchange	rate
33	social_django	association
34	social_django	code
35	social_django	nonce
36	social_django	usersocialauth
37	social_django	partial
38	django_celery_beat	crontabschedule
39	django_celery_beat	intervalschedule
40	django_celery_beat	periodictask
41	django_celery_beat	periodictasks
42	django_celery_beat	solarschedule
43	django_celery_beat	clockedschedule
\.


--
-- Data for Name: django_migrations; Type: TABLE DATA; Schema: public; Owner: pavshop_user
--

COPY public.django_migrations (id, app, name, applied) FROM stdin;
1	contenttypes	0001_initial	2023-07-26 19:27:42.343767+00
2	contenttypes	0002_remove_content_type_name	2023-07-26 19:27:42.359827+00
3	auth	0001_initial	2023-07-26 19:27:42.458561+00
4	auth	0002_alter_permission_name_max_length	2023-07-26 19:27:42.477061+00
5	auth	0003_alter_user_email_max_length	2023-07-26 19:27:42.49321+00
6	auth	0004_alter_user_username_opts	2023-07-26 19:27:42.510553+00
7	auth	0005_alter_user_last_login_null	2023-07-26 19:27:42.531479+00
8	auth	0006_require_contenttypes_0002	2023-07-26 19:27:42.539997+00
9	auth	0007_alter_validators_add_error_messages	2023-07-26 19:27:42.551872+00
10	auth	0008_alter_user_username_max_length	2023-07-26 19:27:42.574658+00
11	auth	0009_alter_user_last_name_max_length	2023-07-26 19:27:42.5917+00
12	auth	0010_alter_group_name_max_length	2023-07-26 19:27:42.616217+00
13	auth	0011_update_proxy_permissions	2023-07-26 19:27:42.633283+00
14	auth	0012_alter_user_first_name_max_length	2023-07-26 19:27:42.651298+00
15	authentication	0001_initial	2023-07-26 19:27:42.766079+00
16	admin	0001_initial	2023-07-26 19:27:42.828688+00
17	admin	0002_logentry_remove_auto_add	2023-07-26 19:27:42.85629+00
18	admin	0003_logentry_add_action_flag_choices	2023-07-26 19:27:42.888506+00
19	authentication	0002_user_ips	2023-07-26 19:27:42.920855+00
20	base	0001_initial	2023-07-26 19:27:42.950344+00
21	base	0002_blockedips	2023-07-26 19:27:42.969507+00
22	base	0003_sponsor_team	2023-07-26 19:27:42.99862+00
23	base	0004_alter_newsletter_email	2023-07-26 19:27:43.024024+00
24	blogs	0001_initial	2023-07-26 19:27:43.211547+00
25	blogs	0002_remove_comment_email_remove_comment_name_and_more	2023-07-26 19:27:43.308074+00
26	blogs	0003_alter_category_slug_alter_story_slug_alter_tag_slug	2023-07-26 19:27:43.440232+00
27	blogs	0004_story_description_az_story_description_en_and_more	2023-07-26 19:27:43.530442+00
28	blogs	0005_category_name_az_category_name_en_category_name_ru_and_more	2023-07-26 19:27:43.617428+00
29	blogs	0006_remove_tag_stories_story_tag	2023-07-26 19:27:43.674109+00
30	django_celery_beat	0001_initial	2023-07-26 19:27:43.741688+00
31	django_celery_beat	0002_auto_20161118_0346	2023-07-26 19:27:43.77338+00
32	django_celery_beat	0003_auto_20161209_0049	2023-07-26 19:27:43.788568+00
33	django_celery_beat	0004_auto_20170221_0000	2023-07-26 19:27:43.79926+00
34	django_celery_beat	0005_add_solarschedule_events_choices	2023-07-26 19:27:43.807265+00
35	django_celery_beat	0006_auto_20180322_0932	2023-07-26 19:27:43.849706+00
36	django_celery_beat	0007_auto_20180521_0826	2023-07-26 19:27:43.956391+00
37	django_celery_beat	0008_auto_20180914_1922	2023-07-26 19:27:44.026343+00
38	django_celery_beat	0006_auto_20180210_1226	2023-07-26 19:27:44.051269+00
39	django_celery_beat	0006_periodictask_priority	2023-07-26 19:27:44.068355+00
40	django_celery_beat	0009_periodictask_headers	2023-07-26 19:27:44.084404+00
41	django_celery_beat	0010_auto_20190429_0326	2023-07-26 19:27:44.248511+00
42	django_celery_beat	0011_auto_20190508_0153	2023-07-26 19:27:44.29883+00
43	django_celery_beat	0012_periodictask_expire_seconds	2023-07-26 19:27:44.314842+00
44	django_celery_beat	0013_auto_20200609_0727	2023-07-26 19:27:44.325498+00
45	django_celery_beat	0014_remove_clockedschedule_enabled	2023-07-26 19:27:44.342915+00
46	django_celery_beat	0015_edit_solarschedule_events_choices	2023-07-26 19:27:44.360645+00
47	django_celery_beat	0016_alter_crontabschedule_timezone	2023-07-26 19:27:44.377247+00
48	django_celery_beat	0017_alter_crontabschedule_month_of_year	2023-07-26 19:27:44.399178+00
49	django_celery_beat	0018_improve_crontab_helptext	2023-07-26 19:27:44.419699+00
50	exchange	0001_initial	2023-07-26 19:27:44.495185+00
51	exchange	0002_alter_rate_id	2023-07-26 19:27:44.530956+00
52	products	0001_initial	2023-07-26 19:27:44.928142+00
53	products	0002_remove_review_email_remove_review_name	2023-07-26 19:27:44.973748+00
54	products	0003_alter_brand_slug_alter_category_slug_and_more	2023-07-26 19:27:45.079357+00
55	products	0004_category_name_az_category_name_en_category_name_ru_and_more	2023-07-26 19:27:45.236879+00
56	products	0005_remove_discount_product_product_discount	2023-07-26 19:27:45.341591+00
57	products	0006_alter_product_money	2023-07-26 19:27:45.420514+00
58	products	0007_alter_product_money	2023-07-26 19:27:45.524417+00
59	products	0008_alter_discount_value_alter_product_money	2023-07-26 19:27:45.591736+00
60	products	0009_discount_value_currency_alter_discount_value	2023-07-26 19:27:45.650887+00
61	products	0010_remove_discount_value_currency_and_more	2023-07-26 19:27:45.765315+00
62	products	0011_alter_product_quantity	2023-07-26 19:27:45.829588+00
63	products	0012_remove_tag_products_product_tag	2023-07-26 19:27:45.914092+00
64	products	0013_alter_product_money	2023-07-26 19:27:45.954234+00
65	sessions	0001_initial	2023-07-26 19:27:45.992931+00
66	shopping_cart	0001_initial	2023-07-26 19:27:46.40913+00
67	shopping_cart	0002_orderitem_remove_basket_item_member_and_more	2023-07-26 19:27:46.883327+00
68	shopping_cart	0003_alter_orderitem_order	2023-07-26 19:27:46.955366+00
69	shopping_cart	0004_remove_order_complete_order_status	2023-07-26 19:27:47.031865+00
70	shopping_cart	0005_basket_basketitem_delete_coupon_and_more	2023-07-26 19:27:47.495234+00
71	shopping_cart	0006_customer_orderitem_remove_basketitem_product_and_more	2023-07-26 19:27:47.996846+00
72	shopping_cart	0007_alter_orderitem_order	2023-07-26 19:27:48.099983+00
73	shopping_cart	0008_alter_orderitem_order	2023-07-26 19:27:48.171478+00
74	default	0001_initial	2023-07-26 19:27:48.363068+00
75	social_auth	0001_initial	2023-07-26 19:27:48.363068+00
76	default	0002_add_related_name	2023-07-26 19:27:48.442908+00
77	social_auth	0002_add_related_name	2023-07-26 19:27:48.450816+00
78	default	0003_alter_email_max_length	2023-07-26 19:27:48.480118+00
79	social_auth	0003_alter_email_max_length	2023-07-26 19:27:48.483296+00
80	default	0004_auto_20160423_0400	2023-07-26 19:27:48.527809+00
81	social_auth	0004_auto_20160423_0400	2023-07-26 19:27:48.535934+00
82	social_auth	0005_auto_20160727_2333	2023-07-26 19:27:48.551859+00
83	social_django	0006_partial	2023-07-26 19:27:48.594675+00
84	social_django	0007_code_timestamp	2023-07-26 19:27:48.618708+00
85	social_django	0008_partial_timestamp	2023-07-26 19:27:48.653011+00
86	social_django	0009_auto_20191118_0520	2023-07-26 19:27:48.767065+00
87	social_django	0010_uid_db_index	2023-07-26 19:27:48.835554+00
88	social_django	0011_alter_id_fields	2023-07-26 19:27:49.040293+00
89	social_django	0005_auto_20160727_2333	2023-07-26 19:27:49.053735+00
90	social_django	0004_auto_20160423_0400	2023-07-26 19:27:49.056474+00
91	social_django	0003_alter_email_max_length	2023-07-26 19:27:49.056474+00
92	social_django	0001_initial	2023-07-26 19:27:49.064176+00
93	social_django	0002_add_related_name	2023-07-26 19:27:49.067635+00
\.


--
-- Data for Name: django_session; Type: TABLE DATA; Schema: public; Owner: pavshop_user
--

COPY public.django_session (session_key, session_data, expire_date) FROM stdin;
\.


--
-- Data for Name: exchange_exchangebackend; Type: TABLE DATA; Schema: public; Owner: pavshop_user
--

COPY public.exchange_exchangebackend (name, last_update, base_currency) FROM stdin;
\.


--
-- Data for Name: exchange_rate; Type: TABLE DATA; Schema: public; Owner: pavshop_user
--

COPY public.exchange_rate (id, currency, value, backend_id) FROM stdin;
\.


--
-- Data for Name: products_brand; Type: TABLE DATA; Schema: public; Owner: pavshop_user
--

COPY public.products_brand (id, name, slug) FROM stdin;
\.


--
-- Data for Name: products_category; Type: TABLE DATA; Schema: public; Owner: pavshop_user
--

COPY public.products_category (id, name, slug, name_az, name_en, name_ru) FROM stdin;
\.


--
-- Data for Name: products_discount; Type: TABLE DATA; Schema: public; Owner: pavshop_user
--

COPY public.products_discount (id, created_at, updated_at, name, value, is_percent, is_active) FROM stdin;
\.


--
-- Data for Name: products_product; Type: TABLE DATA; Schema: public; Owner: pavshop_user
--

COPY public.products_product (id, created_at, updated_at, title, small_description, large_description, image, in_stock, quantity, slug, money, brand_id, category_id, small_description_az, small_description_en, small_description_ru, title_az, title_en, title_ru) FROM stdin;
\.


--
-- Data for Name: products_product_discount; Type: TABLE DATA; Schema: public; Owner: pavshop_user
--

COPY public.products_product_discount (id, product_id, discount_id) FROM stdin;
\.


--
-- Data for Name: products_product_property_values; Type: TABLE DATA; Schema: public; Owner: pavshop_user
--

COPY public.products_product_property_values (id, product_id, propertyvalue_id) FROM stdin;
\.


--
-- Data for Name: products_product_tag; Type: TABLE DATA; Schema: public; Owner: pavshop_user
--

COPY public.products_product_tag (id, product_id, tag_id) FROM stdin;
\.


--
-- Data for Name: products_productimages; Type: TABLE DATA; Schema: public; Owner: pavshop_user
--

COPY public.products_productimages (id, image, product_id) FROM stdin;
\.


--
-- Data for Name: products_property; Type: TABLE DATA; Schema: public; Owner: pavshop_user
--

COPY public.products_property (id, name) FROM stdin;
\.


--
-- Data for Name: products_propertyvalue; Type: TABLE DATA; Schema: public; Owner: pavshop_user
--

COPY public.products_propertyvalue (id, name, property_id) FROM stdin;
\.


--
-- Data for Name: products_rating; Type: TABLE DATA; Schema: public; Owner: pavshop_user
--

COPY public.products_rating (id, rate) FROM stdin;
\.


--
-- Data for Name: products_review; Type: TABLE DATA; Schema: public; Owner: pavshop_user
--

COPY public.products_review (id, created_at, updated_at, review, rating, is_active, author_id, product_id) FROM stdin;
\.


--
-- Data for Name: products_tag; Type: TABLE DATA; Schema: public; Owner: pavshop_user
--

COPY public.products_tag (id, name, slug, name_az, name_en, name_ru) FROM stdin;
\.


--
-- Data for Name: shopping_cart_billing_address; Type: TABLE DATA; Schema: public; Owner: pavshop_user
--

COPY public.shopping_cart_billing_address (id, created_at, updated_at, company, address, country, city, phone, shipping_address_id, user_id) FROM stdin;
\.


--
-- Data for Name: shopping_cart_customer; Type: TABLE DATA; Schema: public; Owner: pavshop_user
--

COPY public.shopping_cart_customer (id, name, email, user_id) FROM stdin;
\.


--
-- Data for Name: shopping_cart_order; Type: TABLE DATA; Schema: public; Owner: pavshop_user
--

COPY public.shopping_cart_order (id, complete, date_ordered, transaction_id, customer_id) FROM stdin;
\.


--
-- Data for Name: shopping_cart_orderitem; Type: TABLE DATA; Schema: public; Owner: pavshop_user
--

COPY public.shopping_cart_orderitem (id, quantity, date_added, order_id, product_id) FROM stdin;
\.


--
-- Data for Name: shopping_cart_shipping_address; Type: TABLE DATA; Schema: public; Owner: pavshop_user
--

COPY public.shopping_cart_shipping_address (id, created_at, updated_at, company, address, country, city, phone, user_id) FROM stdin;
\.


--
-- Data for Name: social_auth_association; Type: TABLE DATA; Schema: public; Owner: pavshop_user
--

COPY public.social_auth_association (id, server_url, handle, secret, issued, lifetime, assoc_type) FROM stdin;
\.


--
-- Data for Name: social_auth_code; Type: TABLE DATA; Schema: public; Owner: pavshop_user
--

COPY public.social_auth_code (id, email, code, verified, "timestamp") FROM stdin;
\.


--
-- Data for Name: social_auth_nonce; Type: TABLE DATA; Schema: public; Owner: pavshop_user
--

COPY public.social_auth_nonce (id, server_url, "timestamp", salt) FROM stdin;
\.


--
-- Data for Name: social_auth_partial; Type: TABLE DATA; Schema: public; Owner: pavshop_user
--

COPY public.social_auth_partial (id, token, next_step, backend, data, "timestamp") FROM stdin;
\.


--
-- Data for Name: social_auth_usersocialauth; Type: TABLE DATA; Schema: public; Owner: pavshop_user
--

COPY public.social_auth_usersocialauth (id, provider, uid, extra_data, user_id, created, modified) FROM stdin;
\.


--
-- Name: auth_group_id_seq; Type: SEQUENCE SET; Schema: public; Owner: pavshop_user
--

SELECT pg_catalog.setval('public.auth_group_id_seq', 1, false);


--
-- Name: auth_group_permissions_id_seq; Type: SEQUENCE SET; Schema: public; Owner: pavshop_user
--

SELECT pg_catalog.setval('public.auth_group_permissions_id_seq', 1, false);


--
-- Name: auth_permission_id_seq; Type: SEQUENCE SET; Schema: public; Owner: pavshop_user
--

SELECT pg_catalog.setval('public.auth_permission_id_seq', 172, true);


--
-- Name: authentication_user_groups_id_seq; Type: SEQUENCE SET; Schema: public; Owner: pavshop_user
--

SELECT pg_catalog.setval('public.authentication_user_groups_id_seq', 1, false);


--
-- Name: authentication_user_id_seq; Type: SEQUENCE SET; Schema: public; Owner: pavshop_user
--

SELECT pg_catalog.setval('public.authentication_user_id_seq', 1, false);


--
-- Name: authentication_user_user_permissions_id_seq; Type: SEQUENCE SET; Schema: public; Owner: pavshop_user
--

SELECT pg_catalog.setval('public.authentication_user_user_permissions_id_seq', 1, false);


--
-- Name: base_blockedips_id_seq; Type: SEQUENCE SET; Schema: public; Owner: pavshop_user
--

SELECT pg_catalog.setval('public.base_blockedips_id_seq', 1, false);


--
-- Name: base_contact_id_seq; Type: SEQUENCE SET; Schema: public; Owner: pavshop_user
--

SELECT pg_catalog.setval('public.base_contact_id_seq', 1, false);


--
-- Name: base_newsletter_id_seq; Type: SEQUENCE SET; Schema: public; Owner: pavshop_user
--

SELECT pg_catalog.setval('public.base_newsletter_id_seq', 1, false);


--
-- Name: base_sponsor_id_seq; Type: SEQUENCE SET; Schema: public; Owner: pavshop_user
--

SELECT pg_catalog.setval('public.base_sponsor_id_seq', 1, false);


--
-- Name: base_team_id_seq; Type: SEQUENCE SET; Schema: public; Owner: pavshop_user
--

SELECT pg_catalog.setval('public.base_team_id_seq', 1, false);


--
-- Name: blogs_category_id_seq; Type: SEQUENCE SET; Schema: public; Owner: pavshop_user
--

SELECT pg_catalog.setval('public.blogs_category_id_seq', 1, false);


--
-- Name: blogs_comment_id_seq; Type: SEQUENCE SET; Schema: public; Owner: pavshop_user
--

SELECT pg_catalog.setval('public.blogs_comment_id_seq', 1, false);


--
-- Name: blogs_story_id_seq; Type: SEQUENCE SET; Schema: public; Owner: pavshop_user
--

SELECT pg_catalog.setval('public.blogs_story_id_seq', 1, false);


--
-- Name: blogs_story_tag_id_seq; Type: SEQUENCE SET; Schema: public; Owner: pavshop_user
--

SELECT pg_catalog.setval('public.blogs_story_tag_id_seq', 1, false);


--
-- Name: blogs_tag_id_seq; Type: SEQUENCE SET; Schema: public; Owner: pavshop_user
--

SELECT pg_catalog.setval('public.blogs_tag_id_seq', 1, false);


--
-- Name: django_admin_log_id_seq; Type: SEQUENCE SET; Schema: public; Owner: pavshop_user
--

SELECT pg_catalog.setval('public.django_admin_log_id_seq', 1, false);


--
-- Name: django_celery_beat_clockedschedule_id_seq; Type: SEQUENCE SET; Schema: public; Owner: pavshop_user
--

SELECT pg_catalog.setval('public.django_celery_beat_clockedschedule_id_seq', 1, false);


--
-- Name: django_celery_beat_crontabschedule_id_seq; Type: SEQUENCE SET; Schema: public; Owner: pavshop_user
--

SELECT pg_catalog.setval('public.django_celery_beat_crontabschedule_id_seq', 1, false);


--
-- Name: django_celery_beat_intervalschedule_id_seq; Type: SEQUENCE SET; Schema: public; Owner: pavshop_user
--

SELECT pg_catalog.setval('public.django_celery_beat_intervalschedule_id_seq', 1, false);


--
-- Name: django_celery_beat_periodictask_id_seq; Type: SEQUENCE SET; Schema: public; Owner: pavshop_user
--

SELECT pg_catalog.setval('public.django_celery_beat_periodictask_id_seq', 1, false);


--
-- Name: django_celery_beat_solarschedule_id_seq; Type: SEQUENCE SET; Schema: public; Owner: pavshop_user
--

SELECT pg_catalog.setval('public.django_celery_beat_solarschedule_id_seq', 1, false);


--
-- Name: django_content_type_id_seq; Type: SEQUENCE SET; Schema: public; Owner: pavshop_user
--

SELECT pg_catalog.setval('public.django_content_type_id_seq', 43, true);


--
-- Name: django_migrations_id_seq; Type: SEQUENCE SET; Schema: public; Owner: pavshop_user
--

SELECT pg_catalog.setval('public.django_migrations_id_seq', 93, true);


--
-- Name: exchange_rate_id_seq; Type: SEQUENCE SET; Schema: public; Owner: pavshop_user
--

SELECT pg_catalog.setval('public.exchange_rate_id_seq', 1, false);


--
-- Name: products_brand_id_seq; Type: SEQUENCE SET; Schema: public; Owner: pavshop_user
--

SELECT pg_catalog.setval('public.products_brand_id_seq', 1, false);


--
-- Name: products_category_id_seq; Type: SEQUENCE SET; Schema: public; Owner: pavshop_user
--

SELECT pg_catalog.setval('public.products_category_id_seq', 1, false);


--
-- Name: products_discount_id_seq; Type: SEQUENCE SET; Schema: public; Owner: pavshop_user
--

SELECT pg_catalog.setval('public.products_discount_id_seq', 1, false);


--
-- Name: products_product_discount_id_seq; Type: SEQUENCE SET; Schema: public; Owner: pavshop_user
--

SELECT pg_catalog.setval('public.products_product_discount_id_seq', 1, false);


--
-- Name: products_product_id_seq; Type: SEQUENCE SET; Schema: public; Owner: pavshop_user
--

SELECT pg_catalog.setval('public.products_product_id_seq', 1, false);


--
-- Name: products_product_property_values_id_seq; Type: SEQUENCE SET; Schema: public; Owner: pavshop_user
--

SELECT pg_catalog.setval('public.products_product_property_values_id_seq', 1, false);


--
-- Name: products_product_tag_id_seq; Type: SEQUENCE SET; Schema: public; Owner: pavshop_user
--

SELECT pg_catalog.setval('public.products_product_tag_id_seq', 1, false);


--
-- Name: products_productimages_id_seq; Type: SEQUENCE SET; Schema: public; Owner: pavshop_user
--

SELECT pg_catalog.setval('public.products_productimages_id_seq', 1, false);


--
-- Name: products_property_id_seq; Type: SEQUENCE SET; Schema: public; Owner: pavshop_user
--

SELECT pg_catalog.setval('public.products_property_id_seq', 1, false);


--
-- Name: products_propertyvalue_id_seq; Type: SEQUENCE SET; Schema: public; Owner: pavshop_user
--

SELECT pg_catalog.setval('public.products_propertyvalue_id_seq', 1, false);


--
-- Name: products_rating_id_seq; Type: SEQUENCE SET; Schema: public; Owner: pavshop_user
--

SELECT pg_catalog.setval('public.products_rating_id_seq', 1, false);


--
-- Name: products_review_id_seq; Type: SEQUENCE SET; Schema: public; Owner: pavshop_user
--

SELECT pg_catalog.setval('public.products_review_id_seq', 1, false);


--
-- Name: products_tag_id_seq; Type: SEQUENCE SET; Schema: public; Owner: pavshop_user
--

SELECT pg_catalog.setval('public.products_tag_id_seq', 1, false);


--
-- Name: shopping_cart_billing_address_id_seq; Type: SEQUENCE SET; Schema: public; Owner: pavshop_user
--

SELECT pg_catalog.setval('public.shopping_cart_billing_address_id_seq', 1, false);


--
-- Name: shopping_cart_customer_id_seq; Type: SEQUENCE SET; Schema: public; Owner: pavshop_user
--

SELECT pg_catalog.setval('public.shopping_cart_customer_id_seq', 1, false);


--
-- Name: shopping_cart_order_id_seq; Type: SEQUENCE SET; Schema: public; Owner: pavshop_user
--

SELECT pg_catalog.setval('public.shopping_cart_order_id_seq', 1, false);


--
-- Name: shopping_cart_orderitem_id_seq; Type: SEQUENCE SET; Schema: public; Owner: pavshop_user
--

SELECT pg_catalog.setval('public.shopping_cart_orderitem_id_seq', 1, false);


--
-- Name: shopping_cart_shipping_address_id_seq; Type: SEQUENCE SET; Schema: public; Owner: pavshop_user
--

SELECT pg_catalog.setval('public.shopping_cart_shipping_address_id_seq', 1, false);


--
-- Name: social_auth_association_id_seq; Type: SEQUENCE SET; Schema: public; Owner: pavshop_user
--

SELECT pg_catalog.setval('public.social_auth_association_id_seq', 1, false);


--
-- Name: social_auth_code_id_seq; Type: SEQUENCE SET; Schema: public; Owner: pavshop_user
--

SELECT pg_catalog.setval('public.social_auth_code_id_seq', 1, false);


--
-- Name: social_auth_nonce_id_seq; Type: SEQUENCE SET; Schema: public; Owner: pavshop_user
--

SELECT pg_catalog.setval('public.social_auth_nonce_id_seq', 1, false);


--
-- Name: social_auth_partial_id_seq; Type: SEQUENCE SET; Schema: public; Owner: pavshop_user
--

SELECT pg_catalog.setval('public.social_auth_partial_id_seq', 1, false);


--
-- Name: social_auth_usersocialauth_id_seq; Type: SEQUENCE SET; Schema: public; Owner: pavshop_user
--

SELECT pg_catalog.setval('public.social_auth_usersocialauth_id_seq', 1, false);


--
-- Name: auth_group auth_group_name_key; Type: CONSTRAINT; Schema: public; Owner: pavshop_user
--

ALTER TABLE ONLY public.auth_group
    ADD CONSTRAINT auth_group_name_key UNIQUE (name);


--
-- Name: auth_group_permissions auth_group_permissions_group_id_permission_id_0cd325b0_uniq; Type: CONSTRAINT; Schema: public; Owner: pavshop_user
--

ALTER TABLE ONLY public.auth_group_permissions
    ADD CONSTRAINT auth_group_permissions_group_id_permission_id_0cd325b0_uniq UNIQUE (group_id, permission_id);


--
-- Name: auth_group_permissions auth_group_permissions_pkey; Type: CONSTRAINT; Schema: public; Owner: pavshop_user
--

ALTER TABLE ONLY public.auth_group_permissions
    ADD CONSTRAINT auth_group_permissions_pkey PRIMARY KEY (id);


--
-- Name: auth_group auth_group_pkey; Type: CONSTRAINT; Schema: public; Owner: pavshop_user
--

ALTER TABLE ONLY public.auth_group
    ADD CONSTRAINT auth_group_pkey PRIMARY KEY (id);


--
-- Name: auth_permission auth_permission_content_type_id_codename_01ab375a_uniq; Type: CONSTRAINT; Schema: public; Owner: pavshop_user
--

ALTER TABLE ONLY public.auth_permission
    ADD CONSTRAINT auth_permission_content_type_id_codename_01ab375a_uniq UNIQUE (content_type_id, codename);


--
-- Name: auth_permission auth_permission_pkey; Type: CONSTRAINT; Schema: public; Owner: pavshop_user
--

ALTER TABLE ONLY public.auth_permission
    ADD CONSTRAINT auth_permission_pkey PRIMARY KEY (id);


--
-- Name: authentication_user_groups authentication_user_groups_pkey; Type: CONSTRAINT; Schema: public; Owner: pavshop_user
--

ALTER TABLE ONLY public.authentication_user_groups
    ADD CONSTRAINT authentication_user_groups_pkey PRIMARY KEY (id);


--
-- Name: authentication_user_groups authentication_user_groups_user_id_group_id_8af031ac_uniq; Type: CONSTRAINT; Schema: public; Owner: pavshop_user
--

ALTER TABLE ONLY public.authentication_user_groups
    ADD CONSTRAINT authentication_user_groups_user_id_group_id_8af031ac_uniq UNIQUE (user_id, group_id);


--
-- Name: authentication_user authentication_user_pkey; Type: CONSTRAINT; Schema: public; Owner: pavshop_user
--

ALTER TABLE ONLY public.authentication_user
    ADD CONSTRAINT authentication_user_pkey PRIMARY KEY (id);


--
-- Name: authentication_user_user_permissions authentication_user_user_permissions_pkey; Type: CONSTRAINT; Schema: public; Owner: pavshop_user
--

ALTER TABLE ONLY public.authentication_user_user_permissions
    ADD CONSTRAINT authentication_user_user_permissions_pkey PRIMARY KEY (id);


--
-- Name: authentication_user_user_permissions authentication_user_user_user_id_permission_id_ec51b09f_uniq; Type: CONSTRAINT; Schema: public; Owner: pavshop_user
--

ALTER TABLE ONLY public.authentication_user_user_permissions
    ADD CONSTRAINT authentication_user_user_user_id_permission_id_ec51b09f_uniq UNIQUE (user_id, permission_id);


--
-- Name: authentication_user authentication_user_username_key; Type: CONSTRAINT; Schema: public; Owner: pavshop_user
--

ALTER TABLE ONLY public.authentication_user
    ADD CONSTRAINT authentication_user_username_key UNIQUE (username);


--
-- Name: base_blockedips base_blockedips_pkey; Type: CONSTRAINT; Schema: public; Owner: pavshop_user
--

ALTER TABLE ONLY public.base_blockedips
    ADD CONSTRAINT base_blockedips_pkey PRIMARY KEY (id);


--
-- Name: base_contact base_contact_pkey; Type: CONSTRAINT; Schema: public; Owner: pavshop_user
--

ALTER TABLE ONLY public.base_contact
    ADD CONSTRAINT base_contact_pkey PRIMARY KEY (id);


--
-- Name: base_newsletter base_newsletter_email_38d5d5fc_uniq; Type: CONSTRAINT; Schema: public; Owner: pavshop_user
--

ALTER TABLE ONLY public.base_newsletter
    ADD CONSTRAINT base_newsletter_email_38d5d5fc_uniq UNIQUE (email);


--
-- Name: base_newsletter base_newsletter_pkey; Type: CONSTRAINT; Schema: public; Owner: pavshop_user
--

ALTER TABLE ONLY public.base_newsletter
    ADD CONSTRAINT base_newsletter_pkey PRIMARY KEY (id);


--
-- Name: base_sponsor base_sponsor_pkey; Type: CONSTRAINT; Schema: public; Owner: pavshop_user
--

ALTER TABLE ONLY public.base_sponsor
    ADD CONSTRAINT base_sponsor_pkey PRIMARY KEY (id);


--
-- Name: base_team base_team_pkey; Type: CONSTRAINT; Schema: public; Owner: pavshop_user
--

ALTER TABLE ONLY public.base_team
    ADD CONSTRAINT base_team_pkey PRIMARY KEY (id);


--
-- Name: blogs_category blogs_category_pkey; Type: CONSTRAINT; Schema: public; Owner: pavshop_user
--

ALTER TABLE ONLY public.blogs_category
    ADD CONSTRAINT blogs_category_pkey PRIMARY KEY (id);


--
-- Name: blogs_comment blogs_comment_pkey; Type: CONSTRAINT; Schema: public; Owner: pavshop_user
--

ALTER TABLE ONLY public.blogs_comment
    ADD CONSTRAINT blogs_comment_pkey PRIMARY KEY (id);


--
-- Name: blogs_story blogs_story_pkey; Type: CONSTRAINT; Schema: public; Owner: pavshop_user
--

ALTER TABLE ONLY public.blogs_story
    ADD CONSTRAINT blogs_story_pkey PRIMARY KEY (id);


--
-- Name: blogs_story_tag blogs_story_tag_pkey; Type: CONSTRAINT; Schema: public; Owner: pavshop_user
--

ALTER TABLE ONLY public.blogs_story_tag
    ADD CONSTRAINT blogs_story_tag_pkey PRIMARY KEY (id);


--
-- Name: blogs_story_tag blogs_story_tag_story_id_tag_id_45c1bea0_uniq; Type: CONSTRAINT; Schema: public; Owner: pavshop_user
--

ALTER TABLE ONLY public.blogs_story_tag
    ADD CONSTRAINT blogs_story_tag_story_id_tag_id_45c1bea0_uniq UNIQUE (story_id, tag_id);


--
-- Name: blogs_tag blogs_tag_pkey; Type: CONSTRAINT; Schema: public; Owner: pavshop_user
--

ALTER TABLE ONLY public.blogs_tag
    ADD CONSTRAINT blogs_tag_pkey PRIMARY KEY (id);


--
-- Name: django_admin_log django_admin_log_pkey; Type: CONSTRAINT; Schema: public; Owner: pavshop_user
--

ALTER TABLE ONLY public.django_admin_log
    ADD CONSTRAINT django_admin_log_pkey PRIMARY KEY (id);


--
-- Name: django_celery_beat_clockedschedule django_celery_beat_clockedschedule_pkey; Type: CONSTRAINT; Schema: public; Owner: pavshop_user
--

ALTER TABLE ONLY public.django_celery_beat_clockedschedule
    ADD CONSTRAINT django_celery_beat_clockedschedule_pkey PRIMARY KEY (id);


--
-- Name: django_celery_beat_crontabschedule django_celery_beat_crontabschedule_pkey; Type: CONSTRAINT; Schema: public; Owner: pavshop_user
--

ALTER TABLE ONLY public.django_celery_beat_crontabschedule
    ADD CONSTRAINT django_celery_beat_crontabschedule_pkey PRIMARY KEY (id);


--
-- Name: django_celery_beat_intervalschedule django_celery_beat_intervalschedule_pkey; Type: CONSTRAINT; Schema: public; Owner: pavshop_user
--

ALTER TABLE ONLY public.django_celery_beat_intervalschedule
    ADD CONSTRAINT django_celery_beat_intervalschedule_pkey PRIMARY KEY (id);


--
-- Name: django_celery_beat_periodictask django_celery_beat_periodictask_name_key; Type: CONSTRAINT; Schema: public; Owner: pavshop_user
--

ALTER TABLE ONLY public.django_celery_beat_periodictask
    ADD CONSTRAINT django_celery_beat_periodictask_name_key UNIQUE (name);


--
-- Name: django_celery_beat_periodictask django_celery_beat_periodictask_pkey; Type: CONSTRAINT; Schema: public; Owner: pavshop_user
--

ALTER TABLE ONLY public.django_celery_beat_periodictask
    ADD CONSTRAINT django_celery_beat_periodictask_pkey PRIMARY KEY (id);


--
-- Name: django_celery_beat_periodictasks django_celery_beat_periodictasks_pkey; Type: CONSTRAINT; Schema: public; Owner: pavshop_user
--

ALTER TABLE ONLY public.django_celery_beat_periodictasks
    ADD CONSTRAINT django_celery_beat_periodictasks_pkey PRIMARY KEY (ident);


--
-- Name: django_celery_beat_solarschedule django_celery_beat_solar_event_latitude_longitude_ba64999a_uniq; Type: CONSTRAINT; Schema: public; Owner: pavshop_user
--

ALTER TABLE ONLY public.django_celery_beat_solarschedule
    ADD CONSTRAINT django_celery_beat_solar_event_latitude_longitude_ba64999a_uniq UNIQUE (event, latitude, longitude);


--
-- Name: django_celery_beat_solarschedule django_celery_beat_solarschedule_pkey; Type: CONSTRAINT; Schema: public; Owner: pavshop_user
--

ALTER TABLE ONLY public.django_celery_beat_solarschedule
    ADD CONSTRAINT django_celery_beat_solarschedule_pkey PRIMARY KEY (id);


--
-- Name: django_content_type django_content_type_app_label_model_76bd3d3b_uniq; Type: CONSTRAINT; Schema: public; Owner: pavshop_user
--

ALTER TABLE ONLY public.django_content_type
    ADD CONSTRAINT django_content_type_app_label_model_76bd3d3b_uniq UNIQUE (app_label, model);


--
-- Name: django_content_type django_content_type_pkey; Type: CONSTRAINT; Schema: public; Owner: pavshop_user
--

ALTER TABLE ONLY public.django_content_type
    ADD CONSTRAINT django_content_type_pkey PRIMARY KEY (id);


--
-- Name: django_migrations django_migrations_pkey; Type: CONSTRAINT; Schema: public; Owner: pavshop_user
--

ALTER TABLE ONLY public.django_migrations
    ADD CONSTRAINT django_migrations_pkey PRIMARY KEY (id);


--
-- Name: django_session django_session_pkey; Type: CONSTRAINT; Schema: public; Owner: pavshop_user
--

ALTER TABLE ONLY public.django_session
    ADD CONSTRAINT django_session_pkey PRIMARY KEY (session_key);


--
-- Name: exchange_exchangebackend exchange_exchangebackend_pkey; Type: CONSTRAINT; Schema: public; Owner: pavshop_user
--

ALTER TABLE ONLY public.exchange_exchangebackend
    ADD CONSTRAINT exchange_exchangebackend_pkey PRIMARY KEY (name);


--
-- Name: exchange_rate exchange_rate_currency_backend_id_c6037b21_uniq; Type: CONSTRAINT; Schema: public; Owner: pavshop_user
--

ALTER TABLE ONLY public.exchange_rate
    ADD CONSTRAINT exchange_rate_currency_backend_id_c6037b21_uniq UNIQUE (currency, backend_id);


--
-- Name: exchange_rate exchange_rate_pkey; Type: CONSTRAINT; Schema: public; Owner: pavshop_user
--

ALTER TABLE ONLY public.exchange_rate
    ADD CONSTRAINT exchange_rate_pkey PRIMARY KEY (id);


--
-- Name: products_brand products_brand_pkey; Type: CONSTRAINT; Schema: public; Owner: pavshop_user
--

ALTER TABLE ONLY public.products_brand
    ADD CONSTRAINT products_brand_pkey PRIMARY KEY (id);


--
-- Name: products_category products_category_pkey; Type: CONSTRAINT; Schema: public; Owner: pavshop_user
--

ALTER TABLE ONLY public.products_category
    ADD CONSTRAINT products_category_pkey PRIMARY KEY (id);


--
-- Name: products_discount products_discount_pkey; Type: CONSTRAINT; Schema: public; Owner: pavshop_user
--

ALTER TABLE ONLY public.products_discount
    ADD CONSTRAINT products_discount_pkey PRIMARY KEY (id);


--
-- Name: products_product_discount products_product_discount_pkey; Type: CONSTRAINT; Schema: public; Owner: pavshop_user
--

ALTER TABLE ONLY public.products_product_discount
    ADD CONSTRAINT products_product_discount_pkey PRIMARY KEY (id);


--
-- Name: products_product_discount products_product_discount_product_id_discount_id_44f41e9c_uniq; Type: CONSTRAINT; Schema: public; Owner: pavshop_user
--

ALTER TABLE ONLY public.products_product_discount
    ADD CONSTRAINT products_product_discount_product_id_discount_id_44f41e9c_uniq UNIQUE (product_id, discount_id);


--
-- Name: products_product products_product_pkey; Type: CONSTRAINT; Schema: public; Owner: pavshop_user
--

ALTER TABLE ONLY public.products_product
    ADD CONSTRAINT products_product_pkey PRIMARY KEY (id);


--
-- Name: products_product_property_values products_product_propert_product_id_propertyvalue_7b60da19_uniq; Type: CONSTRAINT; Schema: public; Owner: pavshop_user
--

ALTER TABLE ONLY public.products_product_property_values
    ADD CONSTRAINT products_product_propert_product_id_propertyvalue_7b60da19_uniq UNIQUE (product_id, propertyvalue_id);


--
-- Name: products_product_property_values products_product_property_values_pkey; Type: CONSTRAINT; Schema: public; Owner: pavshop_user
--

ALTER TABLE ONLY public.products_product_property_values
    ADD CONSTRAINT products_product_property_values_pkey PRIMARY KEY (id);


--
-- Name: products_product_tag products_product_tag_pkey; Type: CONSTRAINT; Schema: public; Owner: pavshop_user
--

ALTER TABLE ONLY public.products_product_tag
    ADD CONSTRAINT products_product_tag_pkey PRIMARY KEY (id);


--
-- Name: products_product_tag products_product_tag_product_id_tag_id_a36bff8d_uniq; Type: CONSTRAINT; Schema: public; Owner: pavshop_user
--

ALTER TABLE ONLY public.products_product_tag
    ADD CONSTRAINT products_product_tag_product_id_tag_id_a36bff8d_uniq UNIQUE (product_id, tag_id);


--
-- Name: products_productimages products_productimages_pkey; Type: CONSTRAINT; Schema: public; Owner: pavshop_user
--

ALTER TABLE ONLY public.products_productimages
    ADD CONSTRAINT products_productimages_pkey PRIMARY KEY (id);


--
-- Name: products_property products_property_pkey; Type: CONSTRAINT; Schema: public; Owner: pavshop_user
--

ALTER TABLE ONLY public.products_property
    ADD CONSTRAINT products_property_pkey PRIMARY KEY (id);


--
-- Name: products_propertyvalue products_propertyvalue_pkey; Type: CONSTRAINT; Schema: public; Owner: pavshop_user
--

ALTER TABLE ONLY public.products_propertyvalue
    ADD CONSTRAINT products_propertyvalue_pkey PRIMARY KEY (id);


--
-- Name: products_rating products_rating_pkey; Type: CONSTRAINT; Schema: public; Owner: pavshop_user
--

ALTER TABLE ONLY public.products_rating
    ADD CONSTRAINT products_rating_pkey PRIMARY KEY (id);


--
-- Name: products_review products_review_pkey; Type: CONSTRAINT; Schema: public; Owner: pavshop_user
--

ALTER TABLE ONLY public.products_review
    ADD CONSTRAINT products_review_pkey PRIMARY KEY (id);


--
-- Name: products_tag products_tag_pkey; Type: CONSTRAINT; Schema: public; Owner: pavshop_user
--

ALTER TABLE ONLY public.products_tag
    ADD CONSTRAINT products_tag_pkey PRIMARY KEY (id);


--
-- Name: shopping_cart_billing_address shopping_cart_billing_address_pkey; Type: CONSTRAINT; Schema: public; Owner: pavshop_user
--

ALTER TABLE ONLY public.shopping_cart_billing_address
    ADD CONSTRAINT shopping_cart_billing_address_pkey PRIMARY KEY (id);


--
-- Name: shopping_cart_customer shopping_cart_customer_pkey; Type: CONSTRAINT; Schema: public; Owner: pavshop_user
--

ALTER TABLE ONLY public.shopping_cart_customer
    ADD CONSTRAINT shopping_cart_customer_pkey PRIMARY KEY (id);


--
-- Name: shopping_cart_customer shopping_cart_customer_user_id_key; Type: CONSTRAINT; Schema: public; Owner: pavshop_user
--

ALTER TABLE ONLY public.shopping_cart_customer
    ADD CONSTRAINT shopping_cart_customer_user_id_key UNIQUE (user_id);


--
-- Name: shopping_cart_order shopping_cart_order_pkey; Type: CONSTRAINT; Schema: public; Owner: pavshop_user
--

ALTER TABLE ONLY public.shopping_cart_order
    ADD CONSTRAINT shopping_cart_order_pkey PRIMARY KEY (id);


--
-- Name: shopping_cart_orderitem shopping_cart_orderitem_pkey; Type: CONSTRAINT; Schema: public; Owner: pavshop_user
--

ALTER TABLE ONLY public.shopping_cart_orderitem
    ADD CONSTRAINT shopping_cart_orderitem_pkey PRIMARY KEY (id);


--
-- Name: shopping_cart_shipping_address shopping_cart_shipping_address_pkey; Type: CONSTRAINT; Schema: public; Owner: pavshop_user
--

ALTER TABLE ONLY public.shopping_cart_shipping_address
    ADD CONSTRAINT shopping_cart_shipping_address_pkey PRIMARY KEY (id);


--
-- Name: social_auth_association social_auth_association_pkey; Type: CONSTRAINT; Schema: public; Owner: pavshop_user
--

ALTER TABLE ONLY public.social_auth_association
    ADD CONSTRAINT social_auth_association_pkey PRIMARY KEY (id);


--
-- Name: social_auth_association social_auth_association_server_url_handle_078befa2_uniq; Type: CONSTRAINT; Schema: public; Owner: pavshop_user
--

ALTER TABLE ONLY public.social_auth_association
    ADD CONSTRAINT social_auth_association_server_url_handle_078befa2_uniq UNIQUE (server_url, handle);


--
-- Name: social_auth_code social_auth_code_email_code_801b2d02_uniq; Type: CONSTRAINT; Schema: public; Owner: pavshop_user
--

ALTER TABLE ONLY public.social_auth_code
    ADD CONSTRAINT social_auth_code_email_code_801b2d02_uniq UNIQUE (email, code);


--
-- Name: social_auth_code social_auth_code_pkey; Type: CONSTRAINT; Schema: public; Owner: pavshop_user
--

ALTER TABLE ONLY public.social_auth_code
    ADD CONSTRAINT social_auth_code_pkey PRIMARY KEY (id);


--
-- Name: social_auth_nonce social_auth_nonce_pkey; Type: CONSTRAINT; Schema: public; Owner: pavshop_user
--

ALTER TABLE ONLY public.social_auth_nonce
    ADD CONSTRAINT social_auth_nonce_pkey PRIMARY KEY (id);


--
-- Name: social_auth_nonce social_auth_nonce_server_url_timestamp_salt_f6284463_uniq; Type: CONSTRAINT; Schema: public; Owner: pavshop_user
--

ALTER TABLE ONLY public.social_auth_nonce
    ADD CONSTRAINT social_auth_nonce_server_url_timestamp_salt_f6284463_uniq UNIQUE (server_url, "timestamp", salt);


--
-- Name: social_auth_partial social_auth_partial_pkey; Type: CONSTRAINT; Schema: public; Owner: pavshop_user
--

ALTER TABLE ONLY public.social_auth_partial
    ADD CONSTRAINT social_auth_partial_pkey PRIMARY KEY (id);


--
-- Name: social_auth_usersocialauth social_auth_usersocialauth_pkey; Type: CONSTRAINT; Schema: public; Owner: pavshop_user
--

ALTER TABLE ONLY public.social_auth_usersocialauth
    ADD CONSTRAINT social_auth_usersocialauth_pkey PRIMARY KEY (id);


--
-- Name: social_auth_usersocialauth social_auth_usersocialauth_provider_uid_e6b5e668_uniq; Type: CONSTRAINT; Schema: public; Owner: pavshop_user
--

ALTER TABLE ONLY public.social_auth_usersocialauth
    ADD CONSTRAINT social_auth_usersocialauth_provider_uid_e6b5e668_uniq UNIQUE (provider, uid);


--
-- Name: auth_group_name_a6ea08ec_like; Type: INDEX; Schema: public; Owner: pavshop_user
--

CREATE INDEX auth_group_name_a6ea08ec_like ON public.auth_group USING btree (name varchar_pattern_ops);


--
-- Name: auth_group_permissions_group_id_b120cbf9; Type: INDEX; Schema: public; Owner: pavshop_user
--

CREATE INDEX auth_group_permissions_group_id_b120cbf9 ON public.auth_group_permissions USING btree (group_id);


--
-- Name: auth_group_permissions_permission_id_84c5c92e; Type: INDEX; Schema: public; Owner: pavshop_user
--

CREATE INDEX auth_group_permissions_permission_id_84c5c92e ON public.auth_group_permissions USING btree (permission_id);


--
-- Name: auth_permission_content_type_id_2f476e4b; Type: INDEX; Schema: public; Owner: pavshop_user
--

CREATE INDEX auth_permission_content_type_id_2f476e4b ON public.auth_permission USING btree (content_type_id);


--
-- Name: authentication_user_groups_group_id_6b5c44b7; Type: INDEX; Schema: public; Owner: pavshop_user
--

CREATE INDEX authentication_user_groups_group_id_6b5c44b7 ON public.authentication_user_groups USING btree (group_id);


--
-- Name: authentication_user_groups_user_id_30868577; Type: INDEX; Schema: public; Owner: pavshop_user
--

CREATE INDEX authentication_user_groups_user_id_30868577 ON public.authentication_user_groups USING btree (user_id);


--
-- Name: authentication_user_user_permissions_permission_id_ea6be19a; Type: INDEX; Schema: public; Owner: pavshop_user
--

CREATE INDEX authentication_user_user_permissions_permission_id_ea6be19a ON public.authentication_user_user_permissions USING btree (permission_id);


--
-- Name: authentication_user_user_permissions_user_id_736ebf7e; Type: INDEX; Schema: public; Owner: pavshop_user
--

CREATE INDEX authentication_user_user_permissions_user_id_736ebf7e ON public.authentication_user_user_permissions USING btree (user_id);


--
-- Name: authentication_user_username_a09a089e_like; Type: INDEX; Schema: public; Owner: pavshop_user
--

CREATE INDEX authentication_user_username_a09a089e_like ON public.authentication_user USING btree (username varchar_pattern_ops);


--
-- Name: base_newsletter_email_38d5d5fc_like; Type: INDEX; Schema: public; Owner: pavshop_user
--

CREATE INDEX base_newsletter_email_38d5d5fc_like ON public.base_newsletter USING btree (email varchar_pattern_ops);


--
-- Name: blogs_category_slug_daea88ea; Type: INDEX; Schema: public; Owner: pavshop_user
--

CREATE INDEX blogs_category_slug_daea88ea ON public.blogs_category USING btree (slug);


--
-- Name: blogs_category_slug_daea88ea_like; Type: INDEX; Schema: public; Owner: pavshop_user
--

CREATE INDEX blogs_category_slug_daea88ea_like ON public.blogs_category USING btree (slug varchar_pattern_ops);


--
-- Name: blogs_comment_author_id_cf100e65; Type: INDEX; Schema: public; Owner: pavshop_user
--

CREATE INDEX blogs_comment_author_id_cf100e65 ON public.blogs_comment USING btree (author_id);


--
-- Name: blogs_comment_parent_id_b9fe3052; Type: INDEX; Schema: public; Owner: pavshop_user
--

CREATE INDEX blogs_comment_parent_id_b9fe3052 ON public.blogs_comment USING btree (parent_id);


--
-- Name: blogs_comment_story_id_b4baeeeb; Type: INDEX; Schema: public; Owner: pavshop_user
--

CREATE INDEX blogs_comment_story_id_b4baeeeb ON public.blogs_comment USING btree (story_id);


--
-- Name: blogs_story_author_id_3e982e5b; Type: INDEX; Schema: public; Owner: pavshop_user
--

CREATE INDEX blogs_story_author_id_3e982e5b ON public.blogs_story USING btree (author_id);


--
-- Name: blogs_story_category_id_089405a6; Type: INDEX; Schema: public; Owner: pavshop_user
--

CREATE INDEX blogs_story_category_id_089405a6 ON public.blogs_story USING btree (category_id);


--
-- Name: blogs_story_slug_f9eee1df; Type: INDEX; Schema: public; Owner: pavshop_user
--

CREATE INDEX blogs_story_slug_f9eee1df ON public.blogs_story USING btree (slug);


--
-- Name: blogs_story_slug_f9eee1df_like; Type: INDEX; Schema: public; Owner: pavshop_user
--

CREATE INDEX blogs_story_slug_f9eee1df_like ON public.blogs_story USING btree (slug varchar_pattern_ops);


--
-- Name: blogs_story_tag_story_id_3d7b1fcb; Type: INDEX; Schema: public; Owner: pavshop_user
--

CREATE INDEX blogs_story_tag_story_id_3d7b1fcb ON public.blogs_story_tag USING btree (story_id);


--
-- Name: blogs_story_tag_tag_id_60a38862; Type: INDEX; Schema: public; Owner: pavshop_user
--

CREATE INDEX blogs_story_tag_tag_id_60a38862 ON public.blogs_story_tag USING btree (tag_id);


--
-- Name: blogs_tag_slug_8d1308d9; Type: INDEX; Schema: public; Owner: pavshop_user
--

CREATE INDEX blogs_tag_slug_8d1308d9 ON public.blogs_tag USING btree (slug);


--
-- Name: blogs_tag_slug_8d1308d9_like; Type: INDEX; Schema: public; Owner: pavshop_user
--

CREATE INDEX blogs_tag_slug_8d1308d9_like ON public.blogs_tag USING btree (slug varchar_pattern_ops);


--
-- Name: django_admin_log_content_type_id_c4bce8eb; Type: INDEX; Schema: public; Owner: pavshop_user
--

CREATE INDEX django_admin_log_content_type_id_c4bce8eb ON public.django_admin_log USING btree (content_type_id);


--
-- Name: django_admin_log_user_id_c564eba6; Type: INDEX; Schema: public; Owner: pavshop_user
--

CREATE INDEX django_admin_log_user_id_c564eba6 ON public.django_admin_log USING btree (user_id);


--
-- Name: django_celery_beat_periodictask_clocked_id_47a69f82; Type: INDEX; Schema: public; Owner: pavshop_user
--

CREATE INDEX django_celery_beat_periodictask_clocked_id_47a69f82 ON public.django_celery_beat_periodictask USING btree (clocked_id);


--
-- Name: django_celery_beat_periodictask_crontab_id_d3cba168; Type: INDEX; Schema: public; Owner: pavshop_user
--

CREATE INDEX django_celery_beat_periodictask_crontab_id_d3cba168 ON public.django_celery_beat_periodictask USING btree (crontab_id);


--
-- Name: django_celery_beat_periodictask_interval_id_a8ca27da; Type: INDEX; Schema: public; Owner: pavshop_user
--

CREATE INDEX django_celery_beat_periodictask_interval_id_a8ca27da ON public.django_celery_beat_periodictask USING btree (interval_id);


--
-- Name: django_celery_beat_periodictask_name_265a36b7_like; Type: INDEX; Schema: public; Owner: pavshop_user
--

CREATE INDEX django_celery_beat_periodictask_name_265a36b7_like ON public.django_celery_beat_periodictask USING btree (name varchar_pattern_ops);


--
-- Name: django_celery_beat_periodictask_solar_id_a87ce72c; Type: INDEX; Schema: public; Owner: pavshop_user
--

CREATE INDEX django_celery_beat_periodictask_solar_id_a87ce72c ON public.django_celery_beat_periodictask USING btree (solar_id);


--
-- Name: django_session_expire_date_a5c62663; Type: INDEX; Schema: public; Owner: pavshop_user
--

CREATE INDEX django_session_expire_date_a5c62663 ON public.django_session USING btree (expire_date);


--
-- Name: django_session_session_key_c0390e0f_like; Type: INDEX; Schema: public; Owner: pavshop_user
--

CREATE INDEX django_session_session_key_c0390e0f_like ON public.django_session USING btree (session_key varchar_pattern_ops);


--
-- Name: exchange_exchangebackend_name_8f97aa6b_like; Type: INDEX; Schema: public; Owner: pavshop_user
--

CREATE INDEX exchange_exchangebackend_name_8f97aa6b_like ON public.exchange_exchangebackend USING btree (name varchar_pattern_ops);


--
-- Name: exchange_rate_backend_id_d57e3a62; Type: INDEX; Schema: public; Owner: pavshop_user
--

CREATE INDEX exchange_rate_backend_id_d57e3a62 ON public.exchange_rate USING btree (backend_id);


--
-- Name: exchange_rate_backend_id_d57e3a62_like; Type: INDEX; Schema: public; Owner: pavshop_user
--

CREATE INDEX exchange_rate_backend_id_d57e3a62_like ON public.exchange_rate USING btree (backend_id varchar_pattern_ops);


--
-- Name: products_brand_slug_925fd11b; Type: INDEX; Schema: public; Owner: pavshop_user
--

CREATE INDEX products_brand_slug_925fd11b ON public.products_brand USING btree (slug);


--
-- Name: products_brand_slug_925fd11b_like; Type: INDEX; Schema: public; Owner: pavshop_user
--

CREATE INDEX products_brand_slug_925fd11b_like ON public.products_brand USING btree (slug varchar_pattern_ops);


--
-- Name: products_category_slug_c558efae; Type: INDEX; Schema: public; Owner: pavshop_user
--

CREATE INDEX products_category_slug_c558efae ON public.products_category USING btree (slug);


--
-- Name: products_category_slug_c558efae_like; Type: INDEX; Schema: public; Owner: pavshop_user
--

CREATE INDEX products_category_slug_c558efae_like ON public.products_category USING btree (slug varchar_pattern_ops);


--
-- Name: products_product_brand_id_3e2e8fd1; Type: INDEX; Schema: public; Owner: pavshop_user
--

CREATE INDEX products_product_brand_id_3e2e8fd1 ON public.products_product USING btree (brand_id);


--
-- Name: products_product_category_id_9b594869; Type: INDEX; Schema: public; Owner: pavshop_user
--

CREATE INDEX products_product_category_id_9b594869 ON public.products_product USING btree (category_id);


--
-- Name: products_product_discount_discount_id_b5e9ae34; Type: INDEX; Schema: public; Owner: pavshop_user
--

CREATE INDEX products_product_discount_discount_id_b5e9ae34 ON public.products_product_discount USING btree (discount_id);


--
-- Name: products_product_discount_product_id_3ed26e85; Type: INDEX; Schema: public; Owner: pavshop_user
--

CREATE INDEX products_product_discount_product_id_3ed26e85 ON public.products_product_discount USING btree (product_id);


--
-- Name: products_product_property_values_product_id_f6a7f903; Type: INDEX; Schema: public; Owner: pavshop_user
--

CREATE INDEX products_product_property_values_product_id_f6a7f903 ON public.products_product_property_values USING btree (product_id);


--
-- Name: products_product_property_values_propertyvalue_id_2a0d3372; Type: INDEX; Schema: public; Owner: pavshop_user
--

CREATE INDEX products_product_property_values_propertyvalue_id_2a0d3372 ON public.products_product_property_values USING btree (propertyvalue_id);


--
-- Name: products_product_slug_70d3148d; Type: INDEX; Schema: public; Owner: pavshop_user
--

CREATE INDEX products_product_slug_70d3148d ON public.products_product USING btree (slug);


--
-- Name: products_product_slug_70d3148d_like; Type: INDEX; Schema: public; Owner: pavshop_user
--

CREATE INDEX products_product_slug_70d3148d_like ON public.products_product USING btree (slug varchar_pattern_ops);


--
-- Name: products_product_tag_product_id_df3b2f29; Type: INDEX; Schema: public; Owner: pavshop_user
--

CREATE INDEX products_product_tag_product_id_df3b2f29 ON public.products_product_tag USING btree (product_id);


--
-- Name: products_product_tag_tag_id_d99e66b5; Type: INDEX; Schema: public; Owner: pavshop_user
--

CREATE INDEX products_product_tag_tag_id_d99e66b5 ON public.products_product_tag USING btree (tag_id);


--
-- Name: products_productimages_product_id_24647d74; Type: INDEX; Schema: public; Owner: pavshop_user
--

CREATE INDEX products_productimages_product_id_24647d74 ON public.products_productimages USING btree (product_id);


--
-- Name: products_propertyvalue_property_id_2633dac9; Type: INDEX; Schema: public; Owner: pavshop_user
--

CREATE INDEX products_propertyvalue_property_id_2633dac9 ON public.products_propertyvalue USING btree (property_id);


--
-- Name: products_review_author_id_cca533e8; Type: INDEX; Schema: public; Owner: pavshop_user
--

CREATE INDEX products_review_author_id_cca533e8 ON public.products_review USING btree (author_id);


--
-- Name: products_review_product_id_d933ffa7; Type: INDEX; Schema: public; Owner: pavshop_user
--

CREATE INDEX products_review_product_id_d933ffa7 ON public.products_review USING btree (product_id);


--
-- Name: products_tag_slug_5def095b; Type: INDEX; Schema: public; Owner: pavshop_user
--

CREATE INDEX products_tag_slug_5def095b ON public.products_tag USING btree (slug);


--
-- Name: products_tag_slug_5def095b_like; Type: INDEX; Schema: public; Owner: pavshop_user
--

CREATE INDEX products_tag_slug_5def095b_like ON public.products_tag USING btree (slug varchar_pattern_ops);


--
-- Name: shopping_cart_billing_address_shipping_address_id_b2373fa9; Type: INDEX; Schema: public; Owner: pavshop_user
--

CREATE INDEX shopping_cart_billing_address_shipping_address_id_b2373fa9 ON public.shopping_cart_billing_address USING btree (shipping_address_id);


--
-- Name: shopping_cart_billing_address_user_id_3e359955; Type: INDEX; Schema: public; Owner: pavshop_user
--

CREATE INDEX shopping_cart_billing_address_user_id_3e359955 ON public.shopping_cart_billing_address USING btree (user_id);


--
-- Name: shopping_cart_order_customer_id_1a7d15e4; Type: INDEX; Schema: public; Owner: pavshop_user
--

CREATE INDEX shopping_cart_order_customer_id_1a7d15e4 ON public.shopping_cart_order USING btree (customer_id);


--
-- Name: shopping_cart_orderitem_order_id_24beb63e; Type: INDEX; Schema: public; Owner: pavshop_user
--

CREATE INDEX shopping_cart_orderitem_order_id_24beb63e ON public.shopping_cart_orderitem USING btree (order_id);


--
-- Name: shopping_cart_orderitem_product_id_db898c30; Type: INDEX; Schema: public; Owner: pavshop_user
--

CREATE INDEX shopping_cart_orderitem_product_id_db898c30 ON public.shopping_cart_orderitem USING btree (product_id);


--
-- Name: shopping_cart_shipping_address_user_id_e233add1; Type: INDEX; Schema: public; Owner: pavshop_user
--

CREATE INDEX shopping_cart_shipping_address_user_id_e233add1 ON public.shopping_cart_shipping_address USING btree (user_id);


--
-- Name: social_auth_code_code_a2393167; Type: INDEX; Schema: public; Owner: pavshop_user
--

CREATE INDEX social_auth_code_code_a2393167 ON public.social_auth_code USING btree (code);


--
-- Name: social_auth_code_code_a2393167_like; Type: INDEX; Schema: public; Owner: pavshop_user
--

CREATE INDEX social_auth_code_code_a2393167_like ON public.social_auth_code USING btree (code varchar_pattern_ops);


--
-- Name: social_auth_code_timestamp_176b341f; Type: INDEX; Schema: public; Owner: pavshop_user
--

CREATE INDEX social_auth_code_timestamp_176b341f ON public.social_auth_code USING btree ("timestamp");


--
-- Name: social_auth_partial_timestamp_50f2119f; Type: INDEX; Schema: public; Owner: pavshop_user
--

CREATE INDEX social_auth_partial_timestamp_50f2119f ON public.social_auth_partial USING btree ("timestamp");


--
-- Name: social_auth_partial_token_3017fea3; Type: INDEX; Schema: public; Owner: pavshop_user
--

CREATE INDEX social_auth_partial_token_3017fea3 ON public.social_auth_partial USING btree (token);


--
-- Name: social_auth_partial_token_3017fea3_like; Type: INDEX; Schema: public; Owner: pavshop_user
--

CREATE INDEX social_auth_partial_token_3017fea3_like ON public.social_auth_partial USING btree (token varchar_pattern_ops);


--
-- Name: social_auth_usersocialauth_uid_796e51dc; Type: INDEX; Schema: public; Owner: pavshop_user
--

CREATE INDEX social_auth_usersocialauth_uid_796e51dc ON public.social_auth_usersocialauth USING btree (uid);


--
-- Name: social_auth_usersocialauth_uid_796e51dc_like; Type: INDEX; Schema: public; Owner: pavshop_user
--

CREATE INDEX social_auth_usersocialauth_uid_796e51dc_like ON public.social_auth_usersocialauth USING btree (uid varchar_pattern_ops);


--
-- Name: social_auth_usersocialauth_user_id_17d28448; Type: INDEX; Schema: public; Owner: pavshop_user
--

CREATE INDEX social_auth_usersocialauth_user_id_17d28448 ON public.social_auth_usersocialauth USING btree (user_id);


--
-- Name: auth_group_permissions auth_group_permissio_permission_id_84c5c92e_fk_auth_perm; Type: FK CONSTRAINT; Schema: public; Owner: pavshop_user
--

ALTER TABLE ONLY public.auth_group_permissions
    ADD CONSTRAINT auth_group_permissio_permission_id_84c5c92e_fk_auth_perm FOREIGN KEY (permission_id) REFERENCES public.auth_permission(id) DEFERRABLE INITIALLY DEFERRED;


--
-- Name: auth_group_permissions auth_group_permissions_group_id_b120cbf9_fk_auth_group_id; Type: FK CONSTRAINT; Schema: public; Owner: pavshop_user
--

ALTER TABLE ONLY public.auth_group_permissions
    ADD CONSTRAINT auth_group_permissions_group_id_b120cbf9_fk_auth_group_id FOREIGN KEY (group_id) REFERENCES public.auth_group(id) DEFERRABLE INITIALLY DEFERRED;


--
-- Name: auth_permission auth_permission_content_type_id_2f476e4b_fk_django_co; Type: FK CONSTRAINT; Schema: public; Owner: pavshop_user
--

ALTER TABLE ONLY public.auth_permission
    ADD CONSTRAINT auth_permission_content_type_id_2f476e4b_fk_django_co FOREIGN KEY (content_type_id) REFERENCES public.django_content_type(id) DEFERRABLE INITIALLY DEFERRED;


--
-- Name: authentication_user_user_permissions authentication_user__permission_id_ea6be19a_fk_auth_perm; Type: FK CONSTRAINT; Schema: public; Owner: pavshop_user
--

ALTER TABLE ONLY public.authentication_user_user_permissions
    ADD CONSTRAINT authentication_user__permission_id_ea6be19a_fk_auth_perm FOREIGN KEY (permission_id) REFERENCES public.auth_permission(id) DEFERRABLE INITIALLY DEFERRED;


--
-- Name: authentication_user_groups authentication_user__user_id_30868577_fk_authentic; Type: FK CONSTRAINT; Schema: public; Owner: pavshop_user
--

ALTER TABLE ONLY public.authentication_user_groups
    ADD CONSTRAINT authentication_user__user_id_30868577_fk_authentic FOREIGN KEY (user_id) REFERENCES public.authentication_user(id) DEFERRABLE INITIALLY DEFERRED;


--
-- Name: authentication_user_user_permissions authentication_user__user_id_736ebf7e_fk_authentic; Type: FK CONSTRAINT; Schema: public; Owner: pavshop_user
--

ALTER TABLE ONLY public.authentication_user_user_permissions
    ADD CONSTRAINT authentication_user__user_id_736ebf7e_fk_authentic FOREIGN KEY (user_id) REFERENCES public.authentication_user(id) DEFERRABLE INITIALLY DEFERRED;


--
-- Name: authentication_user_groups authentication_user_groups_group_id_6b5c44b7_fk_auth_group_id; Type: FK CONSTRAINT; Schema: public; Owner: pavshop_user
--

ALTER TABLE ONLY public.authentication_user_groups
    ADD CONSTRAINT authentication_user_groups_group_id_6b5c44b7_fk_auth_group_id FOREIGN KEY (group_id) REFERENCES public.auth_group(id) DEFERRABLE INITIALLY DEFERRED;


--
-- Name: blogs_comment blogs_comment_author_id_cf100e65_fk_authentication_user_id; Type: FK CONSTRAINT; Schema: public; Owner: pavshop_user
--

ALTER TABLE ONLY public.blogs_comment
    ADD CONSTRAINT blogs_comment_author_id_cf100e65_fk_authentication_user_id FOREIGN KEY (author_id) REFERENCES public.authentication_user(id) DEFERRABLE INITIALLY DEFERRED;


--
-- Name: blogs_comment blogs_comment_parent_id_b9fe3052_fk_blogs_comment_id; Type: FK CONSTRAINT; Schema: public; Owner: pavshop_user
--

ALTER TABLE ONLY public.blogs_comment
    ADD CONSTRAINT blogs_comment_parent_id_b9fe3052_fk_blogs_comment_id FOREIGN KEY (parent_id) REFERENCES public.blogs_comment(id) DEFERRABLE INITIALLY DEFERRED;


--
-- Name: blogs_comment blogs_comment_story_id_b4baeeeb_fk_blogs_story_id; Type: FK CONSTRAINT; Schema: public; Owner: pavshop_user
--

ALTER TABLE ONLY public.blogs_comment
    ADD CONSTRAINT blogs_comment_story_id_b4baeeeb_fk_blogs_story_id FOREIGN KEY (story_id) REFERENCES public.blogs_story(id) DEFERRABLE INITIALLY DEFERRED;


--
-- Name: blogs_story blogs_story_author_id_3e982e5b_fk_authentication_user_id; Type: FK CONSTRAINT; Schema: public; Owner: pavshop_user
--

ALTER TABLE ONLY public.blogs_story
    ADD CONSTRAINT blogs_story_author_id_3e982e5b_fk_authentication_user_id FOREIGN KEY (author_id) REFERENCES public.authentication_user(id) DEFERRABLE INITIALLY DEFERRED;


--
-- Name: blogs_story blogs_story_category_id_089405a6_fk_blogs_category_id; Type: FK CONSTRAINT; Schema: public; Owner: pavshop_user
--

ALTER TABLE ONLY public.blogs_story
    ADD CONSTRAINT blogs_story_category_id_089405a6_fk_blogs_category_id FOREIGN KEY (category_id) REFERENCES public.blogs_category(id) DEFERRABLE INITIALLY DEFERRED;


--
-- Name: blogs_story_tag blogs_story_tag_story_id_3d7b1fcb_fk_blogs_story_id; Type: FK CONSTRAINT; Schema: public; Owner: pavshop_user
--

ALTER TABLE ONLY public.blogs_story_tag
    ADD CONSTRAINT blogs_story_tag_story_id_3d7b1fcb_fk_blogs_story_id FOREIGN KEY (story_id) REFERENCES public.blogs_story(id) DEFERRABLE INITIALLY DEFERRED;


--
-- Name: blogs_story_tag blogs_story_tag_tag_id_60a38862_fk_blogs_tag_id; Type: FK CONSTRAINT; Schema: public; Owner: pavshop_user
--

ALTER TABLE ONLY public.blogs_story_tag
    ADD CONSTRAINT blogs_story_tag_tag_id_60a38862_fk_blogs_tag_id FOREIGN KEY (tag_id) REFERENCES public.blogs_tag(id) DEFERRABLE INITIALLY DEFERRED;


--
-- Name: django_admin_log django_admin_log_content_type_id_c4bce8eb_fk_django_co; Type: FK CONSTRAINT; Schema: public; Owner: pavshop_user
--

ALTER TABLE ONLY public.django_admin_log
    ADD CONSTRAINT django_admin_log_content_type_id_c4bce8eb_fk_django_co FOREIGN KEY (content_type_id) REFERENCES public.django_content_type(id) DEFERRABLE INITIALLY DEFERRED;


--
-- Name: django_admin_log django_admin_log_user_id_c564eba6_fk_authentication_user_id; Type: FK CONSTRAINT; Schema: public; Owner: pavshop_user
--

ALTER TABLE ONLY public.django_admin_log
    ADD CONSTRAINT django_admin_log_user_id_c564eba6_fk_authentication_user_id FOREIGN KEY (user_id) REFERENCES public.authentication_user(id) DEFERRABLE INITIALLY DEFERRED;


--
-- Name: django_celery_beat_periodictask django_celery_beat_p_clocked_id_47a69f82_fk_django_ce; Type: FK CONSTRAINT; Schema: public; Owner: pavshop_user
--

ALTER TABLE ONLY public.django_celery_beat_periodictask
    ADD CONSTRAINT django_celery_beat_p_clocked_id_47a69f82_fk_django_ce FOREIGN KEY (clocked_id) REFERENCES public.django_celery_beat_clockedschedule(id) DEFERRABLE INITIALLY DEFERRED;


--
-- Name: django_celery_beat_periodictask django_celery_beat_p_crontab_id_d3cba168_fk_django_ce; Type: FK CONSTRAINT; Schema: public; Owner: pavshop_user
--

ALTER TABLE ONLY public.django_celery_beat_periodictask
    ADD CONSTRAINT django_celery_beat_p_crontab_id_d3cba168_fk_django_ce FOREIGN KEY (crontab_id) REFERENCES public.django_celery_beat_crontabschedule(id) DEFERRABLE INITIALLY DEFERRED;


--
-- Name: django_celery_beat_periodictask django_celery_beat_p_interval_id_a8ca27da_fk_django_ce; Type: FK CONSTRAINT; Schema: public; Owner: pavshop_user
--

ALTER TABLE ONLY public.django_celery_beat_periodictask
    ADD CONSTRAINT django_celery_beat_p_interval_id_a8ca27da_fk_django_ce FOREIGN KEY (interval_id) REFERENCES public.django_celery_beat_intervalschedule(id) DEFERRABLE INITIALLY DEFERRED;


--
-- Name: django_celery_beat_periodictask django_celery_beat_p_solar_id_a87ce72c_fk_django_ce; Type: FK CONSTRAINT; Schema: public; Owner: pavshop_user
--

ALTER TABLE ONLY public.django_celery_beat_periodictask
    ADD CONSTRAINT django_celery_beat_p_solar_id_a87ce72c_fk_django_ce FOREIGN KEY (solar_id) REFERENCES public.django_celery_beat_solarschedule(id) DEFERRABLE INITIALLY DEFERRED;


--
-- Name: exchange_rate exchange_rate_backend_id_d57e3a62_fk_exchange_; Type: FK CONSTRAINT; Schema: public; Owner: pavshop_user
--

ALTER TABLE ONLY public.exchange_rate
    ADD CONSTRAINT exchange_rate_backend_id_d57e3a62_fk_exchange_ FOREIGN KEY (backend_id) REFERENCES public.exchange_exchangebackend(name) DEFERRABLE INITIALLY DEFERRED;


--
-- Name: products_product products_product_brand_id_3e2e8fd1_fk_products_brand_id; Type: FK CONSTRAINT; Schema: public; Owner: pavshop_user
--

ALTER TABLE ONLY public.products_product
    ADD CONSTRAINT products_product_brand_id_3e2e8fd1_fk_products_brand_id FOREIGN KEY (brand_id) REFERENCES public.products_brand(id) DEFERRABLE INITIALLY DEFERRED;


--
-- Name: products_product products_product_category_id_9b594869_fk_products_category_id; Type: FK CONSTRAINT; Schema: public; Owner: pavshop_user
--

ALTER TABLE ONLY public.products_product
    ADD CONSTRAINT products_product_category_id_9b594869_fk_products_category_id FOREIGN KEY (category_id) REFERENCES public.products_category(id) DEFERRABLE INITIALLY DEFERRED;


--
-- Name: products_product_discount products_product_dis_discount_id_b5e9ae34_fk_products_; Type: FK CONSTRAINT; Schema: public; Owner: pavshop_user
--

ALTER TABLE ONLY public.products_product_discount
    ADD CONSTRAINT products_product_dis_discount_id_b5e9ae34_fk_products_ FOREIGN KEY (discount_id) REFERENCES public.products_discount(id) DEFERRABLE INITIALLY DEFERRED;


--
-- Name: products_product_discount products_product_dis_product_id_3ed26e85_fk_products_; Type: FK CONSTRAINT; Schema: public; Owner: pavshop_user
--

ALTER TABLE ONLY public.products_product_discount
    ADD CONSTRAINT products_product_dis_product_id_3ed26e85_fk_products_ FOREIGN KEY (product_id) REFERENCES public.products_product(id) DEFERRABLE INITIALLY DEFERRED;


--
-- Name: products_product_property_values products_product_pro_product_id_f6a7f903_fk_products_; Type: FK CONSTRAINT; Schema: public; Owner: pavshop_user
--

ALTER TABLE ONLY public.products_product_property_values
    ADD CONSTRAINT products_product_pro_product_id_f6a7f903_fk_products_ FOREIGN KEY (product_id) REFERENCES public.products_product(id) DEFERRABLE INITIALLY DEFERRED;


--
-- Name: products_product_property_values products_product_pro_propertyvalue_id_2a0d3372_fk_products_; Type: FK CONSTRAINT; Schema: public; Owner: pavshop_user
--

ALTER TABLE ONLY public.products_product_property_values
    ADD CONSTRAINT products_product_pro_propertyvalue_id_2a0d3372_fk_products_ FOREIGN KEY (propertyvalue_id) REFERENCES public.products_propertyvalue(id) DEFERRABLE INITIALLY DEFERRED;


--
-- Name: products_product_tag products_product_tag_product_id_df3b2f29_fk_products_product_id; Type: FK CONSTRAINT; Schema: public; Owner: pavshop_user
--

ALTER TABLE ONLY public.products_product_tag
    ADD CONSTRAINT products_product_tag_product_id_df3b2f29_fk_products_product_id FOREIGN KEY (product_id) REFERENCES public.products_product(id) DEFERRABLE INITIALLY DEFERRED;


--
-- Name: products_product_tag products_product_tag_tag_id_d99e66b5_fk_products_tag_id; Type: FK CONSTRAINT; Schema: public; Owner: pavshop_user
--

ALTER TABLE ONLY public.products_product_tag
    ADD CONSTRAINT products_product_tag_tag_id_d99e66b5_fk_products_tag_id FOREIGN KEY (tag_id) REFERENCES public.products_tag(id) DEFERRABLE INITIALLY DEFERRED;


--
-- Name: products_productimages products_productimag_product_id_24647d74_fk_products_; Type: FK CONSTRAINT; Schema: public; Owner: pavshop_user
--

ALTER TABLE ONLY public.products_productimages
    ADD CONSTRAINT products_productimag_product_id_24647d74_fk_products_ FOREIGN KEY (product_id) REFERENCES public.products_product(id) DEFERRABLE INITIALLY DEFERRED;


--
-- Name: products_propertyvalue products_propertyval_property_id_2633dac9_fk_products_; Type: FK CONSTRAINT; Schema: public; Owner: pavshop_user
--

ALTER TABLE ONLY public.products_propertyvalue
    ADD CONSTRAINT products_propertyval_property_id_2633dac9_fk_products_ FOREIGN KEY (property_id) REFERENCES public.products_property(id) DEFERRABLE INITIALLY DEFERRED;


--
-- Name: products_review products_review_author_id_cca533e8_fk_authentication_user_id; Type: FK CONSTRAINT; Schema: public; Owner: pavshop_user
--

ALTER TABLE ONLY public.products_review
    ADD CONSTRAINT products_review_author_id_cca533e8_fk_authentication_user_id FOREIGN KEY (author_id) REFERENCES public.authentication_user(id) DEFERRABLE INITIALLY DEFERRED;


--
-- Name: products_review products_review_product_id_d933ffa7_fk_products_product_id; Type: FK CONSTRAINT; Schema: public; Owner: pavshop_user
--

ALTER TABLE ONLY public.products_review
    ADD CONSTRAINT products_review_product_id_d933ffa7_fk_products_product_id FOREIGN KEY (product_id) REFERENCES public.products_product(id) DEFERRABLE INITIALLY DEFERRED;


--
-- Name: shopping_cart_billing_address shopping_cart_billin_shipping_address_id_b2373fa9_fk_shopping_; Type: FK CONSTRAINT; Schema: public; Owner: pavshop_user
--

ALTER TABLE ONLY public.shopping_cart_billing_address
    ADD CONSTRAINT shopping_cart_billin_shipping_address_id_b2373fa9_fk_shopping_ FOREIGN KEY (shipping_address_id) REFERENCES public.shopping_cart_shipping_address(id) DEFERRABLE INITIALLY DEFERRED;


--
-- Name: shopping_cart_billing_address shopping_cart_billin_user_id_3e359955_fk_authentic; Type: FK CONSTRAINT; Schema: public; Owner: pavshop_user
--

ALTER TABLE ONLY public.shopping_cart_billing_address
    ADD CONSTRAINT shopping_cart_billin_user_id_3e359955_fk_authentic FOREIGN KEY (user_id) REFERENCES public.authentication_user(id) DEFERRABLE INITIALLY DEFERRED;


--
-- Name: shopping_cart_customer shopping_cart_custom_user_id_bd791f2c_fk_authentic; Type: FK CONSTRAINT; Schema: public; Owner: pavshop_user
--

ALTER TABLE ONLY public.shopping_cart_customer
    ADD CONSTRAINT shopping_cart_custom_user_id_bd791f2c_fk_authentic FOREIGN KEY (user_id) REFERENCES public.authentication_user(id) DEFERRABLE INITIALLY DEFERRED;


--
-- Name: shopping_cart_order shopping_cart_order_customer_id_1a7d15e4_fk_shopping_; Type: FK CONSTRAINT; Schema: public; Owner: pavshop_user
--

ALTER TABLE ONLY public.shopping_cart_order
    ADD CONSTRAINT shopping_cart_order_customer_id_1a7d15e4_fk_shopping_ FOREIGN KEY (customer_id) REFERENCES public.shopping_cart_customer(id) DEFERRABLE INITIALLY DEFERRED;


--
-- Name: shopping_cart_orderitem shopping_cart_orderi_order_id_24beb63e_fk_shopping_; Type: FK CONSTRAINT; Schema: public; Owner: pavshop_user
--

ALTER TABLE ONLY public.shopping_cart_orderitem
    ADD CONSTRAINT shopping_cart_orderi_order_id_24beb63e_fk_shopping_ FOREIGN KEY (order_id) REFERENCES public.shopping_cart_order(id) DEFERRABLE INITIALLY DEFERRED;


--
-- Name: shopping_cart_orderitem shopping_cart_orderi_product_id_db898c30_fk_products_; Type: FK CONSTRAINT; Schema: public; Owner: pavshop_user
--

ALTER TABLE ONLY public.shopping_cart_orderitem
    ADD CONSTRAINT shopping_cart_orderi_product_id_db898c30_fk_products_ FOREIGN KEY (product_id) REFERENCES public.products_product(id) DEFERRABLE INITIALLY DEFERRED;


--
-- Name: shopping_cart_shipping_address shopping_cart_shippi_user_id_e233add1_fk_authentic; Type: FK CONSTRAINT; Schema: public; Owner: pavshop_user
--

ALTER TABLE ONLY public.shopping_cart_shipping_address
    ADD CONSTRAINT shopping_cart_shippi_user_id_e233add1_fk_authentic FOREIGN KEY (user_id) REFERENCES public.authentication_user(id) DEFERRABLE INITIALLY DEFERRED;


--
-- Name: social_auth_usersocialauth social_auth_usersoci_user_id_17d28448_fk_authentic; Type: FK CONSTRAINT; Schema: public; Owner: pavshop_user
--

ALTER TABLE ONLY public.social_auth_usersocialauth
    ADD CONSTRAINT social_auth_usersoci_user_id_17d28448_fk_authentic FOREIGN KEY (user_id) REFERENCES public.authentication_user(id) DEFERRABLE INITIALLY DEFERRED;


--
-- PostgreSQL database dump complete
--

